version 2
JvmtiExport can_access_local_variables 0
JvmtiExport can_hotswap_or_post_breakpoint 0
JvmtiExport can_post_on_exceptions 0
# 680 ciObject found
instanceKlass com/sun/javafx/tk/quantum/PresentingPainter
ciInstanceKlass java/lang/Cloneable 1 0 7 100 1 100 1 1 1
instanceKlass  @bci com/sun/javafx/tk/quantum/GlassViewEventHandler lambda$handleScrollEvent$6 (Lcom/sun/glass/ui/View;DDDDIIIIIIIII)Ljava/lang/Void; 27 <appendix> member <vmtarget> ; # com/sun/javafx/tk/quantum/GlassViewEventHandler$$Lambda+0x000002181d2d3858
instanceKlass  @bci com/sun/javafx/tk/quantum/GlassViewEventHandler handleScrollEvent (Lcom/sun/glass/ui/View;JIIIIDDIIIIIDD)V 60 <adapter> ; # java/lang/invoke/LambdaForm$MH+0x000002181d2d9000
# instanceKlass java/lang/invoke/LambdaForm$DMH+0x000002181d2d8c00
instanceKlass  @bci com/sun/javafx/tk/quantum/GlassViewEventHandler handleScrollEvent (Lcom/sun/glass/ui/View;JIIIIDDIIIIIDD)V 60 <appendix> form vmentry <vmtarget> ; # java/lang/invoke/LambdaForm$DMH+0x000002181d2d8800
instanceKlass  @bci com/sun/javafx/tk/quantum/GlassViewEventHandler handleScrollEvent (Lcom/sun/glass/ui/View;JIIIIDDIIIIIDD)V 60 <appendix> member <vmtarget> ; # com/sun/javafx/tk/quantum/GlassViewEventHandler$$Lambda+0x000002181d2d3640
instanceKlass  @cpi com/sun/javafx/tk/quantum/GlassViewEventHandler 851 form vmentry <vmtarget> ; # java/lang/invoke/LambdaForm$DMH+0x000002181d2d8400
instanceKlass jdk/internal/icu/util/VersionInfo
instanceKlass jdk/internal/icu/impl/UCharacterProperty$IsAcceptable
instanceKlass jdk/internal/icu/impl/UCharacterProperty$IntProperty
instanceKlass jdk/internal/icu/impl/UCharacterProperty
instanceKlass jdk/internal/icu/lang/UCharacter
instanceKlass java/util/DualPivotQuicksort
instanceKlass jdk/internal/icu/text/BidiBase$LevState
instanceKlass jdk/internal/icu/text/BidiBase$IsoRun
instanceKlass jdk/internal/icu/text/BidiBase$Opening
instanceKlass jdk/internal/icu/text/BidiBase$BracketData
# instanceKlass java/lang/invoke/LambdaForm$MH+0x000002181d2d8000
instanceKlass com/sun/prism/shader/FillPgram_LinearGradient_PAD_Loader
instanceKlass java/lang/FdLibm$Atan2
instanceKlass com/sun/prism/shader/Texture_LinearGradient_PAD_Loader
instanceKlass com/sun/prism/impl/ps/PaintHelper
instanceKlass com/sun/prism/paint/Stop
instanceKlass com/sun/glass/ui/win/WinSystemClipboard$MimeTypeParser
instanceKlass javafx/scene/input/DataFormat
instanceKlass java/io/ObjectOutput
instanceKlass java/io/ObjectInput
instanceKlass com/sun/javafx/tk/quantum/QuantumClipboard
instanceKlass com/sun/javafx/tk/PermissionHelper
instanceKlass com/sun/javafx/scene/input/ClipboardHelper
instanceKlass javafx/scene/input/Clipboard$1
instanceKlass com/sun/javafx/scene/input/ClipboardHelper$ClipboardAccessor
instanceKlass  @bci cc/cmartin/system/repository/MotorAljamiaArabe convertirTexto (Ljava/lang/String;)Ljava/lang/String; 173 <appendix> argL0 ; # cc/cmartin/system/repository/MotorAljamiaArabe$$Lambda+0x000002181d2d6688
instanceKlass  @bci cc/cmartin/system/repository/MotorAljamiaArabe convertirTexto (Ljava/lang/String;)Ljava/lang/String; 168 <appendix> member <vmtarget> ; # cc/cmartin/system/repository/MotorAljamiaArabe$$Lambda+0x000002181d2d6450
instanceKlass com/sun/javafx/text/CharArrayIterator
instanceKlass java/text/BreakIterator$BreakIteratorCache
instanceKlass sun/text/SupplementaryCharacterData
instanceKlass sun/text/CompactByteArray
instanceKlass  @bci sun/util/resources/BreakIteratorResourceBundle getResourceAsStream (Ljava/lang/String;)Ljava/io/InputStream; 2 <appendix> member <vmtarget> ; # sun/util/resources/BreakIteratorResourceBundle$$Lambda+0x000002181d1d2520
instanceKlass sun/util/resources/Bundles$2
instanceKlass sun/util/resources/Bundles$CacheKeyReference
instanceKlass  @bci java/util/ResourceBundle$ResourceBundleProviderHelper newResourceBundle (Ljava/lang/Class;)Ljava/util/ResourceBundle; 22 <appendix> member <vmtarget> ; # java/util/ResourceBundle$ResourceBundleProviderHelper$$Lambda+0x800000012
instanceKlass sun/util/resources/LocaleData$LocaleDataResourceBundleProvider
instanceKlass java/util/spi/ResourceBundleProvider
instanceKlass sun/util/resources/Bundles$CacheKey
instanceKlass sun/util/resources/Bundles
instanceKlass sun/util/resources/LocaleData$LocaleDataStrategy
instanceKlass sun/util/resources/Bundles$Strategy
instanceKlass sun/util/resources/LocaleData$1
instanceKlass sun/util/resources/LocaleData
instanceKlass sun/util/locale/provider/LocaleResources
instanceKlass sun/util/resources/provider/NonBaseLocaleDataMetaInfo
instanceKlass  @bci sun/util/locale/provider/JRELocaleProviderAdapter createSupportedLocaleString (Ljava/lang/String;)Ljava/lang/String; 6 <appendix> member <vmtarget> ; # sun/util/locale/provider/JRELocaleProviderAdapter$$Lambda+0x000002181d1d13c8
instanceKlass sun/util/locale/provider/BaseLocaleDataMetaInfo
instanceKlass sun/util/locale/provider/AvailableLanguageTags
instanceKlass  @bci sun/util/locale/provider/JRELocaleProviderAdapter getBreakIteratorProvider ()Ljava/text/spi/BreakIteratorProvider; 8 <appendix> member <vmtarget> ; # sun/util/locale/provider/JRELocaleProviderAdapter$$Lambda+0x000002181d1d0d18
instanceKlass sun/util/resources/cldr/provider/CLDRLocaleDataMetaInfo
instanceKlass  @bci sun/util/cldr/CLDRLocaleProviderAdapter <init> ()V 4 <appendix> argL0 ; # sun/util/cldr/CLDRLocaleProviderAdapter$$Lambda+0x800000066
instanceKlass sun/util/locale/InternalLocaleBuilder$CaseInsensitiveChar
instanceKlass sun/util/locale/InternalLocaleBuilder
instanceKlass sun/util/locale/StringTokenIterator
instanceKlass sun/util/locale/ParseStatus
instanceKlass sun/util/locale/LanguageTag
instanceKlass sun/util/cldr/CLDRBaseLocaleDataMetaInfo
instanceKlass sun/util/locale/provider/LocaleDataMetaInfo
instanceKlass sun/util/locale/provider/ResourceBundleBasedAdapter
instanceKlass sun/util/locale/provider/LocaleProviderAdapter
instanceKlass java/util/spi/LocaleServiceProvider
instanceKlass java/text/BreakIterator
instanceKlass com/sun/javafx/font/directwrite/DWRITE_SCRIPT_ANALYSIS
instanceKlass  @bci cc/cmartin/system/utils/AnimationUtils aplicarDestelloDorado (Ljavafx/scene/Node;)V 212 <appendix> member <vmtarget> ; # cc/cmartin/system/utils/AnimationUtils$$Lambda+0x000002181d2d5940
instanceKlass  @bci cc/cmartin/system/utils/AnimationUtils aplicarEscrituraProgresiva (Ljavafx/scene/control/TextInputControl;Ljava/lang/String;)V 78 <appendix> member <vmtarget> ; # cc/cmartin/system/utils/AnimationUtils$$Lambda+0x000002181d2d5728
instanceKlass java/util/Collections$UnmodifiableMap$UnmodifiableEntrySet$UnmodifiableEntry
instanceKlass java/util/Collections$UnmodifiableMap$UnmodifiableEntrySet$1
instanceKlass  @bci cc/cmartin/system/repository/MotorAljamiaHebrea convertirTexto (Ljava/lang/String;)Ljava/lang/String; 173 <appendix> argL0 ; # cc/cmartin/system/repository/MotorAljamiaHebrea$$Lambda+0x000002181d2d54f8
instanceKlass  @bci cc/cmartin/system/repository/MotorAljamiaHebrea convertirTexto (Ljava/lang/String;)Ljava/lang/String; 168 <appendix> member <vmtarget> ; # cc/cmartin/system/repository/MotorAljamiaHebrea$$Lambda+0x000002181d2d52c0
instanceKlass com/sun/javafx/scene/input/KeyCodeMap
instanceKlass  @bci com/sun/javafx/tk/quantum/GlassViewEventHandler handleKeyEvent (Lcom/sun/glass/ui/View;JII[CI)V 53 <appendix> member <vmtarget> ; # com/sun/javafx/tk/quantum/GlassViewEventHandler$$Lambda+0x000002181d2d4a90
instanceKlass java/lang/foreign/MemorySegment
instanceKlass com/sun/prism/impl/ps/CachingShapeRepState$CSRDisposerRecord
instanceKlass com/sun/prism/impl/ps/CachingShapeRepState$MaskTexData
instanceKlass  @bci com/sun/prism/impl/ps/CachingShapeRepState$MaskCache <clinit> ()V 0 <appendix> argL0 ; # com/sun/prism/impl/ps/CachingShapeRepState$MaskCache$$Lambda+0x000002181d2d4000
instanceKlass com/sun/prism/impl/ps/CachingShapeRepState$CacheEntry
instanceKlass com/sun/prism/impl/ps/CachingShapeRepState$MaskCache
instanceKlass com/sun/prism/impl/ps/CachingShapeRepState
instanceKlass com/sun/prism/impl/ps/CachingShapeRep
instanceKlass com/sun/scenario/effect/BoxShadow$1
instanceKlass com/sun/scenario/animation/shared/InterpolationInterval$1
instanceKlass com/sun/javafx/animation/KeyValueHelper
instanceKlass javafx/animation/KeyValue$1
instanceKlass com/sun/javafx/animation/KeyValueHelper$KeyValueAccessor
instanceKlass  @bci com/sun/javafx/tk/quantum/GlassSceneDnDEventHandler handleDragStart (IIIIILcom/sun/glass/ui/ClipboardAssistance;)V 30 <adapter> ; # java/lang/invoke/LambdaForm$MH+0x000002181d2d2400
# instanceKlass java/lang/invoke/LambdaForm$DMH+0x000002181d2d2000
instanceKlass  @bci com/sun/javafx/tk/quantum/GlassSceneDnDEventHandler handleDragStart (IIIIILcom/sun/glass/ui/ClipboardAssistance;)V 30 <appendix> form vmentry <vmtarget> ; # java/lang/invoke/LambdaForm$DMH+0x000002181d2d1c00
instanceKlass  @bci com/sun/javafx/tk/quantum/GlassSceneDnDEventHandler handleDragStart (IIIIILcom/sun/glass/ui/ClipboardAssistance;)V 30 <appendix> member <vmtarget> ; # com/sun/javafx/tk/quantum/GlassSceneDnDEventHandler$$Lambda+0x000002181d2ccef8
instanceKlass  @cpi com/sun/javafx/tk/quantum/GlassSceneDnDEventHandler 191 form vmentry <vmtarget> ; # java/lang/invoke/LambdaForm$DMH+0x000002181d2d1800
instanceKlass  @bci com/sun/javafx/tk/quantum/GlassViewEventHandler handleDragStart (Lcom/sun/glass/ui/View;IIIIILcom/sun/glass/ui/ClipboardAssistance;)V 29 <adapter> ; # java/lang/invoke/LambdaForm$MH+0x000002181d2d1400
# instanceKlass java/lang/invoke/LambdaForm$DMH+0x000002181d2d1000
instanceKlass  @bci com/sun/javafx/tk/quantum/GlassViewEventHandler handleDragStart (Lcom/sun/glass/ui/View;IIIIILcom/sun/glass/ui/ClipboardAssistance;)V 29 <appendix> form vmentry <vmtarget> ; # java/lang/invoke/LambdaForm$DMH+0x000002181d2d0c00
instanceKlass  @bci com/sun/javafx/tk/quantum/GlassViewEventHandler handleDragStart (Lcom/sun/glass/ui/View;IIIIILcom/sun/glass/ui/ClipboardAssistance;)V 29 <appendix> member <vmtarget> ; # com/sun/javafx/tk/quantum/GlassViewEventHandler$$Lambda+0x000002181d2ccce0
instanceKlass  @cpi com/sun/javafx/tk/quantum/GlassViewEventHandler 875 form vmentry <vmtarget> ; # java/lang/invoke/LambdaForm$DMH+0x000002181d2d0800
instanceKlass javafx/scene/text/HitInfo
instanceKlass com/sun/javafx/scene/text/TextLayout$Hit
instanceKlass  @bci cc/cmartin/system/utils/AnimationUtils aplicarSacudida (Ljavafx/scene/Node;)V 40 <appendix> member <vmtarget> ; # cc/cmartin/system/utils/AnimationUtils$$Lambda+0x000002181d2cc6a8
instanceKlass javafx/scene/control/TextInputControl$TextInputControlFromatterAccessor
# instanceKlass java/lang/invoke/LambdaForm$MH+0x000002181d2d0400
# instanceKlass java/lang/invoke/LambdaForm$MH+0x000002181d2d0000
instanceKlass  @bci com/sun/javafx/tk/quantum/WindowStage close ()V 5 <appendix> member <vmtarget> ; # com/sun/javafx/tk/quantum/WindowStage$$Lambda+0x000002181d2cc240
instanceKlass  @bci com/sun/javafx/tk/quantum/ViewScene dispose ()V 8 <appendix> member <vmtarget> ; # com/sun/javafx/tk/quantum/ViewScene$$Lambda+0x000002181d2cc028
instanceKlass  @bci com/sun/javafx/tk/quantum/WindowStage setScene (Lcom/sun/javafx/tk/TKScene;)V 54 <appendix> member <vmtarget> ; # com/sun/javafx/tk/quantum/WindowStage$$Lambda+0x000002181d2cbe10
instanceKlass javafx/scene/input/MouseEvent$1
instanceKlass  @bci com/sun/javafx/tk/quantum/SceneState uploadPixels (Lcom/sun/prism/PixelSource;)V 2 <appendix> member <vmtarget> ; # com/sun/javafx/tk/quantum/SceneState$$Lambda+0x000002181d2cb010
instanceKlass  @bci com/sun/javafx/tk/quantum/PaintCollector lambda$liveRepaintRenderJob$2 (Lcom/sun/javafx/tk/quantum/QuantumToolkit;Lcom/sun/javafx/tk/quantum/ViewPainter;Ljava/util/concurrent/CountDownLatch;)Ljava/lang/Object; 7 <appendix> member <vmtarget> ; # com/sun/javafx/tk/quantum/PaintCollector$$Lambda+0x000002181d2ca9d8
instanceKlass  @bci com/sun/javafx/tk/quantum/PaintCollector liveRepaintRenderJob (Lcom/sun/javafx/tk/quantum/ViewScene;)V 31 <appendix> member <vmtarget> ; # com/sun/javafx/tk/quantum/PaintCollector$$Lambda+0x000002181d2ca7c0
instanceKlass  @bci javafx/stage/PopupWindow bindOwnerFocusedProperty (Ljavafx/stage/Window;)V 2 <appendix> member <vmtarget> ; # javafx/stage/PopupWindow$$Lambda+0x000002181d2ca5a8
instanceKlass com/sun/glass/ui/Window$TrackingRectangle
instanceKlass com/sun/glass/ui/Window$UndecoratedMoveResizeHelper
instanceKlass com/sun/prism/impl/QueuedPixelSource
instanceKlass com/sun/prism/PixelSource
instanceKlass com/sun/javafx/FXPermissions
instanceKlass  @bci com/sun/javafx/util/Utils hasFullScreenStage (Ljavafx/stage/Screen;)Z 0 <appendix> argL0 ; # com/sun/javafx/util/Utils$$Lambda+0x000002181d2c98f0
instanceKlass com/sun/javafx/geometry/BoundsUtils
instanceKlass  @bci javafx/scene/control/skin/ComboBoxPopupControl createPopup ()V 193 <appendix> member <vmtarget> ; # javafx/scene/control/skin/ComboBoxPopupControl$$Lambda+0x000002181d2c94e0
instanceKlass  @bci javafx/scene/control/skin/ComboBoxPopupControl createPopup ()V 116 <appendix> member <vmtarget> ; # javafx/scene/control/skin/ComboBoxPopupControl$$Lambda+0x000002181d2c92c8
instanceKlass  @bci javafx/scene/control/skin/ComboBoxPopupControl createPopup ()V 105 <appendix> member <vmtarget> ; # javafx/scene/control/skin/ComboBoxPopupControl$$Lambda+0x000002181d2c90b0
instanceKlass  @bci javafx/scene/control/skin/ComboBoxPopupControl createPopup ()V 87 <appendix> member <vmtarget> ; # javafx/scene/control/skin/ComboBoxPopupControl$$Lambda+0x000002181d2c8e98
instanceKlass  @bci javafx/scene/control/skin/ComboBoxPopupControl createPopup ()V 65 <appendix> member <vmtarget> ; # javafx/scene/control/skin/ComboBoxPopupControl$$Lambda+0x000002181d2c8c80
instanceKlass javafx/scene/control/skin/ComboBoxPopupControl$3$1
instanceKlass  @bci javafx/scene/Scene$ClickCounter start (DD)V 67 <appendix> member <vmtarget> ; # javafx/scene/Scene$ClickCounter$$Lambda+0x000002181d2c8818
instanceKlass com/sun/javafx/tk/TKDragSourceListener
instanceKlass javafx/scene/Scene$DnDGesture
instanceKlass com/sun/glass/ui/win/WinClipboardDelegate
instanceKlass com/sun/glass/ui/Clipboard
# instanceKlass java/lang/invoke/LambdaForm$MH+0x000002181d2c5000
instanceKlass  @bci com/sun/javafx/scene/control/inputmap/InputMap lookup (Ljavafx/event/Event;Z)Ljava/util/List; 82 <appendix> argL0 ; # com/sun/javafx/scene/control/inputmap/InputMap$$Lambda+0x000002181d2c7b48
instanceKlass  @bci com/sun/scenario/effect/impl/BufferUtil nativeOrder (Ljava/nio/ByteBuffer;)V 12 <appendix> argL0 ; # com/sun/scenario/effect/impl/BufferUtil$$Lambda+0x000002181d2c7380
instanceKlass com/sun/scenario/effect/impl/BufferUtil
# instanceKlass java/lang/invoke/LambdaForm$MH+0x000002181d2c4c00
# instanceKlass java/lang/invoke/LambdaForm$MH+0x000002181d2c4800
# instanceKlass java/lang/invoke/LambdaForm$MH+0x000002181d2c4400
instanceKlass com/sun/scenario/effect/impl/state/BoxRenderState$1
instanceKlass  @bci com/sun/scenario/effect/ImageData <clinit> ()V 0 <appendix> argL0 ; # com/sun/scenario/effect/ImageData$$Lambda+0x000002181d2c3c28
instanceKlass java/lang/FdLibm$Acos
instanceKlass com/sun/javafx/sg/prism/NodeEffectInput$1
instanceKlass  @bci com/sun/scenario/effect/impl/state/LinearConvolveRenderState <clinit> ()V 25 <appendix> member <vmtarget> ; # com/sun/scenario/effect/impl/state/LinearConvolveRenderState$$Lambda+0x000002181d2c2f10
instanceKlass  @cpi com/sun/scenario/effect/impl/state/LinearConvolveRenderState 173 form vmentry <vmtarget> ; # java/lang/invoke/LambdaForm$DMH+0x000002181d2c4000
instanceKlass com/sun/scenario/effect/impl/prism/PrRenderInfo
instanceKlass com/sun/scenario/effect/ImageDataRenderer
instanceKlass com/sun/javafx/image/impl/ByteGray$Accessor
instanceKlass com/sun/javafx/image/impl/ByteGray
instanceKlass com/sun/prism/shader/Texture_Color_Loader
instanceKlass com/sun/marlin/ArrayCacheConst
instanceKlass com/sun/marlin/MaskMarlinAlphaConsumer
instanceKlass com/sun/prism/shader/DrawPgram_Color_Loader
instanceKlass java/lang/FdLibm$Cbrt
instanceKlass com/sun/marlin/Helpers
instanceKlass com/sun/javafx/geom/EllipseIterator
instanceKlass com/sun/prism/impl/shape/DMarlinPrismUtils
instanceKlass com/sun/marlin/DPQSSorterContext
instanceKlass com/sun/marlin/Dasher$LengthIterator
instanceKlass com/sun/marlin/Dasher
instanceKlass com/sun/marlin/Stroker
instanceKlass com/sun/marlin/ArrayCacheIntClean$Reference
instanceKlass  @bci com/sun/marlin/OffHeapArray <init> (Ljava/lang/Object;J)V 52 <appendix> member <vmtarget> ; # com/sun/marlin/OffHeapArray$$Lambda+0x000002181d2c0200
instanceKlass com/sun/marlin/RendererContext$RendererSharedMemory
instanceKlass com/sun/marlin/ArrayCacheInt$Reference
instanceKlass com/sun/marlin/Helpers$IndexStack
instanceKlass com/sun/marlin/TransformingPathConsumer2D$PathClipFilter
instanceKlass com/sun/marlin/TransformingPathConsumer2D$StartFlagPathConsumer2D
instanceKlass com/sun/marlin/ArrayCacheByte$Reference
instanceKlass com/sun/marlin/ArrayCacheDouble$Reference
instanceKlass com/sun/marlin/Helpers$PolyStack
instanceKlass com/sun/marlin/TransformingPathConsumer2D$ClosedPathDetector
instanceKlass com/sun/marlin/TransformingPathConsumer2D$PathTracer
instanceKlass com/sun/marlin/TransformingPathConsumer2D$DeltaTransformFilter
instanceKlass com/sun/marlin/TransformingPathConsumer2D$DeltaScaleFilter
instanceKlass com/sun/marlin/TransformingPathConsumer2D$Path2DWrapper
instanceKlass com/sun/marlin/TransformingPathConsumer2D
instanceKlass com/sun/marlin/TransformingPathConsumer2D$CurveClipSplitter
instanceKlass com/sun/marlin/TransformingPathConsumer2D$CurveBasicMonotonizer
instanceKlass com/sun/marlin/ArrayCacheByte
instanceKlass com/sun/marlin/ArrayCacheDouble
instanceKlass com/sun/marlin/ArrayCacheInt
instanceKlass com/sun/marlin/ArrayCacheIntClean
instanceKlass com/sun/marlin/PathSimplifier
instanceKlass com/sun/marlin/CollinearSimplifier
instanceKlass com/sun/marlin/Curve
instanceKlass jdk/internal/math/DoubleToDecimal
instanceKlass  @bci com/sun/marlin/DMarlinRenderingEngine logSettings (Ljava/lang/String;)V 502 <appendix> form vmentry <vmtarget> ; # java/lang/invoke/LambdaForm$MH+0x000002181d2bc800
# instanceKlass java/lang/invoke/LambdaForm$MH+0x000002181d2bc400
instanceKlass sun/misc/Unsafe
instanceKlass com/sun/marlin/OffHeapArray$1
instanceKlass com/sun/marlin/OffHeapArray
instanceKlass com/sun/marlin/MergeSort
instanceKlass jdk/internal/math/MathUtils
instanceKlass jdk/internal/math/FloatToDecimal
instanceKlass  @bci com/sun/marlin/DMarlinRenderingEngine logSettings (Ljava/lang/String;)V 272 <appendix> form vmentry <vmtarget> ; # java/lang/invoke/LambdaForm$MH+0x000002181d2bc000
instanceKlass  @bci com/sun/marlin/MarlinProperties getDouble (Ljava/lang/String;DDD)D 4 <appendix> member <vmtarget> ; # com/sun/marlin/MarlinProperties$$Lambda+0x000002181d2bbbc8
instanceKlass com/sun/marlin/Version
instanceKlass com/sun/prism/impl/packrect/Level
instanceKlass jdk/internal/ref/CleanerImpl$InnocuousThreadFactory
instanceKlass  @bci com/sun/marlin/MarlinProperties getString (Ljava/lang/String;Ljava/lang/String;)Ljava/lang/String; 2 <appendix> member <vmtarget> ; # com/sun/marlin/MarlinProperties$$Lambda+0x000002181d2bb3a0
instanceKlass com/sun/marlin/FloatMath
instanceKlass com/sun/prism/impl/GlyphCache$GlyphData
instanceKlass  @bci com/sun/marlin/MarlinProperties getInteger (Ljava/lang/String;III)I 1 <appendix> member <vmtarget> ; # com/sun/marlin/MarlinProperties$$Lambda+0x000002181d2bab78
instanceKlass com/sun/marlin/MarlinUtils
instanceKlass com/sun/marlin/Renderer
instanceKlass com/sun/marlin/MarlinRenderer
instanceKlass com/sun/marlin/DPathConsumer2D
instanceKlass com/sun/prism/shader/Solid_TextureSecondPassLCD_Loader
instanceKlass  @bci com/sun/marlin/DMarlinRenderingEngine <clinit> ()V 6 <appendix> argL0 ; # com/sun/marlin/DMarlinRenderingEngine$$Lambda+0x000002181d2b9aa8
instanceKlass com/sun/prism/shader/Solid_TextureFirstPassLCD_Loader
instanceKlass com/sun/util/reentrant/ReentrantContext
instanceKlass java/util/concurrent/locks/ReentrantReadWriteLock$Sync$HoldCounter
instanceKlass com/sun/util/reentrant/ReentrantContextProvider
instanceKlass com/sun/marlin/DMarlinRenderingEngine
instanceKlass com/sun/marlin/MarlinConst
instanceKlass com/sun/prism/impl/packrect/RectanglePacker
instanceKlass com/sun/prism/impl/GlyphCache
instanceKlass  @bci com/sun/marlin/MarlinProperties getBoolean (Ljava/lang/String;Ljava/lang/String;)Z 2 <appendix> member <vmtarget> ; # com/sun/marlin/MarlinProperties$$Lambda+0x000002181d2b8000
instanceKlass com/sun/marlin/MarlinProperties
instanceKlass com/sun/javafx/font/directwrite/DWRITE_MATRIX
instanceKlass com/sun/prism/impl/shape/MaskData
instanceKlass com/sun/marlin/MarlinAlphaConsumer
instanceKlass com/sun/openpisces/AlphaConsumer
instanceKlass com/sun/prism/impl/shape/DMarlinRasterizer
instanceKlass com/sun/prism/impl/shape/ShapeUtil$1
instanceKlass com/sun/prism/impl/shape/ShapeRasterizer
instanceKlass com/sun/prism/impl/shape/ShapeUtil
instanceKlass com/sun/javafx/geom/transform/TransformHelper
instanceKlass com/sun/prism/shader/Solid_TextureRGB_Loader
instanceKlass com/sun/prism/impl/ps/BaseShaderContext$1
instanceKlass com/sun/prism/MultiTexture
instanceKlass com/sun/prism/d3d/D3DTexture$1
instanceKlass javafx/util/Pair
# instanceKlass java/lang/invoke/LambdaForm$MH+0x000002181d2b2800
# instanceKlass java/lang/invoke/LambdaForm$MH+0x000002181d2b2400
instanceKlass  @bci com/sun/prism/impl/BufferUtil nativeOrder (Ljava/nio/ByteBuffer;)V 12 <appendix> argL0 ; # com/sun/prism/impl/BufferUtil$$Lambda+0x000002181d2b6a78
instanceKlass com/sun/prism/impl/BufferUtil
instanceKlass com/sun/prism/shader/DrawCircle_Color_Loader
instanceKlass com/sun/prism/shader/FillCircle_Color_Loader
instanceKlass com/sun/prism/impl/shape/BasicShapeRep
instanceKlass com/sun/prism/PrinterGraphics
instanceKlass com/sun/scenario/effect/impl/prism/ps/PPSRenderer$2
instanceKlass com/sun/scenario/effect/impl/prism/ps/PPSRenderer$1
instanceKlass  @bci com/sun/scenario/effect/impl/ImagePool <clinit> ()V 0 <appendix> argL0 ; # com/sun/scenario/effect/impl/ImagePool$$Lambda+0x000002181d2b55d0
instanceKlass com/sun/scenario/effect/impl/ImagePool
instanceKlass com/sun/scenario/effect/impl/hw/d3d/D3DShaderSource
instanceKlass com/sun/scenario/effect/impl/hw/ShaderSource
instanceKlass com/sun/scenario/effect/FloatMap
instanceKlass com/sun/scenario/effect/ImageData
instanceKlass com/sun/scenario/effect/impl/EffectPeer
instanceKlass com/sun/prism/ResourceFactoryListener
instanceKlass com/sun/prism/d3d/D3DPipeline$1
instanceKlass com/sun/scenario/effect/impl/prism/PrTexture
instanceKlass com/sun/scenario/effect/impl/PoolFilterable
instanceKlass  @bci com/sun/scenario/effect/impl/RendererFactory createRenderer (Lcom/sun/scenario/effect/FilterContext;)Lcom/sun/scenario/effect/impl/Renderer; 1 <appendix> member <vmtarget> ; # com/sun/scenario/effect/impl/RendererFactory$$Lambda+0x000002181d2ae3c8
instanceKlass com/sun/scenario/effect/impl/RendererFactory
instanceKlass  @bci com/sun/scenario/effect/impl/Renderer <clinit> ()V 11 <appendix> argL0 ; # com/sun/scenario/effect/impl/Renderer$$Lambda+0x000002181d2adfc0
instanceKlass com/sun/scenario/effect/impl/Renderer
instanceKlass com/sun/scenario/effect/impl/prism/PrEffectHelper
instanceKlass com/sun/javafx/geom/transform/AffineBase$1
instanceKlass com/sun/prism/d3d/D3DContext$1
# instanceKlass java/lang/invoke/LambdaForm$MH+0x000002181d2b2000
# instanceKlass java/lang/invoke/LambdaForm$MH+0x000002181d2b1c00
# instanceKlass java/lang/invoke/LambdaForm$MH+0x000002181d2b1800
instanceKlass com/sun/prism/shader/FillPgram_Color_Loader
instanceKlass  @bci com/sun/marlin/DMarlinRenderingEngine logSettings (Ljava/lang/String;)V 68 <appendix> form vmentry <vmtarget> ; # java/lang/invoke/LambdaForm$MH+0x000002181d2b1400
# instanceKlass java/lang/invoke/LambdaForm$MH+0x000002181d2b1000
instanceKlass  @bci com/sun/marlin/DMarlinRenderingEngine logSettings (Ljava/lang/String;)V 68 <appendix> argL3 form vmentry <vmtarget> ; # java/lang/invoke/LambdaForm$MH+0x000002181d2b0c00
# instanceKlass java/lang/invoke/LambdaForm$MH+0x000002181d2b0800
# instanceKlass java/lang/invoke/LambdaForm$MH+0x000002181d2b0400
# instanceKlass java/lang/invoke/LambdaForm$MH+0x000002181d2b0000
instanceKlass  @bci com/sun/prism/d3d/D3DResourceFactory createStockShader (Ljava/lang/String;)Lcom/sun/prism/ps/Shader; 16 <appendix> member <vmtarget> ; # com/sun/prism/d3d/D3DResourceFactory$$Lambda+0x000002181d2ad088
instanceKlass com/sun/javafx/geom/transform/Affine3D$1
instanceKlass com/sun/prism/impl/BaseGraphicsResource
instanceKlass  @bci com/sun/prism/impl/ps/BaseShaderGraphics <clinit> ()V 30 <appendix> argL0 ; # com/sun/prism/impl/ps/BaseShaderGraphics$$Lambda+0x000002181d2ac080
instanceKlass com/sun/prism/impl/Disposer$Target
instanceKlass com/sun/prism/impl/Disposer
instanceKlass com/sun/prism/impl/PrismTrace
instanceKlass com/sun/prism/d3d/D3DResource$D3DRecord
instanceKlass com/sun/prism/impl/Disposer$Record
instanceKlass com/sun/prism/impl/BaseTexture
instanceKlass com/sun/prism/d3d/D3DContextSource
instanceKlass com/sun/prism/ReadbackRenderTarget
instanceKlass com/sun/prism/d3d/D3DRenderTarget
instanceKlass com/sun/prism/impl/BaseResourcePool$WeakLinkedList
instanceKlass  @bci com/sun/prism/impl/BaseResourcePool <clinit> ()V 110 <appendix> argL0 ; # com/sun/prism/impl/BaseResourcePool$$Lambda+0x000002181d2a8000
instanceKlass  @bci com/sun/prism/impl/BaseResourcePool <clinit> ()V 92 <appendix> argL0 ; # com/sun/prism/impl/BaseResourcePool$$Lambda+0x000002181d2a0c00
instanceKlass  @bci com/sun/prism/impl/BaseResourcePool <clinit> ()V 74 <appendix> argL0 ; # com/sun/prism/impl/BaseResourcePool$$Lambda+0x000002181d2a1c50
instanceKlass  @bci com/sun/prism/impl/BaseResourcePool <clinit> ()V 56 <appendix> argL0 ; # com/sun/prism/impl/BaseResourcePool$$Lambda+0x000002181d2a1a40
instanceKlass  @bci com/sun/prism/impl/BaseResourcePool <clinit> ()V 38 <appendix> argL0 ; # com/sun/prism/impl/BaseResourcePool$$Lambda+0x000002181d2a1830
instanceKlass  @bci com/sun/prism/impl/BaseResourcePool <clinit> ()V 20 <appendix> argL0 ; # com/sun/prism/impl/BaseResourcePool$$Lambda+0x000002181d2a1620
instanceKlass  @cpi com/sun/prism/impl/BaseResourcePool 453 form vmentry <vmtarget> ; # java/lang/invoke/LambdaForm$DMH+0x000002181d2a0800
instanceKlass com/sun/prism/impl/ManagedResource
instanceKlass com/sun/glass/ui/Size
instanceKlass com/sun/prism/impl/BaseResourcePool$Predicate
instanceKlass com/sun/javafx/tk/quantum/CursorUtils$1
instanceKlass com/sun/prism/impl/BaseResourcePool
instanceKlass com/sun/javafx/tk/quantum/CursorUtils
instanceKlass com/sun/javafx/sg/prism/CacheFilter
instanceKlass com/sun/javafx/sg/prism/EffectFilter
instanceKlass com/sun/scenario/effect/GaussianShadow$1
instanceKlass com/sun/javafx/tk/Toolkit$1
instanceKlass com/sun/scenario/effect/impl/state/LinearConvolveRenderState
instanceKlass com/sun/scenario/effect/Color4f
instanceKlass com/sun/scenario/effect/impl/state/LinearConvolveKernel
instanceKlass com/sun/scenario/effect/impl/state/RenderState
instanceKlass com/sun/javafx/geom/Path2D$SVGParser
instanceKlass com/sun/prism/image/CompoundImage
instanceKlass com/sun/javafx/geom/transform/Affine2D$1
instanceKlass com/sun/javafx/scene/traversal/TabOrderHelper
instanceKlass  @bci com/sun/javafx/tk/Toolkit runPulse (Lcom/sun/javafx/tk/TKPulseListener;Ljava/security/AccessControlContext;)V 15 <appendix> member <vmtarget> ; # com/sun/javafx/tk/Toolkit$$Lambda+0x000002181d299c28
instanceKlass  @bci javafx/animation/Animation$1 timePulse (J)V 39 <adapter> ; # java/lang/invoke/LambdaForm$MH+0x000002181d2a0400
instanceKlass  @bci javafx/animation/Animation$1 timePulse (J)V 39 <appendix> form vmentry <vmtarget> ; # java/lang/invoke/LambdaForm$DMH+0x000002181d2a0000
instanceKlass  @bci javafx/animation/Animation$1 timePulse (J)V 39 <appendix> member <vmtarget> ; # javafx/animation/Animation$1$$Lambda+0x000002181d299a10
instanceKlass  @bci com/sun/scenario/animation/AnimationPulse$PulseData <clinit> ()V 56 <appendix> argL0 ; # com/sun/scenario/animation/AnimationPulse$PulseData$$Lambda+0x000002181d299800
instanceKlass  @bci com/sun/scenario/animation/AnimationPulse$PulseData <clinit> ()V 48 <appendix> argL0 ; # com/sun/scenario/animation/AnimationPulse$PulseData$$Lambda+0x000002181d29bc98
instanceKlass  @bci com/sun/scenario/animation/AnimationPulse$PulseData <clinit> ()V 40 <appendix> argL0 ; # com/sun/scenario/animation/AnimationPulse$PulseData$$Lambda+0x000002181d29ba88
instanceKlass  @bci com/sun/scenario/animation/AnimationPulse$PulseData <clinit> ()V 32 <appendix> argL0 ; # com/sun/scenario/animation/AnimationPulse$PulseData$$Lambda+0x000002181d29b878
instanceKlass  @bci com/sun/scenario/animation/AnimationPulse$PulseData <clinit> ()V 24 <appendix> argL0 ; # com/sun/scenario/animation/AnimationPulse$PulseData$$Lambda+0x000002181d29b668
instanceKlass  @bci com/sun/scenario/animation/AnimationPulse$PulseData <clinit> ()V 16 <appendix> argL0 ; # com/sun/scenario/animation/AnimationPulse$PulseData$$Lambda+0x000002181d29b458
instanceKlass  @bci com/sun/scenario/animation/AnimationPulse$PulseData <clinit> ()V 8 <appendix> argL0 ; # com/sun/scenario/animation/AnimationPulse$PulseData$$Lambda+0x000002181d29b248
instanceKlass  @bci com/sun/scenario/animation/AnimationPulse$PulseData <clinit> ()V 0 <appendix> argL0 ; # com/sun/scenario/animation/AnimationPulse$PulseData$$Lambda+0x000002181d29b038
instanceKlass  @cpi com/sun/scenario/animation/AnimationPulse$PulseData 164 form vmentry <vmtarget> ; # java/lang/invoke/LambdaForm$DMH+0x000002181d299400
# instanceKlass java/lang/invoke/LambdaForm$DMH+0x000002181d299000
instanceKlass com/sun/scenario/animation/AnimationPulse$PulseData
instanceKlass com/sun/scenario/animation/AnimationPulse$PulseData$Accessor
instanceKlass java/util/concurrent/ConcurrentLinkedQueue$Node
instanceKlass com/sun/scenario/animation/AnimationPulse$AnimationPulseHolder
instanceKlass com/sun/scenario/animation/AnimationPulse
instanceKlass com/sun/scenario/animation/AnimationPulseMBean
instanceKlass  @bci com/sun/javafx/tk/quantum/ViewScene setCursor (Ljava/lang/Object;)V 7 <appendix> member <vmtarget> ; # com/sun/javafx/tk/quantum/ViewScene$$Lambda+0x000002181d29a218
instanceKlass  @bci javafx/scene/Node buildEventDispatchChain (Ljavafx/event/EventDispatchChain;)Ljavafx/event/EventDispatchChain; 9 <appendix> member <vmtarget> ; # javafx/scene/Node$$Lambda+0x000002181d29a000
instanceKlass java/util/EnumMap$EnumMapIterator
instanceKlass javafx/scene/effect/Effect$2
instanceKlass com/sun/javafx/scene/input/InputEventUtils
instanceKlass javafx/scene/input/PickResult
instanceKlass javafx/scene/input/MouseEvent$Flags
instanceKlass  @bci com/sun/javafx/tk/quantum/GlassViewEventHandler handleMouseEvent (Lcom/sun/glass/ui/View;JIIIIIIIZZ)V 98 <appendix> member <vmtarget> ; # com/sun/javafx/tk/quantum/GlassViewEventHandler$$Lambda+0x000002181d29edf8
instanceKlass javafx/animation/Animation$7
instanceKlass javafx/animation/ParallelTransition$1
instanceKlass  @bci javafx/animation/ParallelTransition <init> (Ljavafx/scene/Node;[Ljavafx/animation/Animation;)V 18 <appendix> member <vmtarget> ; # javafx/animation/ParallelTransition$$Lambda+0x000002181d29d710
instanceKlass  @bci com/sun/javafx/tk/Toolkit notifyWindowListeners (Ljava/util/List;)V 74 <appendix> member <vmtarget> ; # com/sun/javafx/tk/Toolkit$$Lambda+0x000002181d29c218
instanceKlass  @bci com/sun/javafx/tk/quantum/WindowStage setVisible (Z)V 102 <appendix> form vmentry <vmtarget> ; # java/lang/invoke/LambdaForm$DMH+0x000002181d298c00
instanceKlass  @bci com/sun/javafx/tk/quantum/WindowStage setVisible (Z)V 102 <appendix> member <vmtarget> ; # com/sun/javafx/tk/quantum/WindowStage$$Lambda+0x000002181d29c000
instanceKlass  @bci com/sun/javafx/tk/quantum/GlassViewEventHandler$ViewEventNotification run ()Ljava/lang/Void; 298 <appendix> member <vmtarget> ; # com/sun/javafx/tk/quantum/GlassViewEventHandler$ViewEventNotification$$Lambda+0x000002181d294c30
instanceKlass  @bci com/sun/javafx/tk/quantum/GlassWindowEventHandler handleWindowEvent (Lcom/sun/glass/ui/Window;JI)V 12 <appendix> member <vmtarget> ; # com/sun/javafx/tk/quantum/GlassWindowEventHandler$$Lambda+0x000002181d294a18
instanceKlass  @bci javafx/scene/control/skin/TextAreaSkin$ContentView layoutChildren ()V 1468 <adapter> ; # java/lang/invoke/LambdaForm$MH+0x000002181d298800
# instanceKlass java/lang/invoke/LambdaForm$DMH+0x000002181d298400
instanceKlass  @bci javafx/scene/control/skin/TextAreaSkin$ContentView layoutChildren ()V 1468 <appendix> form vmentry <vmtarget> ; # java/lang/invoke/LambdaForm$DMH+0x000002181d298000
instanceKlass  @bci javafx/scene/control/skin/TextAreaSkin$ContentView layoutChildren ()V 1468 <appendix> member <vmtarget> ; # javafx/scene/control/skin/TextAreaSkin$ContentView$$Lambda+0x000002181d294800
instanceKlass  @cpi javafx/scene/control/skin/TextAreaSkin$ContentView 469 form vmentry <vmtarget> ; # java/lang/invoke/LambdaForm$DMH+0x000002181d294400
instanceKlass com/sun/javafx/scene/shape/PathUtils
instanceKlass com/sun/javafx/util/WeakReferenceQueue$1
instanceKlass javafx/scene/shape/LineTo$1
instanceKlass com/sun/javafx/scene/shape/LineToHelper$LineToAccessor
instanceKlass javafx/scene/shape/MoveTo$1
instanceKlass com/sun/javafx/scene/shape/PathElementHelper
instanceKlass javafx/scene/shape/PathElement$1
instanceKlass com/sun/javafx/scene/shape/MoveToHelper$MoveToAccessor
instanceKlass com/sun/javafx/scene/shape/PathElementHelper$PathElementAccessor
instanceKlass java/lang/FdLibm
instanceKlass java/lang/FdLibm$Hypot
instanceKlass com/sun/javafx/geom/Path2D$Iterator
instanceKlass javafx/scene/text/Text$10
# instanceKlass java/lang/invoke/LambdaForm$MH+0x000002181d294000
instanceKlass javafx/scene/layout/Region$12
instanceKlass com/sun/javafx/scene/control/behavior/MnemonicInfo
instanceKlass javafx/scene/Parent$5
instanceKlass  @bci javafx/scene/control/skin/ButtonSkin <init> (Ljavafx/scene/control/Button;)V 110 <appendix> member <vmtarget> ; # javafx/scene/control/skin/ButtonSkin$$Lambda+0x000002181d290678
instanceKlass  @bci javafx/scene/control/skin/ButtonSkin <init> (Ljavafx/scene/control/Button;)V 96 <appendix> member <vmtarget> ; # javafx/scene/control/skin/ButtonSkin$$Lambda+0x000002181d290450
instanceKlass  @bci javafx/scene/control/skin/ButtonSkin <init> (Ljavafx/scene/control/Button;)V 82 <appendix> member <vmtarget> ; # javafx/scene/control/skin/ButtonSkin$$Lambda+0x000002181d290228
instanceKlass  @bci javafx/scene/control/skin/ButtonSkin <init> (Ljavafx/scene/control/Button;)V 68 <appendix> member <vmtarget> ; # javafx/scene/control/skin/ButtonSkin$$Lambda+0x000002181d290000
instanceKlass  @bci com/sun/javafx/scene/control/behavior/ButtonBehavior <init> (Ljavafx/scene/control/ButtonBase;)V 225 <appendix> argL0 ; # com/sun/javafx/scene/control/behavior/ButtonBehavior$$Lambda+0x000002181d28fd88
instanceKlass  @bci com/sun/javafx/scene/control/behavior/ButtonBehavior <init> (Ljavafx/scene/control/ButtonBase;)V 220 <appendix> member <vmtarget> ; # com/sun/javafx/scene/control/behavior/ButtonBehavior$$Lambda+0x000002181d28fb70
instanceKlass  @bci com/sun/javafx/scene/control/behavior/ButtonBehavior <init> (Ljavafx/scene/control/ButtonBase;)V 190 <appendix> argL0 ; # com/sun/javafx/scene/control/behavior/ButtonBehavior$$Lambda+0x000002181d28f930
instanceKlass  @bci com/sun/javafx/scene/control/behavior/ButtonBehavior <init> (Ljavafx/scene/control/ButtonBase;)V 185 <appendix> member <vmtarget> ; # com/sun/javafx/scene/control/behavior/ButtonBehavior$$Lambda+0x000002181d28f718
instanceKlass  @bci com/sun/javafx/scene/control/behavior/ButtonBehavior <init> (Ljavafx/scene/control/ButtonBase;)V 155 <appendix> member <vmtarget> ; # com/sun/javafx/scene/control/behavior/ButtonBehavior$$Lambda+0x000002181d28f500
instanceKlass  @bci com/sun/javafx/scene/control/behavior/ButtonBehavior <init> (Ljavafx/scene/control/ButtonBase;)V 136 <appendix> member <vmtarget> ; # com/sun/javafx/scene/control/behavior/ButtonBehavior$$Lambda+0x000002181d28f2e8
instanceKlass  @bci com/sun/javafx/scene/control/behavior/ButtonBehavior <init> (Ljavafx/scene/control/ButtonBase;)V 117 <appendix> member <vmtarget> ; # com/sun/javafx/scene/control/behavior/ButtonBehavior$$Lambda+0x000002181d28f0d0
instanceKlass  @bci com/sun/javafx/scene/control/behavior/ButtonBehavior <init> (Ljavafx/scene/control/ButtonBase;)V 98 <appendix> member <vmtarget> ; # com/sun/javafx/scene/control/behavior/ButtonBehavior$$Lambda+0x000002181d28eeb8
instanceKlass  @bci com/sun/javafx/scene/control/behavior/ButtonBehavior <init> (Ljavafx/scene/control/ButtonBase;)V 79 <appendix> member <vmtarget> ; # com/sun/javafx/scene/control/behavior/ButtonBehavior$$Lambda+0x000002181d28eca0
instanceKlass  @bci com/sun/javafx/scene/control/behavior/ButtonBehavior <init> (Ljavafx/scene/control/ButtonBase;)V 57 <appendix> member <vmtarget> ; # com/sun/javafx/scene/control/behavior/ButtonBehavior$$Lambda+0x000002181d28ea88
instanceKlass  @bci com/sun/javafx/scene/control/behavior/FocusTraversalInputMap <clinit> ()V 321 <appendix> argL0 ; # com/sun/javafx/scene/control/behavior/FocusTraversalInputMap$$Lambda+0x000002181d28e878
instanceKlass  @bci com/sun/javafx/scene/control/behavior/FocusTraversalInputMap <clinit> ()V 289 <appendix> argL0 ; # com/sun/javafx/scene/control/behavior/FocusTraversalInputMap$$Lambda+0x000002181d28e668
instanceKlass  @bci com/sun/javafx/scene/control/behavior/FocusTraversalInputMap <clinit> ()V 254 <appendix> argL0 ; # com/sun/javafx/scene/control/behavior/FocusTraversalInputMap$$Lambda+0x000002181d28e458
instanceKlass  @bci com/sun/javafx/scene/control/behavior/FocusTraversalInputMap <clinit> ()V 219 <appendix> argL0 ; # com/sun/javafx/scene/control/behavior/FocusTraversalInputMap$$Lambda+0x000002181d28e248
instanceKlass  @bci com/sun/javafx/scene/control/behavior/FocusTraversalInputMap <clinit> ()V 184 <appendix> argL0 ; # com/sun/javafx/scene/control/behavior/FocusTraversalInputMap$$Lambda+0x000002181d28e038
instanceKlass  @bci com/sun/javafx/scene/control/behavior/FocusTraversalInputMap <clinit> ()V 149 <appendix> argL0 ; # com/sun/javafx/scene/control/behavior/FocusTraversalInputMap$$Lambda+0x000002181d28de28
instanceKlass  @bci com/sun/javafx/scene/control/behavior/FocusTraversalInputMap <clinit> ()V 114 <appendix> argL0 ; # com/sun/javafx/scene/control/behavior/FocusTraversalInputMap$$Lambda+0x000002181d28dc18
instanceKlass  @bci com/sun/javafx/scene/control/behavior/FocusTraversalInputMap <clinit> ()V 86 <appendix> argL0 ; # com/sun/javafx/scene/control/behavior/FocusTraversalInputMap$$Lambda+0x000002181d28da08
instanceKlass  @bci com/sun/javafx/scene/control/behavior/FocusTraversalInputMap <clinit> ()V 68 <appendix> argL0 ; # com/sun/javafx/scene/control/behavior/FocusTraversalInputMap$$Lambda+0x000002181d28d7f8
instanceKlass  @bci com/sun/javafx/scene/control/behavior/FocusTraversalInputMap <clinit> ()V 50 <appendix> argL0 ; # com/sun/javafx/scene/control/behavior/FocusTraversalInputMap$$Lambda+0x000002181d28d5e8
instanceKlass  @bci com/sun/javafx/scene/control/behavior/FocusTraversalInputMap <clinit> ()V 32 <appendix> argL0 ; # com/sun/javafx/scene/control/behavior/FocusTraversalInputMap$$Lambda+0x000002181d28d3d8
instanceKlass  @bci com/sun/javafx/scene/control/behavior/FocusTraversalInputMap <clinit> ()V 14 <appendix> argL0 ; # com/sun/javafx/scene/control/behavior/FocusTraversalInputMap$$Lambda+0x000002181d28d1c8
instanceKlass  @bci com/sun/javafx/scene/control/behavior/ButtonBehavior <init> (Ljavafx/scene/control/ButtonBase;)V 7 <appendix> member <vmtarget> ; # com/sun/javafx/scene/control/behavior/ButtonBehavior$$Lambda+0x000002181d28cfb0
instanceKlass  @bci javafx/scene/control/skin/ButtonSkin <init> (Ljavafx/scene/control/Button;)V 27 <appendix> member <vmtarget> ; # javafx/scene/control/skin/ButtonSkin$$Lambda+0x000002181d28cd98
instanceKlass  @bci javafx/scene/control/skin/ButtonSkin <init> (Ljavafx/scene/control/Button;)V 17 <appendix> member <vmtarget> ; # javafx/scene/control/skin/ButtonSkin$$Lambda+0x000002181d28cb80
instanceKlass  @bci javafx/scene/control/skin/ButtonSkin <init> (Ljavafx/scene/control/Button;)V 7 <appendix> member <vmtarget> ; # javafx/scene/control/skin/ButtonSkin$$Lambda+0x000002181d28c968
instanceKlass  @bci javafx/scene/control/skin/ScrollPaneSkin <init> (Ljavafx/scene/control/ScrollPane;)V 241 <appendix> member <vmtarget> ; # javafx/scene/control/skin/ScrollPaneSkin$$Lambda+0x000002181d28c128
instanceKlass  @bci javafx/scene/control/skin/ScrollPaneSkin <init> (Ljavafx/scene/control/ScrollPane;)V 230 <appendix> member <vmtarget> ; # javafx/scene/control/skin/ScrollPaneSkin$$Lambda+0x000002181d28bf00
instanceKlass  @bci javafx/scene/control/skin/ScrollPaneSkin <init> (Ljavafx/scene/control/ScrollPane;)V 215 <appendix> member <vmtarget> ; # javafx/scene/control/skin/ScrollPaneSkin$$Lambda+0x000002181d28bcd8
instanceKlass  @bci javafx/scene/control/skin/ScrollPaneSkin <init> (Ljavafx/scene/control/ScrollPane;)V 200 <appendix> member <vmtarget> ; # javafx/scene/control/skin/ScrollPaneSkin$$Lambda+0x000002181d28bab0
instanceKlass  @bci javafx/scene/control/skin/ScrollPaneSkin <init> (Ljavafx/scene/control/ScrollPane;)V 185 <appendix> member <vmtarget> ; # javafx/scene/control/skin/ScrollPaneSkin$$Lambda+0x000002181d28b888
instanceKlass  @bci javafx/scene/control/skin/ScrollPaneSkin <init> (Ljavafx/scene/control/ScrollPane;)V 170 <appendix> member <vmtarget> ; # javafx/scene/control/skin/ScrollPaneSkin$$Lambda+0x000002181d28b660
instanceKlass  @bci javafx/scene/control/skin/ScrollPaneSkin <init> (Ljavafx/scene/control/ScrollPane;)V 155 <appendix> member <vmtarget> ; # javafx/scene/control/skin/ScrollPaneSkin$$Lambda+0x000002181d28b438
instanceKlass  @bci javafx/scene/control/skin/ScrollPaneSkin <init> (Ljavafx/scene/control/ScrollPane;)V 122 <appendix> member <vmtarget> ; # javafx/scene/control/skin/ScrollPaneSkin$$Lambda+0x000002181d28b220
instanceKlass  @bci javafx/scene/control/skin/ScrollPaneSkin <init> (Ljavafx/scene/control/ScrollPane;)V 111 <appendix> member <vmtarget> ; # javafx/scene/control/skin/ScrollPaneSkin$$Lambda+0x000002181d28aff8
instanceKlass  @bci javafx/scene/control/skin/ScrollPaneSkin initialize ()V 570 <appendix> member <vmtarget> ; # javafx/scene/control/skin/ScrollPaneSkin$$Lambda+0x000002181d28ade0
instanceKlass  @bci javafx/scene/control/skin/ScrollPaneSkin initialize ()V 551 <appendix> member <vmtarget> ; # javafx/scene/control/skin/ScrollPaneSkin$$Lambda+0x000002181d28abc8
instanceKlass  @bci javafx/scene/control/skin/ScrollPaneSkin initialize ()V 533 <appendix> member <vmtarget> ; # javafx/scene/control/skin/ScrollPaneSkin$$Lambda+0x000002181d28a9b0
instanceKlass  @bci javafx/scene/control/skin/ScrollPaneSkin initialize ()V 517 <appendix> member <vmtarget> ; # javafx/scene/control/skin/ScrollPaneSkin$$Lambda+0x000002181d28a798
instanceKlass  @bci javafx/scene/control/skin/ScrollPaneSkin initialize ()V 492 <appendix> member <vmtarget> ; # javafx/scene/control/skin/ScrollPaneSkin$$Lambda+0x000002181d28a580
instanceKlass  @bci javafx/scene/control/skin/ScrollPaneSkin initialize ()V 468 <appendix> argL0 ; # javafx/scene/control/skin/ScrollPaneSkin$$Lambda+0x000002181d28a370
instanceKlass  @bci javafx/scene/control/skin/ScrollPaneSkin initialize ()V 460 <appendix> member <vmtarget> ; # javafx/scene/control/skin/ScrollPaneSkin$$Lambda+0x000002181d28a158
instanceKlass  @bci javafx/scene/control/skin/ScrollPaneSkin initialize ()V 447 <appendix> member <vmtarget> ; # javafx/scene/control/skin/ScrollPaneSkin$$Lambda+0x000002181d289f40
instanceKlass  @bci javafx/scene/control/skin/ScrollPaneSkin initialize ()V 431 <appendix> member <vmtarget> ; # javafx/scene/control/skin/ScrollPaneSkin$$Lambda+0x000002181d289d28
instanceKlass  @bci javafx/scene/control/skin/ScrollPaneSkin initialize ()V 418 <appendix> member <vmtarget> ; # javafx/scene/control/skin/ScrollPaneSkin$$Lambda+0x000002181d289b10
instanceKlass  @bci javafx/scene/control/skin/ScrollPaneSkin initialize ()V 404 <appendix> member <vmtarget> ; # javafx/scene/control/skin/ScrollPaneSkin$$Lambda+0x000002181d2898f8
instanceKlass  @bci javafx/scene/control/skin/ScrollPaneSkin initialize ()V 385 <appendix> member <vmtarget> ; # javafx/scene/control/skin/ScrollPaneSkin$$Lambda+0x000002181d2896e0
instanceKlass  @bci javafx/scene/control/skin/ScrollPaneSkin initialize ()V 180 <appendix> member <vmtarget> ; # javafx/scene/control/skin/ScrollPaneSkin$$Lambda+0x000002181d2894c8
instanceKlass  @bci javafx/scene/control/skin/ScrollPaneSkin initialize ()V 30 <appendix> member <vmtarget> ; # javafx/scene/control/skin/ScrollPaneSkin$$Lambda+0x000002181d2892b0
instanceKlass com/sun/javafx/scene/traversal/TraverseListener
instanceKlass  @bci com/sun/javafx/scene/control/behavior/ScrollPaneBehavior <init> (Ljavafx/scene/control/ScrollPane;)V 210 <appendix> member <vmtarget> ; # com/sun/javafx/scene/control/behavior/ScrollPaneBehavior$$Lambda+0x000002181d288ea8
instanceKlass  @bci com/sun/javafx/scene/control/behavior/ScrollPaneBehavior <init> (Ljavafx/scene/control/ScrollPane;)V 190 <appendix> member <vmtarget> ; # com/sun/javafx/scene/control/behavior/ScrollPaneBehavior$$Lambda+0x000002181d288c90
instanceKlass  @bci com/sun/javafx/scene/control/behavior/ScrollPaneBehavior <init> (Ljavafx/scene/control/ScrollPane;)V 170 <appendix> member <vmtarget> ; # com/sun/javafx/scene/control/behavior/ScrollPaneBehavior$$Lambda+0x000002181d288a78
instanceKlass  @bci com/sun/javafx/scene/control/behavior/ScrollPaneBehavior <init> (Ljavafx/scene/control/ScrollPane;)V 150 <appendix> member <vmtarget> ; # com/sun/javafx/scene/control/behavior/ScrollPaneBehavior$$Lambda+0x000002181d288860
instanceKlass  @bci com/sun/javafx/scene/control/behavior/ScrollPaneBehavior <init> (Ljavafx/scene/control/ScrollPane;)V 130 <appendix> member <vmtarget> ; # com/sun/javafx/scene/control/behavior/ScrollPaneBehavior$$Lambda+0x000002181d288648
instanceKlass  @bci com/sun/javafx/scene/control/behavior/ScrollPaneBehavior <init> (Ljavafx/scene/control/ScrollPane;)V 111 <appendix> member <vmtarget> ; # com/sun/javafx/scene/control/behavior/ScrollPaneBehavior$$Lambda+0x000002181d288430
instanceKlass  @bci com/sun/javafx/scene/control/behavior/ScrollPaneBehavior <init> (Ljavafx/scene/control/ScrollPane;)V 92 <appendix> member <vmtarget> ; # com/sun/javafx/scene/control/behavior/ScrollPaneBehavior$$Lambda+0x000002181d288218
instanceKlass  @bci com/sun/javafx/scene/control/behavior/ScrollPaneBehavior <init> (Ljavafx/scene/control/ScrollPane;)V 73 <appendix> member <vmtarget> ; # com/sun/javafx/scene/control/behavior/ScrollPaneBehavior$$Lambda+0x000002181d288000
instanceKlass  @bci com/sun/javafx/scene/control/behavior/ScrollPaneBehavior <init> (Ljavafx/scene/control/ScrollPane;)V 54 <appendix> member <vmtarget> ; # com/sun/javafx/scene/control/behavior/ScrollPaneBehavior$$Lambda+0x000002181d287d48
instanceKlass  @bci com/sun/javafx/scene/control/behavior/ScrollPaneBehavior <init> (Ljavafx/scene/control/ScrollPane;)V 34 <appendix> member <vmtarget> ; # com/sun/javafx/scene/control/behavior/ScrollPaneBehavior$$Lambda+0x000002181d287b30
instanceKlass javafx/scene/control/skin/ScrollPaneSkin$2
instanceKlass javafx/scene/control/skin/ScrollPaneSkin$1
instanceKlass javafx/scene/control/skin/TextInputControlSkin$StyleableProperties
instanceKlass javafx/scene/control/skin/TextInputControlSkin$6
instanceKlass  @bci javafx/scene/control/skin/TextAreaSkin <init> (Ljavafx/scene/control/TextArea;)V 773 <appendix> member <vmtarget> ; # javafx/scene/control/skin/TextAreaSkin$$Lambda+0x000002181d2839a0
instanceKlass javafx/beans/property/StringPropertyBase$Listener
instanceKlass  @bci com/sun/javafx/scene/control/LambdaMultiplePropertyChangeListenerHandler registerInvalidationListener (Ljavafx/beans/Observable;Ljava/util/function/Consumer;)V 38 <appendix> argL0 ; # com/sun/javafx/scene/control/LambdaMultiplePropertyChangeListenerHandler$$Lambda+0x000002181d283150
instanceKlass  @bci javafx/scene/control/skin/TextAreaSkin <init> (Ljavafx/scene/control/TextArea;)V 729 <appendix> member <vmtarget> ; # javafx/scene/control/skin/TextAreaSkin$$Lambda+0x000002181d282f28
instanceKlass  @bci javafx/scene/control/skin/TextAreaSkin <init> (Ljavafx/scene/control/TextArea;)V 714 <appendix> member <vmtarget> ; # javafx/scene/control/skin/TextAreaSkin$$Lambda+0x000002181d282d00
instanceKlass  @bci javafx/scene/control/skin/TextAreaSkin <init> (Ljavafx/scene/control/TextArea;)V 699 <appendix> member <vmtarget> ; # javafx/scene/control/skin/TextAreaSkin$$Lambda+0x000002181d282ad8
instanceKlass  @bci javafx/scene/control/skin/TextAreaSkin <init> (Ljavafx/scene/control/TextArea;)V 684 <appendix> member <vmtarget> ; # javafx/scene/control/skin/TextAreaSkin$$Lambda+0x000002181d2828c0
instanceKlass  @bci javafx/scene/control/skin/TextAreaSkin <init> (Ljavafx/scene/control/TextArea;)V 668 <appendix> member <vmtarget> ; # javafx/scene/control/skin/TextAreaSkin$$Lambda+0x000002181d2826a8
instanceKlass  @bci javafx/scene/control/skin/TextAreaSkin <init> (Ljavafx/scene/control/TextArea;)V 650 <appendix> member <vmtarget> ; # javafx/scene/control/skin/TextAreaSkin$$Lambda+0x000002181d282490
instanceKlass com/sun/javafx/tk/FontMetrics
instanceKlass com/sun/javafx/font/PrismFontUtils
instanceKlass  @bci javafx/scene/control/skin/TextAreaSkin <init> (Ljavafx/scene/control/TextArea;)V 633 <appendix> member <vmtarget> ; # javafx/scene/control/skin/TextAreaSkin$$Lambda+0x000002181d281e68
instanceKlass  @bci javafx/scene/control/skin/TextAreaSkin <init> (Ljavafx/scene/control/TextArea;)V 619 <appendix> member <vmtarget> ; # javafx/scene/control/skin/TextAreaSkin$$Lambda+0x000002181d281c40
instanceKlass  @bci javafx/scene/control/skin/TextAreaSkin <init> (Ljavafx/scene/control/TextArea;)V 605 <appendix> member <vmtarget> ; # javafx/scene/control/skin/TextAreaSkin$$Lambda+0x000002181d281a18
instanceKlass  @bci javafx/scene/control/skin/TextAreaSkin <init> (Ljavafx/scene/control/TextArea;)V 590 <appendix> member <vmtarget> ; # javafx/scene/control/skin/TextAreaSkin$$Lambda+0x000002181d2817f0
instanceKlass  @bci javafx/scene/control/skin/TextAreaSkin addParagraphNode (ILjava/lang/String;)V 52 <appendix> member <vmtarget> ; # javafx/scene/control/skin/TextAreaSkin$$Lambda+0x000002181d2815d8
instanceKlass  @bci javafx/scene/control/skin/TextAreaSkin <init> (Ljavafx/scene/control/TextArea;)V 465 <appendix> member <vmtarget> ; # javafx/scene/control/skin/TextAreaSkin$$Lambda+0x000002181d2813c0
instanceKlass  @bci javafx/scene/control/skin/TextAreaSkin <init> (Ljavafx/scene/control/TextArea;)V 449 <appendix> member <vmtarget> ; # javafx/scene/control/skin/TextAreaSkin$$Lambda+0x000002181d2811a8
instanceKlass  @bci javafx/scene/control/skin/TextAreaSkin <init> (Ljavafx/scene/control/TextArea;)V 235 <appendix> member <vmtarget> ; # javafx/scene/control/skin/TextAreaSkin$$Lambda+0x000002181d280420
instanceKlass javafx/scene/control/ScrollPane$StyleableProperties
instanceKlass  @bci javafx/scene/control/skin/TextAreaSkin <init> (Ljavafx/scene/control/TextArea;)V 178 <appendix> member <vmtarget> ; # javafx/scene/control/skin/TextAreaSkin$$Lambda+0x000002181d27cc88
instanceKlass  @bci javafx/scene/control/skin/TextAreaSkin <init> (Ljavafx/scene/control/TextArea;)V 162 <appendix> member <vmtarget> ; # javafx/scene/control/skin/TextAreaSkin$$Lambda+0x000002181d27ca70
instanceKlass  @bci com/sun/javafx/scene/control/behavior/TextAreaBehavior <init> (Ljavafx/scene/control/TextArea;)V 927 <appendix> member <vmtarget> ; # com/sun/javafx/scene/control/behavior/TextAreaBehavior$$Lambda+0x000002181d27bd08
instanceKlass  @bci com/sun/javafx/scene/control/behavior/TextAreaBehavior <init> (Ljavafx/scene/control/TextArea;)V 898 <appendix> member <vmtarget> ; # com/sun/javafx/scene/control/behavior/TextAreaBehavior$$Lambda+0x000002181d27baf0
instanceKlass  @bci com/sun/javafx/scene/control/behavior/TextAreaBehavior <init> (Ljavafx/scene/control/TextArea;)V 869 <appendix> member <vmtarget> ; # com/sun/javafx/scene/control/behavior/TextAreaBehavior$$Lambda+0x000002181d27b8d8
instanceKlass  @bci com/sun/javafx/scene/control/behavior/TextAreaBehavior <init> (Ljavafx/scene/control/TextArea;)V 840 <appendix> member <vmtarget> ; # com/sun/javafx/scene/control/behavior/TextAreaBehavior$$Lambda+0x000002181d27b6c0
instanceKlass  @bci com/sun/javafx/scene/control/behavior/TextAreaBehavior <init> (Ljavafx/scene/control/TextArea;)V 814 <appendix> member <vmtarget> ; # com/sun/javafx/scene/control/behavior/TextAreaBehavior$$Lambda+0x000002181d27b4a8
instanceKlass  @bci com/sun/javafx/scene/control/behavior/TextAreaBehavior <init> (Ljavafx/scene/control/TextArea;)V 780 <appendix> argL0 ; # com/sun/javafx/scene/control/behavior/TextAreaBehavior$$Lambda+0x000002181d27b268
instanceKlass  @bci com/sun/javafx/scene/control/behavior/TextAreaBehavior <init> (Ljavafx/scene/control/TextArea;)V 746 <appendix> member <vmtarget> ; # com/sun/javafx/scene/control/behavior/TextAreaBehavior$$Lambda+0x000002181d27b050
instanceKlass  @bci com/sun/javafx/scene/control/behavior/TextAreaBehavior <init> (Ljavafx/scene/control/TextArea;)V 716 <appendix> member <vmtarget> ; # com/sun/javafx/scene/control/behavior/TextAreaBehavior$$Lambda+0x000002181d27ae38
instanceKlass  @bci com/sun/javafx/scene/control/behavior/TextAreaBehavior <init> (Ljavafx/scene/control/TextArea;)V 686 <appendix> member <vmtarget> ; # com/sun/javafx/scene/control/behavior/TextAreaBehavior$$Lambda+0x000002181d27ac20
instanceKlass  @bci com/sun/javafx/scene/control/behavior/TextAreaBehavior <init> (Ljavafx/scene/control/TextArea;)V 659 <appendix> member <vmtarget> ; # com/sun/javafx/scene/control/behavior/TextAreaBehavior$$Lambda+0x000002181d27aa08
instanceKlass  @bci com/sun/javafx/scene/control/behavior/TextAreaBehavior <init> (Ljavafx/scene/control/TextArea;)V 632 <appendix> member <vmtarget> ; # com/sun/javafx/scene/control/behavior/TextAreaBehavior$$Lambda+0x000002181d27a7f0
instanceKlass  @bci com/sun/javafx/scene/control/behavior/TextAreaBehavior <init> (Ljavafx/scene/control/TextArea;)V 602 <appendix> member <vmtarget> ; # com/sun/javafx/scene/control/behavior/TextAreaBehavior$$Lambda+0x000002181d27a5d8
instanceKlass  @bci com/sun/javafx/scene/control/behavior/TextAreaBehavior <init> (Ljavafx/scene/control/TextArea;)V 572 <appendix> member <vmtarget> ; # com/sun/javafx/scene/control/behavior/TextAreaBehavior$$Lambda+0x000002181d27a3c0
instanceKlass  @bci com/sun/javafx/scene/control/behavior/TextAreaBehavior <init> (Ljavafx/scene/control/TextArea;)V 543 <appendix> member <vmtarget> ; # com/sun/javafx/scene/control/behavior/TextAreaBehavior$$Lambda+0x000002181d27a1a8
instanceKlass  @bci com/sun/javafx/scene/control/behavior/TextAreaBehavior <init> (Ljavafx/scene/control/TextArea;)V 514 <appendix> member <vmtarget> ; # com/sun/javafx/scene/control/behavior/TextAreaBehavior$$Lambda+0x000002181d279f90
instanceKlass  @bci com/sun/javafx/scene/control/behavior/TextAreaBehavior <init> (Ljavafx/scene/control/TextArea;)V 488 <appendix> member <vmtarget> ; # com/sun/javafx/scene/control/behavior/TextAreaBehavior$$Lambda+0x000002181d279d78
instanceKlass  @bci com/sun/javafx/scene/control/behavior/TextAreaBehavior <init> (Ljavafx/scene/control/TextArea;)V 462 <appendix> member <vmtarget> ; # com/sun/javafx/scene/control/behavior/TextAreaBehavior$$Lambda+0x000002181d279b60
instanceKlass  @bci com/sun/javafx/scene/control/behavior/TextAreaBehavior <init> (Ljavafx/scene/control/TextArea;)V 436 <appendix> member <vmtarget> ; # com/sun/javafx/scene/control/behavior/TextAreaBehavior$$Lambda+0x000002181d279948
instanceKlass  @bci com/sun/javafx/scene/control/behavior/TextAreaBehavior <init> (Ljavafx/scene/control/TextArea;)V 401 <appendix> argL0 ; # com/sun/javafx/scene/control/behavior/TextAreaBehavior$$Lambda+0x000002181d279708
instanceKlass  @bci com/sun/javafx/scene/control/behavior/TextAreaBehavior <init> (Ljavafx/scene/control/TextArea;)V 364 <appendix> member <vmtarget> ; # com/sun/javafx/scene/control/behavior/TextAreaBehavior$$Lambda+0x000002181d2794f0
instanceKlass  @bci com/sun/javafx/scene/control/behavior/TextAreaBehavior <init> (Ljavafx/scene/control/TextArea;)V 339 <appendix> member <vmtarget> ; # com/sun/javafx/scene/control/behavior/TextAreaBehavior$$Lambda+0x000002181d2792d8
instanceKlass  @bci com/sun/javafx/scene/control/behavior/TextAreaBehavior <init> (Ljavafx/scene/control/TextArea;)V 315 <appendix> member <vmtarget> ; # com/sun/javafx/scene/control/behavior/TextAreaBehavior$$Lambda+0x000002181d2790c0
instanceKlass  @bci com/sun/javafx/scene/control/behavior/TextAreaBehavior <init> (Ljavafx/scene/control/TextArea;)V 288 <appendix> member <vmtarget> ; # com/sun/javafx/scene/control/behavior/TextAreaBehavior$$Lambda+0x000002181d278ea8
instanceKlass  @bci com/sun/javafx/scene/control/behavior/TextAreaBehavior <init> (Ljavafx/scene/control/TextArea;)V 261 <appendix> member <vmtarget> ; # com/sun/javafx/scene/control/behavior/TextAreaBehavior$$Lambda+0x000002181d278c90
instanceKlass  @bci com/sun/javafx/scene/control/behavior/TextAreaBehavior <init> (Ljavafx/scene/control/TextArea;)V 234 <appendix> member <vmtarget> ; # com/sun/javafx/scene/control/behavior/TextAreaBehavior$$Lambda+0x000002181d278a78
instanceKlass  @bci com/sun/javafx/scene/control/behavior/TextAreaBehavior <init> (Ljavafx/scene/control/TextArea;)V 207 <appendix> member <vmtarget> ; # com/sun/javafx/scene/control/behavior/TextAreaBehavior$$Lambda+0x000002181d278860
instanceKlass  @bci com/sun/javafx/scene/control/behavior/TextAreaBehavior <init> (Ljavafx/scene/control/TextArea;)V 180 <appendix> member <vmtarget> ; # com/sun/javafx/scene/control/behavior/TextAreaBehavior$$Lambda+0x000002181d278648
instanceKlass  @bci com/sun/javafx/scene/control/behavior/TextAreaBehavior <init> (Ljavafx/scene/control/TextArea;)V 153 <appendix> member <vmtarget> ; # com/sun/javafx/scene/control/behavior/TextAreaBehavior$$Lambda+0x000002181d278430
instanceKlass  @bci com/sun/javafx/scene/control/behavior/TextAreaBehavior <init> (Ljavafx/scene/control/TextArea;)V 137 <appendix> member <vmtarget> ; # com/sun/javafx/scene/control/behavior/TextAreaBehavior$$Lambda+0x000002181d278218
instanceKlass  @bci com/sun/javafx/scene/control/behavior/TextAreaBehavior <init> (Ljavafx/scene/control/TextArea;)V 121 <appendix> member <vmtarget> ; # com/sun/javafx/scene/control/behavior/TextAreaBehavior$$Lambda+0x000002181d278000
instanceKlass  @bci com/sun/javafx/scene/control/behavior/TextAreaBehavior <init> (Ljavafx/scene/control/TextArea;)V 105 <appendix> member <vmtarget> ; # com/sun/javafx/scene/control/behavior/TextAreaBehavior$$Lambda+0x000002181d277c10
instanceKlass  @bci com/sun/javafx/scene/control/behavior/TextAreaBehavior <init> (Ljavafx/scene/control/TextArea;)V 89 <appendix> member <vmtarget> ; # com/sun/javafx/scene/control/behavior/TextAreaBehavior$$Lambda+0x000002181d2779f8
instanceKlass  @bci com/sun/javafx/scene/control/behavior/TextAreaBehavior <init> (Ljavafx/scene/control/TextArea;)V 73 <appendix> member <vmtarget> ; # com/sun/javafx/scene/control/behavior/TextAreaBehavior$$Lambda+0x000002181d2777e0
instanceKlass  @bci com/sun/javafx/scene/control/behavior/TextAreaBehavior <init> (Ljavafx/scene/control/TextArea;)V 42 <appendix> member <vmtarget> ; # com/sun/javafx/scene/control/behavior/TextAreaBehavior$$Lambda+0x000002181d277598
instanceKlass javafx/stage/PopupWindow$3
instanceKlass com/sun/javafx/util/TempState
instanceKlass  @bci javafx/stage/PopupWindow <init> ()V 29 <appendix> member <vmtarget> ; # javafx/stage/PopupWindow$$Lambda+0x000002181d275968
instanceKlass javafx/stage/PopupWindow$2
instanceKlass javafx/stage/PopupWindow$1
instanceKlass com/sun/javafx/stage/PopupWindowHelper$PopupWindowAccessor
instanceKlass com/sun/javafx/scene/control/behavior/TextInputControlBehavior$2
instanceKlass  @bci com/sun/javafx/scene/control/behavior/TextInputControlBehavior <init> (Ljavafx/scene/control/TextInputControl;)V 2061 <appendix> member <vmtarget> ; # com/sun/javafx/scene/control/behavior/TextInputControlBehavior$$Lambda+0x000002181d26e078
instanceKlass  @bci com/sun/javafx/scene/control/behavior/TextInputControlBehavior <init> (Ljavafx/scene/control/TextInputControl;)V 2031 <appendix> member <vmtarget> ; # com/sun/javafx/scene/control/behavior/TextInputControlBehavior$$Lambda+0x000002181d26de60
instanceKlass  @bci com/sun/javafx/scene/control/behavior/TextInputControlBehavior <init> (Ljavafx/scene/control/TextInputControl;)V 1999 <appendix> member <vmtarget> ; # com/sun/javafx/scene/control/behavior/TextInputControlBehavior$$Lambda+0x000002181d26dc48
instanceKlass  @bci com/sun/javafx/scene/control/behavior/TextInputControlBehavior <init> (Ljavafx/scene/control/TextInputControl;)V 1968 <appendix> member <vmtarget> ; # com/sun/javafx/scene/control/behavior/TextInputControlBehavior$$Lambda+0x000002181d26da30
instanceKlass  @bci com/sun/javafx/scene/control/behavior/TextInputControlBehavior <init> (Ljavafx/scene/control/TextInputControl;)V 1941 <appendix> member <vmtarget> ; # com/sun/javafx/scene/control/behavior/TextInputControlBehavior$$Lambda+0x000002181d26d818
instanceKlass  @bci com/sun/javafx/scene/control/behavior/TextInputControlBehavior <init> (Ljavafx/scene/control/TextInputControl;)V 1914 <appendix> member <vmtarget> ; # com/sun/javafx/scene/control/behavior/TextInputControlBehavior$$Lambda+0x000002181d26d600
instanceKlass  @bci com/sun/javafx/scene/control/behavior/TextInputControlBehavior <init> (Ljavafx/scene/control/TextInputControl;)V 1887 <appendix> member <vmtarget> ; # com/sun/javafx/scene/control/behavior/TextInputControlBehavior$$Lambda+0x000002181d26d3e8
instanceKlass  @bci com/sun/javafx/scene/control/behavior/TextInputControlBehavior <init> (Ljavafx/scene/control/TextInputControl;)V 1861 <appendix> member <vmtarget> ; # com/sun/javafx/scene/control/behavior/TextInputControlBehavior$$Lambda+0x000002181d26d1d0
instanceKlass  @bci com/sun/javafx/scene/control/behavior/TextInputControlBehavior <init> (Ljavafx/scene/control/TextInputControl;)V 1835 <appendix> member <vmtarget> ; # com/sun/javafx/scene/control/behavior/TextInputControlBehavior$$Lambda+0x000002181d26cfb8
instanceKlass  @bci com/sun/javafx/scene/control/behavior/TextInputControlBehavior <init> (Ljavafx/scene/control/TextInputControl;)V 1809 <appendix> member <vmtarget> ; # com/sun/javafx/scene/control/behavior/TextInputControlBehavior$$Lambda+0x000002181d26cda0
instanceKlass  @bci com/sun/javafx/scene/control/behavior/TextInputControlBehavior <init> (Ljavafx/scene/control/TextInputControl;)V 1783 <appendix> member <vmtarget> ; # com/sun/javafx/scene/control/behavior/TextInputControlBehavior$$Lambda+0x000002181d26cb88
instanceKlass  @bci com/sun/javafx/scene/control/behavior/TextInputControlBehavior <init> (Ljavafx/scene/control/TextInputControl;)V 1757 <appendix> member <vmtarget> ; # com/sun/javafx/scene/control/behavior/TextInputControlBehavior$$Lambda+0x000002181d26c970
instanceKlass  @bci com/sun/javafx/scene/control/behavior/TextInputControlBehavior <init> (Ljavafx/scene/control/TextInputControl;)V 1722 <appendix> argL0 ; # com/sun/javafx/scene/control/behavior/TextInputControlBehavior$$Lambda+0x000002181d26c730
instanceKlass  @bci com/sun/javafx/scene/control/behavior/TextInputControlBehavior <init> (Ljavafx/scene/control/TextInputControl;)V 1685 <appendix> member <vmtarget> ; # com/sun/javafx/scene/control/behavior/TextInputControlBehavior$$Lambda+0x000002181d26c518
instanceKlass  @bci com/sun/javafx/scene/control/behavior/TextInputControlBehavior <init> (Ljavafx/scene/control/TextInputControl;)V 1655 <appendix> member <vmtarget> ; # com/sun/javafx/scene/control/behavior/TextInputControlBehavior$$Lambda+0x000002181d26c300
instanceKlass  @bci com/sun/javafx/scene/control/behavior/TextInputControlBehavior <init> (Ljavafx/scene/control/TextInputControl;)V 1625 <appendix> member <vmtarget> ; # com/sun/javafx/scene/control/behavior/TextInputControlBehavior$$Lambda+0x000002181d26c0e8
instanceKlass  @bci com/sun/javafx/scene/control/behavior/TextInputControlBehavior <init> (Ljavafx/scene/control/TextInputControl;)V 1595 <appendix> member <vmtarget> ; # com/sun/javafx/scene/control/behavior/TextInputControlBehavior$$Lambda+0x000002181d26bed0
instanceKlass  @bci com/sun/javafx/scene/control/behavior/TextInputControlBehavior <init> (Ljavafx/scene/control/TextInputControl;)V 1565 <appendix> member <vmtarget> ; # com/sun/javafx/scene/control/behavior/TextInputControlBehavior$$Lambda+0x000002181d26bcb8
instanceKlass  @bci com/sun/javafx/scene/control/behavior/TextInputControlBehavior <init> (Ljavafx/scene/control/TextInputControl;)V 1535 <appendix> member <vmtarget> ; # com/sun/javafx/scene/control/behavior/TextInputControlBehavior$$Lambda+0x000002181d26baa0
instanceKlass  @bci com/sun/javafx/scene/control/behavior/TextInputControlBehavior <init> (Ljavafx/scene/control/TextInputControl;)V 1508 <appendix> member <vmtarget> ; # com/sun/javafx/scene/control/behavior/TextInputControlBehavior$$Lambda+0x000002181d26b888
instanceKlass  @bci com/sun/javafx/scene/control/behavior/TextInputControlBehavior <init> (Ljavafx/scene/control/TextInputControl;)V 1481 <appendix> member <vmtarget> ; # com/sun/javafx/scene/control/behavior/TextInputControlBehavior$$Lambda+0x000002181d26b670
instanceKlass  @bci com/sun/javafx/scene/control/behavior/TextInputControlBehavior <init> (Ljavafx/scene/control/TextInputControl;)V 1454 <appendix> member <vmtarget> ; # com/sun/javafx/scene/control/behavior/TextInputControlBehavior$$Lambda+0x000002181d26b458
instanceKlass  @bci com/sun/javafx/scene/control/behavior/TextInputControlBehavior <init> (Ljavafx/scene/control/TextInputControl;)V 1428 <appendix> member <vmtarget> ; # com/sun/javafx/scene/control/behavior/TextInputControlBehavior$$Lambda+0x000002181d26b240
instanceKlass  @bci com/sun/javafx/scene/control/behavior/TextInputControlBehavior <init> (Ljavafx/scene/control/TextInputControl;)V 1402 <appendix> member <vmtarget> ; # com/sun/javafx/scene/control/behavior/TextInputControlBehavior$$Lambda+0x000002181d26b028
instanceKlass  @bci com/sun/javafx/scene/control/behavior/TextInputControlBehavior <init> (Ljavafx/scene/control/TextInputControl;)V 1376 <appendix> member <vmtarget> ; # com/sun/javafx/scene/control/behavior/TextInputControlBehavior$$Lambda+0x000002181d26ae10
instanceKlass  @bci com/sun/javafx/scene/control/behavior/TextInputControlBehavior <init> (Ljavafx/scene/control/TextInputControl;)V 1350 <appendix> member <vmtarget> ; # com/sun/javafx/scene/control/behavior/TextInputControlBehavior$$Lambda+0x000002181d26abf8
instanceKlass  @bci com/sun/javafx/scene/control/behavior/TextInputControlBehavior <init> (Ljavafx/scene/control/TextInputControl;)V 1324 <appendix> member <vmtarget> ; # com/sun/javafx/scene/control/behavior/TextInputControlBehavior$$Lambda+0x000002181d26a9e0
instanceKlass  @bci com/sun/javafx/scene/control/behavior/TextInputControlBehavior <init> (Ljavafx/scene/control/TextInputControl;)V 1289 <appendix> argL0 ; # com/sun/javafx/scene/control/behavior/TextInputControlBehavior$$Lambda+0x000002181d26a7a0
instanceKlass  @bci com/sun/javafx/scene/control/behavior/TextInputControlBehavior <init> (Ljavafx/scene/control/TextInputControl;)V 1247 <appendix> member <vmtarget> ; # com/sun/javafx/scene/control/behavior/TextInputControlBehavior$$Lambda+0x000002181d26a588
instanceKlass  @bci com/sun/javafx/scene/control/behavior/TextInputControlBehavior <init> (Ljavafx/scene/control/TextInputControl;)V 1226 <appendix> member <vmtarget> ; # com/sun/javafx/scene/control/behavior/TextInputControlBehavior$$Lambda+0x000002181d26a160
instanceKlass  @bci com/sun/javafx/scene/control/behavior/TextInputControlBehavior <init> (Ljavafx/scene/control/TextInputControl;)V 1206 <appendix> member <vmtarget> ; # com/sun/javafx/scene/control/behavior/TextInputControlBehavior$$Lambda+0x000002181d269f48
instanceKlass  @bci com/sun/javafx/scene/control/behavior/TextInputControlBehavior <init> (Ljavafx/scene/control/TextInputControl;)V 1186 <appendix> member <vmtarget> ; # com/sun/javafx/scene/control/behavior/TextInputControlBehavior$$Lambda+0x000002181d269d30
instanceKlass  @bci com/sun/javafx/scene/control/behavior/TextInputControlBehavior <init> (Ljavafx/scene/control/TextInputControl;)V 1166 <appendix> argL0 ; # com/sun/javafx/scene/control/behavior/TextInputControlBehavior$$Lambda+0x000002181d269af0
instanceKlass  @bci com/sun/javafx/scene/control/behavior/TextInputControlBehavior <init> (Ljavafx/scene/control/TextInputControl;)V 1161 <appendix> member <vmtarget> ; # com/sun/javafx/scene/control/behavior/TextInputControlBehavior$$Lambda+0x000002181d2698d8
instanceKlass  @bci com/sun/javafx/scene/control/behavior/TextInputControlBehavior <init> (Ljavafx/scene/control/TextInputControl;)V 1125 <appendix> argL0 ; # com/sun/javafx/scene/control/behavior/TextInputControlBehavior$$Lambda+0x000002181d2696c8
instanceKlass  @bci com/sun/javafx/scene/control/behavior/TextInputControlBehavior <init> (Ljavafx/scene/control/TextInputControl;)V 1095 <appendix> member <vmtarget> ; # com/sun/javafx/scene/control/behavior/TextInputControlBehavior$$Lambda+0x000002181d2694b0
instanceKlass  @bci com/sun/javafx/scene/control/behavior/TextInputControlBehavior <init> (Ljavafx/scene/control/TextInputControl;)V 1046 <appendix> member <vmtarget> ; # com/sun/javafx/scene/control/behavior/TextInputControlBehavior$$Lambda+0x000002181d269298
instanceKlass  @bci com/sun/javafx/scene/control/behavior/TextInputControlBehavior <init> (Ljavafx/scene/control/TextInputControl;)V 1016 <appendix> member <vmtarget> ; # com/sun/javafx/scene/control/behavior/TextInputControlBehavior$$Lambda+0x000002181d269080
instanceKlass  @bci com/sun/javafx/scene/control/behavior/TextInputControlBehavior <init> (Ljavafx/scene/control/TextInputControl;)V 996 <appendix> argL0 ; # com/sun/javafx/scene/control/behavior/TextInputControlBehavior$$Lambda+0x000002181d268e70
instanceKlass  @bci com/sun/javafx/scene/control/behavior/TextInputControlBehavior <init> (Ljavafx/scene/control/TextInputControl;)V 964 <appendix> argL0 ; # com/sun/javafx/scene/control/behavior/TextInputControlBehavior$$Lambda+0x000002181d268c60
instanceKlass  @bci com/sun/javafx/scene/control/behavior/TextInputControlBehavior <init> (Ljavafx/scene/control/TextInputControl;)V 935 <appendix> argL0 ; # com/sun/javafx/scene/control/behavior/TextInputControlBehavior$$Lambda+0x000002181d268a50
instanceKlass  @bci com/sun/javafx/scene/control/behavior/TextInputControlBehavior <init> (Ljavafx/scene/control/TextInputControl;)V 906 <appendix> argL0 ; # com/sun/javafx/scene/control/behavior/TextInputControlBehavior$$Lambda+0x000002181d268840
instanceKlass com/sun/javafx/scene/control/behavior/FocusTraversalInputMap
instanceKlass  @bci com/sun/javafx/scene/control/behavior/TextInputControlBehavior <init> (Ljavafx/scene/control/TextInputControl;)V 880 <appendix> member <vmtarget> ; # com/sun/javafx/scene/control/behavior/TextInputControlBehavior$$Lambda+0x000002181d268430
instanceKlass  @bci com/sun/javafx/scene/control/behavior/TextInputControlBehavior <init> (Ljavafx/scene/control/TextInputControl;)V 853 <appendix> member <vmtarget> ; # com/sun/javafx/scene/control/behavior/TextInputControlBehavior$$Lambda+0x000002181d268218
instanceKlass  @bci com/sun/javafx/scene/control/behavior/TextInputControlBehavior <init> (Ljavafx/scene/control/TextInputControl;)V 823 <appendix> member <vmtarget> ; # com/sun/javafx/scene/control/behavior/TextInputControlBehavior$$Lambda+0x000002181d268000
instanceKlass  @bci com/sun/javafx/scene/control/behavior/TextInputControlBehavior <init> (Ljavafx/scene/control/TextInputControl;)V 793 <appendix> member <vmtarget> ; # com/sun/javafx/scene/control/behavior/TextInputControlBehavior$$Lambda+0x000002181d267d50
instanceKlass  @bci com/sun/javafx/scene/control/behavior/TextInputControlBehavior <init> (Ljavafx/scene/control/TextInputControl;)V 766 <appendix> member <vmtarget> ; # com/sun/javafx/scene/control/behavior/TextInputControlBehavior$$Lambda+0x000002181d267b38
instanceKlass  @bci com/sun/javafx/scene/control/behavior/TextInputControlBehavior <init> (Ljavafx/scene/control/TextInputControl;)V 739 <appendix> member <vmtarget> ; # com/sun/javafx/scene/control/behavior/TextInputControlBehavior$$Lambda+0x000002181d267920
instanceKlass  @bci com/sun/javafx/scene/control/behavior/TextInputControlBehavior <init> (Ljavafx/scene/control/TextInputControl;)V 712 <appendix> member <vmtarget> ; # com/sun/javafx/scene/control/behavior/TextInputControlBehavior$$Lambda+0x000002181d267708
instanceKlass  @bci com/sun/javafx/scene/control/behavior/TextInputControlBehavior <init> (Ljavafx/scene/control/TextInputControl;)V 684 <appendix> member <vmtarget> ; # com/sun/javafx/scene/control/behavior/TextInputControlBehavior$$Lambda+0x000002181d2674f0
instanceKlass  @bci com/sun/javafx/scene/control/behavior/TextInputControlBehavior <init> (Ljavafx/scene/control/TextInputControl;)V 656 <appendix> member <vmtarget> ; # com/sun/javafx/scene/control/behavior/TextInputControlBehavior$$Lambda+0x000002181d2672d8
instanceKlass  @bci com/sun/javafx/scene/control/behavior/TextInputControlBehavior <init> (Ljavafx/scene/control/TextInputControl;)V 631 <appendix> member <vmtarget> ; # com/sun/javafx/scene/control/behavior/TextInputControlBehavior$$Lambda+0x000002181d2670c0
instanceKlass  @bci com/sun/javafx/scene/control/behavior/TextInputControlBehavior <init> (Ljavafx/scene/control/TextInputControl;)V 604 <appendix> member <vmtarget> ; # com/sun/javafx/scene/control/behavior/TextInputControlBehavior$$Lambda+0x000002181d266ea8
instanceKlass  @bci com/sun/javafx/scene/control/behavior/TextInputControlBehavior <init> (Ljavafx/scene/control/TextInputControl;)V 587 <appendix> member <vmtarget> ; # com/sun/javafx/scene/control/behavior/TextInputControlBehavior$$Lambda+0x000002181d266c90
instanceKlass  @bci com/sun/javafx/scene/control/behavior/TextInputControlBehavior <init> (Ljavafx/scene/control/TextInputControl;)V 560 <appendix> member <vmtarget> ; # com/sun/javafx/scene/control/behavior/TextInputControlBehavior$$Lambda+0x000002181d266a78
instanceKlass  @bci com/sun/javafx/scene/control/behavior/TextInputControlBehavior <init> (Ljavafx/scene/control/TextInputControl;)V 532 <appendix> member <vmtarget> ; # com/sun/javafx/scene/control/behavior/TextInputControlBehavior$$Lambda+0x000002181d266860
instanceKlass  @bci com/sun/javafx/scene/control/behavior/TextInputControlBehavior <init> (Ljavafx/scene/control/TextInputControl;)V 507 <appendix> member <vmtarget> ; # com/sun/javafx/scene/control/behavior/TextInputControlBehavior$$Lambda+0x000002181d266648
instanceKlass  @bci com/sun/javafx/scene/control/behavior/TextInputControlBehavior <init> (Ljavafx/scene/control/TextInputControl;)V 479 <appendix> member <vmtarget> ; # com/sun/javafx/scene/control/behavior/TextInputControlBehavior$$Lambda+0x000002181d266430
instanceKlass  @bci com/sun/javafx/scene/control/behavior/TextInputControlBehavior <init> (Ljavafx/scene/control/TextInputControl;)V 454 <appendix> member <vmtarget> ; # com/sun/javafx/scene/control/behavior/TextInputControlBehavior$$Lambda+0x000002181d266218
instanceKlass  @bci com/sun/javafx/scene/control/behavior/TextInputControlBehavior <init> (Ljavafx/scene/control/TextInputControl;)V 426 <appendix> member <vmtarget> ; # com/sun/javafx/scene/control/behavior/TextInputControlBehavior$$Lambda+0x000002181d266000
instanceKlass  @bci com/sun/javafx/scene/control/behavior/TextInputControlBehavior <init> (Ljavafx/scene/control/TextInputControl;)V 402 <appendix> member <vmtarget> ; # com/sun/javafx/scene/control/behavior/TextInputControlBehavior$$Lambda+0x000002181d265de8
instanceKlass  @bci com/sun/javafx/scene/control/behavior/TextInputControlBehavior <init> (Ljavafx/scene/control/TextInputControl;)V 375 <appendix> member <vmtarget> ; # com/sun/javafx/scene/control/behavior/TextInputControlBehavior$$Lambda+0x000002181d265bd0
instanceKlass  @bci com/sun/javafx/scene/control/behavior/TextInputControlBehavior <init> (Ljavafx/scene/control/TextInputControl;)V 345 <appendix> member <vmtarget> ; # com/sun/javafx/scene/control/behavior/TextInputControlBehavior$$Lambda+0x000002181d2659b8
instanceKlass  @bci com/sun/javafx/scene/control/behavior/TextInputControlBehavior <init> (Ljavafx/scene/control/TextInputControl;)V 328 <appendix> member <vmtarget> ; # com/sun/javafx/scene/control/behavior/TextInputControlBehavior$$Lambda+0x000002181d2657a0
instanceKlass  @bci com/sun/javafx/scene/control/behavior/TextInputControlBehavior <init> (Ljavafx/scene/control/TextInputControl;)V 312 <appendix> member <vmtarget> ; # com/sun/javafx/scene/control/behavior/TextInputControlBehavior$$Lambda+0x000002181d265588
instanceKlass  @bci com/sun/javafx/scene/control/behavior/TextInputControlBehavior <init> (Ljavafx/scene/control/TextInputControl;)V 296 <appendix> member <vmtarget> ; # com/sun/javafx/scene/control/behavior/TextInputControlBehavior$$Lambda+0x000002181d265370
instanceKlass  @bci com/sun/javafx/scene/control/behavior/TextInputControlBehavior <init> (Ljavafx/scene/control/TextInputControl;)V 280 <appendix> member <vmtarget> ; # com/sun/javafx/scene/control/behavior/TextInputControlBehavior$$Lambda+0x000002181d265158
instanceKlass  @bci com/sun/javafx/scene/control/behavior/TextInputControlBehavior <init> (Ljavafx/scene/control/TextInputControl;)V 264 <appendix> member <vmtarget> ; # com/sun/javafx/scene/control/behavior/TextInputControlBehavior$$Lambda+0x000002181d264f40
instanceKlass  @bci com/sun/javafx/scene/control/behavior/TextInputControlBehavior keyMapping (Lcom/sun/javafx/scene/control/inputmap/KeyBinding;Ljavafx/event/EventHandler;Ljava/util/function/Predicate;)Lcom/sun/javafx/scene/control/inputmap/InputMap$KeyMapping; 7 <appendix> member <vmtarget> ; # com/sun/javafx/scene/control/behavior/TextInputControlBehavior$$Lambda+0x000002181d264d28
instanceKlass  @bci com/sun/javafx/scene/control/behavior/TextInputControlBehavior <init> (Ljavafx/scene/control/TextInputControl;)V 248 <appendix> member <vmtarget> ; # com/sun/javafx/scene/control/behavior/TextInputControlBehavior$$Lambda+0x000002181d264b10
instanceKlass  @bci com/sun/javafx/scene/control/behavior/TextInputControlBehavior <init> (Ljavafx/scene/control/TextInputControl;)V 224 <appendix> argL0 ; # com/sun/javafx/scene/control/behavior/TextInputControlBehavior$$Lambda+0x000002181d2648d0
instanceKlass  @bci com/sun/javafx/scene/control/behavior/TextInputControlBehavior <init> (Ljavafx/scene/control/TextInputControl;)V 218 <appendix> argL0 ; # com/sun/javafx/scene/control/behavior/TextInputControlBehavior$$Lambda+0x000002181d264690
instanceKlass  @bci com/sun/javafx/scene/control/behavior/TextInputControlBehavior <init> (Ljavafx/scene/control/TextInputControl;)V 212 <appendix> member <vmtarget> ; # com/sun/javafx/scene/control/behavior/TextInputControlBehavior$$Lambda+0x000002181d264448
instanceKlass  @bci com/sun/javafx/scene/control/behavior/TextInputControlBehavior <init> (Ljavafx/scene/control/TextInputControl;)V 176 <appendix> member <vmtarget> ; # com/sun/javafx/scene/control/behavior/TextInputControlBehavior$$Lambda+0x000002181d262a00
instanceKlass  @bci com/sun/javafx/scene/control/behavior/TextInputControlBehavior <init> (Ljavafx/scene/control/TextInputControl;)V 157 <appendix> member <vmtarget> ; # com/sun/javafx/scene/control/behavior/TextInputControlBehavior$$Lambda+0x000002181d2627e8
instanceKlass  @bci com/sun/javafx/scene/control/behavior/TextInputControlBehavior <init> (Ljavafx/scene/control/TextInputControl;)V 138 <appendix> member <vmtarget> ; # com/sun/javafx/scene/control/behavior/TextInputControlBehavior$$Lambda+0x000002181d2625d0
instanceKlass  @bci com/sun/javafx/scene/control/behavior/TextInputControlBehavior <init> (Ljavafx/scene/control/TextInputControl;)V 119 <appendix> member <vmtarget> ; # com/sun/javafx/scene/control/behavior/TextInputControlBehavior$$Lambda+0x000002181d2623b8
instanceKlass  @bci com/sun/javafx/scene/control/behavior/TextInputControlBehavior <init> (Ljavafx/scene/control/TextInputControl;)V 100 <appendix> member <vmtarget> ; # com/sun/javafx/scene/control/behavior/TextInputControlBehavior$$Lambda+0x000002181d2621a0
instanceKlass  @bci com/sun/javafx/scene/control/behavior/TextInputControlBehavior <init> (Ljavafx/scene/control/TextInputControl;)V 81 <appendix> member <vmtarget> ; # com/sun/javafx/scene/control/behavior/TextInputControlBehavior$$Lambda+0x000002181d261f88
instanceKlass  @bci com/sun/javafx/scene/control/behavior/TextInputControlBehavior <init> (Ljavafx/scene/control/TextInputControl;)V 62 <appendix> member <vmtarget> ; # com/sun/javafx/scene/control/behavior/TextInputControlBehavior$$Lambda+0x000002181d261d70
instanceKlass  @bci com/sun/javafx/scene/control/behavior/TextInputControlBehavior <init> (Ljavafx/scene/control/TextInputControl;)V 43 <appendix> member <vmtarget> ; # com/sun/javafx/scene/control/behavior/TextInputControlBehavior$$Lambda+0x000002181d261b58
instanceKlass  @bci com/sun/javafx/scene/control/behavior/TextInputControlBehavior <init> (Ljavafx/scene/control/TextInputControl;)V 7 <appendix> member <vmtarget> ; # com/sun/javafx/scene/control/behavior/TextInputControlBehavior$$Lambda+0x000002181d25fdb0
instanceKlass javafx/scene/control/MenuItem
instanceKlass  @bci javafx/scene/control/skin/TextAreaSkin <init> (Ljavafx/scene/control/TextArea;)V 103 <appendix> member <vmtarget> ; # javafx/scene/control/skin/TextAreaSkin$$Lambda+0x000002181d25fb98
instanceKlass  @bci javafx/scene/control/skin/TextAreaSkin$ContentView <init> (Ljavafx/scene/control/skin/TextAreaSkin;)V 52 <appendix> member <vmtarget> ; # javafx/scene/control/skin/TextAreaSkin$ContentView$$Lambda+0x000002181d25f980
instanceKlass  @bci javafx/scene/control/skin/TextAreaSkin$ContentView <init> (Ljavafx/scene/control/skin/TextAreaSkin;)V 39 <appendix> member <vmtarget> ; # javafx/scene/control/skin/TextAreaSkin$ContentView$$Lambda+0x000002181d25f768
instanceKlass  @bci javafx/scene/control/skin/TextAreaSkin$ContentView <init> (Ljavafx/scene/control/skin/TextAreaSkin;)V 26 <appendix> member <vmtarget> ; # javafx/scene/control/skin/TextAreaSkin$ContentView$$Lambda+0x000002181d25f550
instanceKlass  @bci javafx/scene/control/skin/TextInputControlSkin <init> (Ljavafx/scene/control/TextInputControl;)V 59 <appendix> member <vmtarget> ; # javafx/scene/control/skin/TextInputControlSkin$$Lambda+0x000002181d25eb40
instanceKlass  @bci javafx/scene/control/skin/TextInputControlSkin$CaretBlinking <init> (Ljavafx/beans/property/BooleanProperty;)V 82 <appendix> member <vmtarget> ; # javafx/scene/control/skin/TextInputControlSkin$CaretBlinking$$Lambda+0x000002181d25e928
instanceKlass javafx/animation/KeyValue
instanceKlass  @bci javafx/scene/control/skin/TextInputControlSkin$CaretBlinking <init> (Ljavafx/beans/property/BooleanProperty;)V 56 <appendix> member <vmtarget> ; # javafx/scene/control/skin/TextInputControlSkin$CaretBlinking$$Lambda+0x000002181d25e328
instanceKlass com/sun/scenario/animation/shared/InterpolationInterval
instanceKlass com/sun/scenario/animation/shared/ClipInterpolator
instanceKlass  @bci com/sun/scenario/animation/shared/TimelineClipCore <clinit> ()V 0 <appendix> argL0 ; # com/sun/scenario/animation/shared/TimelineClipCore$$Lambda+0x000002181d25d268
instanceKlass javafx/animation/KeyFrame
instanceKlass com/sun/scenario/animation/shared/TimelineClipCore
instanceKlass javafx/scene/control/skin/TextInputControlSkin$CaretBlinking
instanceKlass javafx/scene/shape/Path$1
instanceKlass com/sun/javafx/scene/shape/PathHelper$PathAccessor
instanceKlass  @bci javafx/scene/control/skin/TextInputControlSkin <clinit> ()V 4 <appendix> argL0 ; # javafx/scene/control/skin/TextInputControlSkin$$Lambda+0x000002181d25a578
instanceKlass com/sun/javafx/cursor/CursorFrame
instanceKlass  @bci javafx/scene/control/skin/ListViewSkin <init> (Ljavafx/scene/control/ListView;)V 456 <appendix> member <vmtarget> ; # javafx/scene/control/skin/ListViewSkin$$Lambda+0x000002181d256cb0
instanceKlass  @bci javafx/scene/control/skin/ListViewSkin <init> (Ljavafx/scene/control/ListView;)V 441 <appendix> member <vmtarget> ; # javafx/scene/control/skin/ListViewSkin$$Lambda+0x000002181d256a88
instanceKlass  @bci javafx/scene/control/skin/ListViewSkin <init> (Ljavafx/scene/control/ListView;)V 427 <appendix> member <vmtarget> ; # javafx/scene/control/skin/ListViewSkin$$Lambda+0x000002181d256860
instanceKlass  @bci javafx/scene/control/skin/ListViewSkin <init> (Ljavafx/scene/control/ListView;)V 413 <appendix> member <vmtarget> ; # javafx/scene/control/skin/ListViewSkin$$Lambda+0x000002181d256638
instanceKlass  @bci javafx/scene/control/skin/ListViewSkin <init> (Ljavafx/scene/control/ListView;)V 399 <appendix> member <vmtarget> ; # javafx/scene/control/skin/ListViewSkin$$Lambda+0x000002181d256410
instanceKlass  @bci javafx/scene/control/skin/ListViewSkin <init> (Ljavafx/scene/control/ListView;)V 384 <appendix> member <vmtarget> ; # javafx/scene/control/skin/ListViewSkin$$Lambda+0x000002181d2561e8
instanceKlass com/sun/javafx/text/TextLine
instanceKlass com/sun/javafx/font/directwrite/DWRITE_GLYPH_METRICS
instanceKlass com/sun/javafx/font/directwrite/DWRITE_GLYPH_RUN
instanceKlass com/sun/javafx/font/directwrite/RECT
instanceKlass com/sun/javafx/font/directwrite/D2D1_MATRIX_3X2_F
instanceKlass com/sun/javafx/font/directwrite/D2D1_COLOR_F
instanceKlass com/sun/javafx/font/directwrite/DWGlyph
instanceKlass com/sun/javafx/font/Glyph
instanceKlass com/sun/javafx/font/PrismMetrics
instanceKlass com/sun/javafx/text/LayoutCache
instanceKlass com/sun/javafx/text/ScriptMapper
# instanceKlass java/lang/invoke/LambdaForm$MH+0x000002181d254800
# instanceKlass java/lang/invoke/LambdaForm$MH+0x000002181d254400
# instanceKlass java/lang/invoke/LambdaForm$MH+0x000002181d254000
instanceKlass com/sun/javafx/font/CMap
instanceKlass jdk/internal/icu/text/BidiLine
instanceKlass jdk/internal/icu/text/UTF16
instanceKlass jdk/internal/foreign/MemorySessionImpl
instanceKlass java/lang/foreign/MemorySegment$Scope
instanceKlass jdk/internal/icu/impl/Trie2$UTrie2Header
instanceKlass jdk/internal/icu/impl/Trie2$1
instanceKlass jdk/internal/icu/impl/Trie2$ValueMapper
instanceKlass jdk/internal/icu/impl/Trie2
instanceKlass jdk/internal/icu/impl/UBiDiProps$IsAcceptable
instanceKlass jdk/internal/icu/impl/ICUBinary$Authenticate
instanceKlass  @bci jdk/internal/module/SystemModuleFinders$SystemModuleReader open (Ljava/lang/String;)Ljava/util/Optional; 6 <appendix> member <vmtarget> ; # jdk/internal/module/SystemModuleFinders$SystemModuleReader$$Lambda+0x000002181d1ca260
instanceKlass jdk/internal/icu/impl/ICUBinary$1
instanceKlass jdk/internal/icu/impl/ICUBinary
instanceKlass jdk/internal/icu/impl/UBiDiProps
instanceKlass jdk/internal/icu/text/BidiBase$Point
instanceKlass jdk/internal/icu/text/BidiBase$InsertPoints
instanceKlass jdk/internal/icu/text/BidiRun
instanceKlass jdk/internal/icu/text/BidiBase$ImpTabPair
instanceKlass jdk/internal/icu/text/BidiBase
instanceKlass java/text/Bidi
instanceKlass com/sun/javafx/text/TextRun
instanceKlass  @bci javafx/scene/control/skin/ScrollBarSkin <init> (Ljavafx/scene/control/ScrollBar;)V 93 <appendix> member <vmtarget> ; # javafx/scene/control/skin/ScrollBarSkin$$Lambda+0x000002181d250228
instanceKlass  @bci javafx/scene/control/skin/ScrollBarSkin <init> (Ljavafx/scene/control/ScrollBar;)V 78 <appendix> member <vmtarget> ; # javafx/scene/control/skin/ScrollBarSkin$$Lambda+0x000002181d250000
instanceKlass  @bci javafx/scene/control/skin/ScrollBarSkin <init> (Ljavafx/scene/control/ScrollBar;)V 38 <appendix> member <vmtarget> ; # javafx/scene/control/skin/ScrollBarSkin$$Lambda+0x000002181d248c30
instanceKlass  @bci javafx/scene/control/skin/ScrollBarSkin initialize ()V 314 <appendix> member <vmtarget> ; # javafx/scene/control/skin/ScrollBarSkin$$Lambda+0x000002181d248a18
instanceKlass  @bci javafx/scene/control/skin/ScrollBarSkin initialize ()V 294 <appendix> member <vmtarget> ; # javafx/scene/control/skin/ScrollBarSkin$$Lambda+0x000002181d248800
instanceKlass  @bci javafx/scene/control/skin/ScrollBarSkin initialize ()V 281 <appendix> member <vmtarget> ; # javafx/scene/control/skin/ScrollBarSkin$$Lambda+0x000002181d249c90
instanceKlass  @bci javafx/scene/control/skin/ScrollBarSkin initialize ()V 268 <appendix> member <vmtarget> ; # javafx/scene/control/skin/ScrollBarSkin$$Lambda+0x000002181d249a78
instanceKlass  @bci javafx/scene/control/skin/ScrollBarSkin initialize ()V 255 <appendix> member <vmtarget> ; # javafx/scene/control/skin/ScrollBarSkin$$Lambda+0x000002181d249860
instanceKlass  @bci javafx/scene/control/skin/ScrollBarSkin initialize ()V 242 <appendix> member <vmtarget> ; # javafx/scene/control/skin/ScrollBarSkin$$Lambda+0x000002181d249648
instanceKlass  @bci javafx/scene/control/skin/ScrollBarSkin initialize ()V 229 <appendix> member <vmtarget> ; # javafx/scene/control/skin/ScrollBarSkin$$Lambda+0x000002181d249430
instanceKlass  @bci javafx/scene/control/skin/ScrollBarSkin initialize ()V 216 <appendix> member <vmtarget> ; # javafx/scene/control/skin/ScrollBarSkin$$Lambda+0x000002181d249218
instanceKlass  @bci javafx/scene/control/skin/ScrollBarSkin initialize ()V 203 <appendix> member <vmtarget> ; # javafx/scene/control/skin/ScrollBarSkin$$Lambda+0x000002181d249000
instanceKlass  @bci javafx/scene/control/skin/ScrollBarSkin initialize ()V 162 <appendix> member <vmtarget> ; # javafx/scene/control/skin/ScrollBarSkin$$Lambda+0x000002181d24bd90
instanceKlass  @bci javafx/scene/control/skin/ScrollBarSkin initialize ()V 149 <appendix> member <vmtarget> ; # javafx/scene/control/skin/ScrollBarSkin$$Lambda+0x000002181d24bb78
instanceKlass com/sun/javafx/scene/control/Properties
instanceKlass  @bci com/sun/javafx/scene/control/behavior/ScrollBarBehavior <init> (Ljavafx/scene/control/ScrollBar;)V 285 <appendix> member <vmtarget> ; # com/sun/javafx/scene/control/behavior/ScrollBarBehavior$$Lambda+0x000002181d24b768
instanceKlass  @bci com/sun/javafx/scene/control/behavior/ScrollBarBehavior <init> (Ljavafx/scene/control/ScrollBar;)V 266 <appendix> member <vmtarget> ; # com/sun/javafx/scene/control/behavior/ScrollBarBehavior$$Lambda+0x000002181d24b550
instanceKlass  @bci com/sun/javafx/scene/control/behavior/ScrollBarBehavior <init> (Ljavafx/scene/control/ScrollBar;)V 247 <appendix> member <vmtarget> ; # com/sun/javafx/scene/control/behavior/ScrollBarBehavior$$Lambda+0x000002181d24b338
instanceKlass  @bci com/sun/javafx/scene/control/behavior/ScrollBarBehavior <init> (Ljavafx/scene/control/ScrollBar;)V 228 <appendix> member <vmtarget> ; # com/sun/javafx/scene/control/behavior/ScrollBarBehavior$$Lambda+0x000002181d24b120
instanceKlass  @bci com/sun/javafx/scene/control/behavior/ScrollBarBehavior <init> (Ljavafx/scene/control/ScrollBar;)V 202 <appendix> member <vmtarget> ; # com/sun/javafx/scene/control/behavior/ScrollBarBehavior$$Lambda+0x000002181d24aed8
instanceKlass  @bci com/sun/javafx/scene/control/behavior/ScrollBarBehavior <init> (Ljavafx/scene/control/ScrollBar;)V 167 <appendix> member <vmtarget> ; # com/sun/javafx/scene/control/behavior/ScrollBarBehavior$$Lambda+0x000002181d24acc0
instanceKlass  @bci com/sun/javafx/scene/control/behavior/ScrollBarBehavior <init> (Ljavafx/scene/control/ScrollBar;)V 147 <appendix> member <vmtarget> ; # com/sun/javafx/scene/control/behavior/ScrollBarBehavior$$Lambda+0x000002181d24aaa8
instanceKlass  @bci com/sun/javafx/scene/control/behavior/ScrollBarBehavior <init> (Ljavafx/scene/control/ScrollBar;)V 127 <appendix> member <vmtarget> ; # com/sun/javafx/scene/control/behavior/ScrollBarBehavior$$Lambda+0x000002181d24a890
instanceKlass  @bci com/sun/javafx/scene/control/behavior/ScrollBarBehavior <init> (Ljavafx/scene/control/ScrollBar;)V 107 <appendix> member <vmtarget> ; # com/sun/javafx/scene/control/behavior/ScrollBarBehavior$$Lambda+0x000002181d24a678
instanceKlass  @bci com/sun/javafx/scene/control/behavior/ScrollBarBehavior <init> (Ljavafx/scene/control/ScrollBar;)V 80 <appendix> member <vmtarget> ; # com/sun/javafx/scene/control/behavior/ScrollBarBehavior$$Lambda+0x000002181d24a430
instanceKlass  @bci com/sun/javafx/scene/control/behavior/ScrollBarBehavior <init> (Ljavafx/scene/control/ScrollBar;)V 57 <appendix> member <vmtarget> ; # com/sun/javafx/scene/control/behavior/ScrollBarBehavior$$Lambda+0x000002181d24a218
instanceKlass  @bci com/sun/javafx/scene/control/behavior/ScrollBarBehavior <init> (Ljavafx/scene/control/ScrollBar;)V 35 <appendix> member <vmtarget> ; # com/sun/javafx/scene/control/behavior/ScrollBarBehavior$$Lambda+0x000002181d24a000
instanceKlass javafx/scene/control/skin/CellSkinBase$StyleableProperties
instanceKlass  @bci com/sun/javafx/scene/control/behavior/CellBehaviorBase <init> (Ljavafx/scene/control/Cell;)V 75 <appendix> member <vmtarget> ; # com/sun/javafx/scene/control/behavior/CellBehaviorBase$$Lambda+0x000002181d24ceb0
instanceKlass  @bci com/sun/javafx/scene/control/behavior/CellBehaviorBase <init> (Ljavafx/scene/control/Cell;)V 54 <appendix> member <vmtarget> ; # com/sun/javafx/scene/control/behavior/CellBehaviorBase$$Lambda+0x000002181d24cc98
instanceKlass  @bci com/sun/javafx/scene/control/behavior/CellBehaviorBase <init> (Ljavafx/scene/control/Cell;)V 33 <appendix> member <vmtarget> ; # com/sun/javafx/scene/control/behavior/CellBehaviorBase$$Lambda+0x000002181d24ca80
instanceKlass  @bci javafx/scene/control/skin/VirtualFlow getCell (I)Ljavafx/scene/control/IndexedCell; 158 <appendix> member <vmtarget> ; # javafx/scene/control/skin/VirtualFlow$$Lambda+0x000002181d246fb8
instanceKlass  @bci javafx/scene/control/skin/ListViewSkin <init> (Ljavafx/scene/control/ListView;)V 305 <appendix> member <vmtarget> ; # javafx/scene/control/skin/ListViewSkin$$Lambda+0x000002181d246da0
instanceKlass javafx/scene/control/ScrollBar$StyleableProperties
instanceKlass javafx/scene/shape/Rectangle$StyleableProperties
instanceKlass  @bci javafx/scene/control/skin/ListViewSkin <init> (Ljavafx/scene/control/ListView;)V 271 <appendix> member <vmtarget> ; # javafx/scene/control/skin/ListViewSkin$$Lambda+0x000002181d245ca0
instanceKlass  @bci javafx/scene/control/skin/ListViewSkin <init> (Ljavafx/scene/control/ListView;)V 205 <appendix> member <vmtarget> ; # javafx/scene/control/skin/ListViewSkin$$Lambda+0x000002181d245a88
instanceKlass  @bci javafx/scene/control/skin/ListViewSkin <init> (Ljavafx/scene/control/ListView;)V 192 <appendix> member <vmtarget> ; # javafx/scene/control/skin/ListViewSkin$$Lambda+0x000002181d245870
instanceKlass  @cpi javafx/scene/control/skin/ListViewSkin 727 form vmentry <vmtarget> ; # java/lang/invoke/LambdaForm$DMH+0x000002181d248000
instanceKlass  @bci javafx/scene/control/skin/ListViewSkin <init> (Ljavafx/scene/control/ListView;)V 179 <appendix> member <vmtarget> ; # javafx/scene/control/skin/ListViewSkin$$Lambda+0x000002181d245658
instanceKlass  @bci javafx/scene/control/skin/ListViewSkin <init> (Ljavafx/scene/control/ListView;)V 166 <appendix> member <vmtarget> ; # javafx/scene/control/skin/ListViewSkin$$Lambda+0x000002181d245440
instanceKlass  @bci javafx/scene/control/skin/ListViewSkin <init> (Ljavafx/scene/control/ListView;)V 153 <appendix> member <vmtarget> ; # javafx/scene/control/skin/ListViewSkin$$Lambda+0x000002181d245228
instanceKlass  @bci javafx/scene/control/skin/ListViewSkin <init> (Ljavafx/scene/control/ListView;)V 140 <appendix> member <vmtarget> ; # javafx/scene/control/skin/ListViewSkin$$Lambda+0x000002181d244e28
instanceKlass  @bci javafx/scene/control/skin/ListViewSkin <init> (Ljavafx/scene/control/ListView;)V 127 <appendix> member <vmtarget> ; # javafx/scene/control/skin/ListViewSkin$$Lambda+0x000002181d244c10
instanceKlass  @bci javafx/scene/control/skin/ListViewSkin <init> (Ljavafx/scene/control/ListView;)V 114 <appendix> member <vmtarget> ; # javafx/scene/control/skin/ListViewSkin$$Lambda+0x000002181d2449f8
instanceKlass  @bci com/sun/javafx/scene/control/behavior/ListViewBehavior <init> (Ljavafx/scene/control/ListView;)V 1737 <appendix> member <vmtarget> ; # com/sun/javafx/scene/control/behavior/ListViewBehavior$$Lambda+0x000002181d2447e0
instanceKlass  @bci com/sun/javafx/scene/control/behavior/ListViewBehavior <init> (Ljavafx/scene/control/ListView;)V 1704 <appendix> member <vmtarget> ; # com/sun/javafx/scene/control/behavior/ListViewBehavior$$Lambda+0x000002181d2445c8
instanceKlass  @bci com/sun/javafx/scene/control/behavior/ListViewBehavior <init> (Ljavafx/scene/control/ListView;)V 1671 <appendix> member <vmtarget> ; # com/sun/javafx/scene/control/behavior/ListViewBehavior$$Lambda+0x000002181d2443b0
instanceKlass  @bci com/sun/javafx/scene/control/behavior/ListViewBehavior <init> (Ljavafx/scene/control/ListView;)V 1641 <appendix> member <vmtarget> ; # com/sun/javafx/scene/control/behavior/ListViewBehavior$$Lambda+0x000002181d244198
instanceKlass  @bci com/sun/javafx/scene/control/behavior/ListViewBehavior <init> (Ljavafx/scene/control/ListView;)V 1611 <appendix> member <vmtarget> ; # com/sun/javafx/scene/control/behavior/ListViewBehavior$$Lambda+0x000002181d243f80
instanceKlass  @bci com/sun/javafx/scene/control/behavior/ListViewBehavior <init> (Ljavafx/scene/control/ListView;)V 1581 <appendix> member <vmtarget> ; # com/sun/javafx/scene/control/behavior/ListViewBehavior$$Lambda+0x000002181d243d68
instanceKlass  @bci com/sun/javafx/scene/control/behavior/ListViewBehavior <init> (Ljavafx/scene/control/ListView;)V 1551 <appendix> member <vmtarget> ; # com/sun/javafx/scene/control/behavior/ListViewBehavior$$Lambda+0x000002181d243b50
instanceKlass  @bci com/sun/javafx/scene/control/behavior/ListViewBehavior <init> (Ljavafx/scene/control/ListView;)V 1522 <appendix> member <vmtarget> ; # com/sun/javafx/scene/control/behavior/ListViewBehavior$$Lambda+0x000002181d243938
instanceKlass  @bci com/sun/javafx/scene/control/behavior/ListViewBehavior <init> (Ljavafx/scene/control/ListView;)V 1493 <appendix> member <vmtarget> ; # com/sun/javafx/scene/control/behavior/ListViewBehavior$$Lambda+0x000002181d243720
instanceKlass  @bci com/sun/javafx/scene/control/behavior/ListViewBehavior <init> (Ljavafx/scene/control/ListView;)V 1474 <appendix> member <vmtarget> ; # com/sun/javafx/scene/control/behavior/ListViewBehavior$$Lambda+0x000002181d243508
instanceKlass  @bci com/sun/javafx/scene/control/behavior/ListViewBehavior <init> (Ljavafx/scene/control/ListView;)V 1455 <appendix> member <vmtarget> ; # com/sun/javafx/scene/control/behavior/ListViewBehavior$$Lambda+0x000002181d2432f0
instanceKlass  @bci com/sun/javafx/scene/control/behavior/ListViewBehavior <init> (Ljavafx/scene/control/ListView;)V 1436 <appendix> member <vmtarget> ; # com/sun/javafx/scene/control/behavior/ListViewBehavior$$Lambda+0x000002181d2430d8
instanceKlass  @bci com/sun/javafx/scene/control/behavior/ListViewBehavior <init> (Ljavafx/scene/control/ListView;)V 1410 <appendix> member <vmtarget> ; # com/sun/javafx/scene/control/behavior/ListViewBehavior$$Lambda+0x000002181d242e90
instanceKlass  @bci com/sun/javafx/scene/control/behavior/ListViewBehavior <init> (Ljavafx/scene/control/ListView;)V 1374 <appendix> member <vmtarget> ; # com/sun/javafx/scene/control/behavior/ListViewBehavior$$Lambda+0x000002181d242c78
instanceKlass  @bci com/sun/javafx/scene/control/behavior/ListViewBehavior <init> (Ljavafx/scene/control/ListView;)V 1340 <appendix> member <vmtarget> ; # com/sun/javafx/scene/control/behavior/ListViewBehavior$$Lambda+0x000002181d242a60
instanceKlass  @bci com/sun/javafx/scene/control/behavior/ListViewBehavior <init> (Ljavafx/scene/control/ListView;)V 1307 <appendix> member <vmtarget> ; # com/sun/javafx/scene/control/behavior/ListViewBehavior$$Lambda+0x000002181d242848
instanceKlass  @bci com/sun/javafx/scene/control/behavior/ListViewBehavior <init> (Ljavafx/scene/control/ListView;)V 1274 <appendix> member <vmtarget> ; # com/sun/javafx/scene/control/behavior/ListViewBehavior$$Lambda+0x000002181d242630
instanceKlass  @bci com/sun/javafx/scene/control/behavior/ListViewBehavior <init> (Ljavafx/scene/control/ListView;)V 1241 <appendix> member <vmtarget> ; # com/sun/javafx/scene/control/behavior/ListViewBehavior$$Lambda+0x000002181d242418
instanceKlass  @bci com/sun/javafx/scene/control/behavior/ListViewBehavior <init> (Ljavafx/scene/control/ListView;)V 1208 <appendix> member <vmtarget> ; # com/sun/javafx/scene/control/behavior/ListViewBehavior$$Lambda+0x000002181d242200
instanceKlass  @bci com/sun/javafx/scene/control/behavior/ListViewBehavior <init> (Ljavafx/scene/control/ListView;)V 1175 <appendix> member <vmtarget> ; # com/sun/javafx/scene/control/behavior/ListViewBehavior$$Lambda+0x000002181d241fe8
instanceKlass  @bci com/sun/javafx/scene/control/behavior/ListViewBehavior <init> (Ljavafx/scene/control/ListView;)V 1145 <appendix> member <vmtarget> ; # com/sun/javafx/scene/control/behavior/ListViewBehavior$$Lambda+0x000002181d241dd0
instanceKlass  @bci com/sun/javafx/scene/control/behavior/ListViewBehavior <init> (Ljavafx/scene/control/ListView;)V 1115 <appendix> member <vmtarget> ; # com/sun/javafx/scene/control/behavior/ListViewBehavior$$Lambda+0x000002181d241bb8
instanceKlass  @bci com/sun/javafx/scene/control/behavior/ListViewBehavior <init> (Ljavafx/scene/control/ListView;)V 1085 <appendix> member <vmtarget> ; # com/sun/javafx/scene/control/behavior/ListViewBehavior$$Lambda+0x000002181d2419a0
instanceKlass  @bci com/sun/javafx/scene/control/behavior/ListViewBehavior <init> (Ljavafx/scene/control/ListView;)V 1055 <appendix> member <vmtarget> ; # com/sun/javafx/scene/control/behavior/ListViewBehavior$$Lambda+0x000002181d241788
instanceKlass  @bci com/sun/javafx/scene/control/behavior/ListViewBehavior <init> (Ljavafx/scene/control/ListView;)V 1026 <appendix> member <vmtarget> ; # com/sun/javafx/scene/control/behavior/ListViewBehavior$$Lambda+0x000002181d241570
instanceKlass  @bci com/sun/javafx/scene/control/behavior/ListViewBehavior <init> (Ljavafx/scene/control/ListView;)V 997 <appendix> member <vmtarget> ; # com/sun/javafx/scene/control/behavior/ListViewBehavior$$Lambda+0x000002181d241358
instanceKlass  @bci com/sun/javafx/scene/control/behavior/ListViewBehavior <init> (Ljavafx/scene/control/ListView;)V 978 <appendix> member <vmtarget> ; # com/sun/javafx/scene/control/behavior/ListViewBehavior$$Lambda+0x000002181d241140
instanceKlass  @bci com/sun/javafx/scene/control/behavior/ListViewBehavior <init> (Ljavafx/scene/control/ListView;)V 959 <appendix> member <vmtarget> ; # com/sun/javafx/scene/control/behavior/ListViewBehavior$$Lambda+0x000002181d240f28
instanceKlass  @bci com/sun/javafx/scene/control/behavior/ListViewBehavior <init> (Ljavafx/scene/control/ListView;)V 940 <appendix> member <vmtarget> ; # com/sun/javafx/scene/control/behavior/ListViewBehavior$$Lambda+0x000002181d240d10
instanceKlass  @bci com/sun/javafx/scene/control/behavior/ListViewBehavior <init> (Ljavafx/scene/control/ListView;)V 914 <appendix> member <vmtarget> ; # com/sun/javafx/scene/control/behavior/ListViewBehavior$$Lambda+0x000002181d240ac8
instanceKlass  @bci com/sun/javafx/scene/control/behavior/ListViewBehavior <init> (Ljavafx/scene/control/ListView;)V 879 <appendix> member <vmtarget> ; # com/sun/javafx/scene/control/behavior/ListViewBehavior$$Lambda+0x000002181d2408b0
instanceKlass  @bci com/sun/javafx/scene/control/behavior/ListViewBehavior <init> (Ljavafx/scene/control/ListView;)V 844 <appendix> argL0 ; # com/sun/javafx/scene/control/behavior/ListViewBehavior$$Lambda+0x000002181d240670
instanceKlass  @bci com/sun/javafx/scene/control/behavior/ListViewBehavior <init> (Ljavafx/scene/control/ListView;)V 810 <appendix> member <vmtarget> ; # com/sun/javafx/scene/control/behavior/ListViewBehavior$$Lambda+0x000002181d240458
instanceKlass  @bci com/sun/javafx/scene/control/behavior/ListViewBehavior <init> (Ljavafx/scene/control/ListView;)V 772 <appendix> argL0 ; # com/sun/javafx/scene/control/behavior/ListViewBehavior$$Lambda+0x000002181d240218
instanceKlass  @bci com/sun/javafx/scene/control/behavior/ListViewBehavior <init> (Ljavafx/scene/control/ListView;)V 748 <appendix> member <vmtarget> ; # com/sun/javafx/scene/control/behavior/ListViewBehavior$$Lambda+0x000002181d240000
instanceKlass  @bci com/sun/javafx/scene/control/behavior/ListViewBehavior <init> (Ljavafx/scene/control/ListView;)V 728 <appendix> member <vmtarget> ; # com/sun/javafx/scene/control/behavior/ListViewBehavior$$Lambda+0x000002181d23fdd0
instanceKlass  @bci com/sun/javafx/scene/control/behavior/ListViewBehavior <init> (Ljavafx/scene/control/ListView;)V 698 <appendix> member <vmtarget> ; # com/sun/javafx/scene/control/behavior/ListViewBehavior$$Lambda+0x000002181d23fbb8
instanceKlass  @bci com/sun/javafx/scene/control/behavior/ListViewBehavior <init> (Ljavafx/scene/control/ListView;)V 668 <appendix> member <vmtarget> ; # com/sun/javafx/scene/control/behavior/ListViewBehavior$$Lambda+0x000002181d23f9a0
instanceKlass  @bci com/sun/javafx/scene/control/behavior/ListViewBehavior <init> (Ljavafx/scene/control/ListView;)V 637 <appendix> member <vmtarget> ; # com/sun/javafx/scene/control/behavior/ListViewBehavior$$Lambda+0x000002181d23f788
instanceKlass  @bci com/sun/javafx/scene/control/behavior/ListViewBehavior <init> (Ljavafx/scene/control/ListView;)V 606 <appendix> member <vmtarget> ; # com/sun/javafx/scene/control/behavior/ListViewBehavior$$Lambda+0x000002181d23f570
instanceKlass  @bci com/sun/javafx/scene/control/behavior/ListViewBehavior <init> (Ljavafx/scene/control/ListView;)V 575 <appendix> member <vmtarget> ; # com/sun/javafx/scene/control/behavior/ListViewBehavior$$Lambda+0x000002181d23f358
instanceKlass  @bci com/sun/javafx/scene/control/behavior/ListViewBehavior <init> (Ljavafx/scene/control/ListView;)V 545 <appendix> member <vmtarget> ; # com/sun/javafx/scene/control/behavior/ListViewBehavior$$Lambda+0x000002181d23f140
instanceKlass  @bci com/sun/javafx/scene/control/behavior/ListViewBehavior <init> (Ljavafx/scene/control/ListView;)V 525 <appendix> member <vmtarget> ; # com/sun/javafx/scene/control/behavior/ListViewBehavior$$Lambda+0x000002181d23ef28
instanceKlass  @bci com/sun/javafx/scene/control/behavior/ListViewBehavior <init> (Ljavafx/scene/control/ListView;)V 505 <appendix> member <vmtarget> ; # com/sun/javafx/scene/control/behavior/ListViewBehavior$$Lambda+0x000002181d23ed10
instanceKlass  @bci com/sun/javafx/scene/control/behavior/ListViewBehavior <init> (Ljavafx/scene/control/ListView;)V 485 <appendix> member <vmtarget> ; # com/sun/javafx/scene/control/behavior/ListViewBehavior$$Lambda+0x000002181d23eaf8
instanceKlass  @bci com/sun/javafx/scene/control/behavior/ListViewBehavior <init> (Ljavafx/scene/control/ListView;)V 465 <appendix> member <vmtarget> ; # com/sun/javafx/scene/control/behavior/ListViewBehavior$$Lambda+0x000002181d23e8e0
instanceKlass  @bci com/sun/javafx/scene/control/behavior/ListViewBehavior <init> (Ljavafx/scene/control/ListView;)V 445 <appendix> member <vmtarget> ; # com/sun/javafx/scene/control/behavior/ListViewBehavior$$Lambda+0x000002181d23e6c8
instanceKlass  @bci com/sun/javafx/scene/control/behavior/ListViewBehavior <init> (Ljavafx/scene/control/ListView;)V 425 <appendix> member <vmtarget> ; # com/sun/javafx/scene/control/behavior/ListViewBehavior$$Lambda+0x000002181d23e4b0
instanceKlass com/sun/javafx/scene/control/inputmap/KeyBinding$1
instanceKlass  @bci com/sun/javafx/scene/control/behavior/ListViewBehavior <init> (Ljavafx/scene/control/ListView;)V 392 <appendix> member <vmtarget> ; # com/sun/javafx/scene/control/behavior/ListViewBehavior$$Lambda+0x000002181d23e0a0
instanceKlass  @bci com/sun/javafx/scene/control/behavior/ListViewBehavior <init> (Ljavafx/scene/control/ListView;)V 362 <appendix> member <vmtarget> ; # com/sun/javafx/scene/control/behavior/ListViewBehavior$$Lambda+0x000002181d23de88
instanceKlass  @bci com/sun/javafx/scene/control/behavior/ListViewBehavior <init> (Ljavafx/scene/control/ListView;)V 333 <appendix> member <vmtarget> ; # com/sun/javafx/scene/control/behavior/ListViewBehavior$$Lambda+0x000002181d23dc70
instanceKlass  @bci com/sun/javafx/scene/control/behavior/ListViewBehavior <init> (Ljavafx/scene/control/ListView;)V 303 <appendix> member <vmtarget> ; # com/sun/javafx/scene/control/behavior/ListViewBehavior$$Lambda+0x000002181d23da58
instanceKlass  @bci com/sun/javafx/scene/control/behavior/ListViewBehavior <init> (Ljavafx/scene/control/ListView;)V 273 <appendix> member <vmtarget> ; # com/sun/javafx/scene/control/behavior/ListViewBehavior$$Lambda+0x000002181d23d840
instanceKlass  @bci com/sun/javafx/scene/control/behavior/ListViewBehavior <init> (Ljavafx/scene/control/ListView;)V 242 <appendix> member <vmtarget> ; # com/sun/javafx/scene/control/behavior/ListViewBehavior$$Lambda+0x000002181d23d628
instanceKlass  @bci com/sun/javafx/scene/control/behavior/ListViewBehavior <init> (Ljavafx/scene/control/ListView;)V 214 <appendix> member <vmtarget> ; # com/sun/javafx/scene/control/behavior/ListViewBehavior$$Lambda+0x000002181d23d410
instanceKlass  @bci com/sun/javafx/scene/control/behavior/ListViewBehavior <init> (Ljavafx/scene/control/ListView;)V 165 <appendix> member <vmtarget> ; # com/sun/javafx/scene/control/behavior/ListViewBehavior$$Lambda+0x000002181d23d1c8
instanceKlass  @bci com/sun/javafx/scene/control/behavior/ListViewBehavior <init> (Ljavafx/scene/control/ListView;)V 158 <appendix> member <vmtarget> ; # com/sun/javafx/scene/control/behavior/ListViewBehavior$$Lambda+0x000002181d23cf80
instanceKlass com/sun/javafx/scene/control/behavior/ListViewBehavior$2
instanceKlass com/sun/javafx/scene/control/behavior/ListViewBehavior$1
instanceKlass  @bci com/sun/javafx/scene/control/behavior/ListViewBehavior <init> (Ljavafx/scene/control/ListView;)V 42 <appendix> member <vmtarget> ; # com/sun/javafx/scene/control/behavior/ListViewBehavior$$Lambda+0x000002181d23c918
instanceKlass  @bci com/sun/javafx/scene/control/behavior/ListViewBehavior <init> (Ljavafx/scene/control/ListView;)V 32 <appendix> member <vmtarget> ; # com/sun/javafx/scene/control/behavior/ListViewBehavior$$Lambda+0x000002181d23c700
instanceKlass  @bci com/sun/javafx/scene/control/behavior/ListViewBehavior <init> (Ljavafx/scene/control/ListView;)V 7 <appendix> member <vmtarget> ; # com/sun/javafx/scene/control/behavior/ListViewBehavior$$Lambda+0x000002181d23c4e8
instanceKlass  @bci javafx/scene/control/skin/ListViewSkin <init> (Ljavafx/scene/control/ListView;)V 74 <appendix> member <vmtarget> ; # javafx/scene/control/skin/ListViewSkin$$Lambda+0x000002181d23c030
instanceKlass javafx/scene/control/skin/ListViewSkin$1
instanceKlass javafx/collections/WeakMapChangeListener
instanceKlass  @bci javafx/scene/control/skin/ListViewSkin <init> (Ljavafx/scene/control/ListView;)V 22 <appendix> member <vmtarget> ; # javafx/scene/control/skin/ListViewSkin$$Lambda+0x000002181d23b9c8
instanceKlass  @bci javafx/scene/control/skin/VirtualContainerBase <init> (Ljavafx/scene/control/Control;)V 22 <appendix> member <vmtarget> ; # javafx/scene/control/skin/VirtualContainerBase$$Lambda+0x000002181d23b7b0
instanceKlass javafx/scene/control/skin/VirtualFlow$3
instanceKlass  @bci javafx/scene/control/skin/VirtualFlow <init> ()V 710 <appendix> member <vmtarget> ; # javafx/scene/control/skin/VirtualFlow$$Lambda+0x000002181d23b108
instanceKlass  @bci javafx/scene/control/skin/VirtualFlow <init> ()V 700 <appendix> member <vmtarget> ; # javafx/scene/control/skin/VirtualFlow$$Lambda+0x000002181d23aef0
instanceKlass  @bci javafx/scene/control/skin/VirtualFlow <init> ()V 690 <appendix> member <vmtarget> ; # javafx/scene/control/skin/VirtualFlow$$Lambda+0x000002181d23acd8
instanceKlass  @bci javafx/scene/control/skin/VirtualFlow <init> ()V 666 <appendix> member <vmtarget> ; # javafx/scene/control/skin/VirtualFlow$$Lambda+0x000002181d23aac0
instanceKlass  @bci javafx/scene/control/skin/VirtualFlow <init> ()V 607 <appendix> member <vmtarget> ; # javafx/scene/control/skin/VirtualFlow$$Lambda+0x000002181d23a8a8
instanceKlass  @bci javafx/scene/control/skin/VirtualFlow <init> ()V 536 <appendix> argL0 ; # javafx/scene/control/skin/VirtualFlow$$Lambda+0x000002181d23a698
instanceKlass  @bci javafx/scene/control/skin/VirtualFlow <init> ()V 497 <appendix> argL0 ; # javafx/scene/control/skin/VirtualFlow$$Lambda+0x000002181d23a488
instanceKlass  @bci javafx/scene/control/skin/VirtualFlow <init> ()V 472 <appendix> member <vmtarget> ; # javafx/scene/control/skin/VirtualFlow$$Lambda+0x000002181d23a270
instanceKlass  @bci javafx/scene/control/skin/VirtualFlow <init> ()V 459 <appendix> member <vmtarget> ; # javafx/scene/control/skin/VirtualFlow$$Lambda+0x000002181d23a058
instanceKlass javafx/scene/control/skin/VirtualFlow$2
instanceKlass javafx/scene/control/skin/VirtualFlow$1
instanceKlass  @bci javafx/scene/control/skin/VirtualFlow <init> ()V 419 <appendix> member <vmtarget> ; # javafx/scene/control/skin/VirtualFlow$$Lambda+0x000002181d2399f0
instanceKlass  @bci javafx/scene/control/skin/VirtualFlow <init> ()V 397 <appendix> member <vmtarget> ; # javafx/scene/control/skin/VirtualFlow$$Lambda+0x000002181d2397d8
instanceKlass  @bci javafx/scene/control/skin/VirtualFlow <init> ()V 377 <appendix> argL0 ; # javafx/scene/control/skin/VirtualFlow$$Lambda+0x000002181d2395c8
instanceKlass com/sun/javafx/collections/VetoableListDecorator$ModCountAccessorImpl
instanceKlass com/sun/javafx/collections/VetoableListDecorator$VetoableIteratorDecorator
instanceKlass  @bci javafx/scene/control/skin/VirtualFlow$ClippedContainer <init> (Ljavafx/scene/control/skin/VirtualFlow;)V 75 <appendix> member <vmtarget> ; # javafx/scene/control/skin/VirtualFlow$ClippedContainer$$Lambda+0x000002181d238f08
instanceKlass  @bci javafx/scene/control/skin/VirtualFlow$ClippedContainer <init> (Ljavafx/scene/control/skin/VirtualFlow;)V 62 <appendix> member <vmtarget> ; # javafx/scene/control/skin/VirtualFlow$ClippedContainer$$Lambda+0x000002181d238cf0
instanceKlass javafx/scene/shape/Rectangle$1
instanceKlass com/sun/javafx/scene/shape/RectangleHelper$RectangleAccessor
instanceKlass javafx/scene/Group$1
instanceKlass com/sun/javafx/scene/GroupHelper$GroupAccessor
instanceKlass  @bci com/sun/javafx/scene/control/VirtualScrollBar <init> (Ljavafx/scene/control/skin/VirtualFlow;)V 29 <appendix> member <vmtarget> ; # com/sun/javafx/scene/control/VirtualScrollBar$$Lambda+0x000002181d232e10
instanceKlass com/sun/javafx/scene/control/skin/resources/ControlResources
instanceKlass  @bci javafx/scene/control/skin/ListViewSkin <clinit> ()V 0 <appendix> argL0 ; # javafx/scene/control/skin/ListViewSkin$$Lambda+0x000002181d22c3f8
instanceKlass javafx/scene/shape/SVGPath$1
instanceKlass com/sun/javafx/scene/shape/SVGPathHelper$SVGPathAccessor
instanceKlass javafx/scene/paint/Stop
instanceKlass javafx/scene/control/skin/ComboBoxPopupControl$1
instanceKlass  @bci javafx/scene/control/skin/ComboBoxPopupControl install ()V 12 <appendix> member <vmtarget> ; # javafx/scene/control/skin/ComboBoxPopupControl$$Lambda+0x000002181d229630
instanceKlass  @bci javafx/scene/control/skin/ComboBoxListViewSkin <init> (Ljavafx/scene/control/ComboBox;)V 288 <appendix> member <vmtarget> ; # javafx/scene/control/skin/ComboBoxListViewSkin$$Lambda+0x000002181d229418
instanceKlass  @bci javafx/scene/control/skin/ComboBoxListViewSkin <init> (Ljavafx/scene/control/ComboBox;)V 256 <appendix> member <vmtarget> ; # javafx/scene/control/skin/ComboBoxListViewSkin$$Lambda+0x000002181d2291f0
instanceKlass  @bci javafx/scene/control/skin/ComboBoxListViewSkin <init> (Ljavafx/scene/control/ComboBox;)V 241 <appendix> member <vmtarget> ; # javafx/scene/control/skin/ComboBoxListViewSkin$$Lambda+0x000002181d228fc8
instanceKlass  @bci javafx/scene/control/skin/ComboBoxListViewSkin <init> (Ljavafx/scene/control/ComboBox;)V 225 <appendix> member <vmtarget> ; # javafx/scene/control/skin/ComboBoxListViewSkin$$Lambda+0x000002181d228da0
instanceKlass  @bci javafx/scene/control/skin/ComboBoxListViewSkin <init> (Ljavafx/scene/control/ComboBox;)V 210 <appendix> member <vmtarget> ; # javafx/scene/control/skin/ComboBoxListViewSkin$$Lambda+0x000002181d228b78
instanceKlass  @bci javafx/scene/control/skin/ComboBoxListViewSkin <init> (Ljavafx/scene/control/ComboBox;)V 195 <appendix> member <vmtarget> ; # javafx/scene/control/skin/ComboBoxListViewSkin$$Lambda+0x000002181d228950
instanceKlass  @bci javafx/scene/control/skin/ComboBoxListViewSkin <init> (Ljavafx/scene/control/ComboBox;)V 180 <appendix> member <vmtarget> ; # javafx/scene/control/skin/ComboBoxListViewSkin$$Lambda+0x000002181d228728
instanceKlass  @bci javafx/scene/control/skin/ComboBoxListViewSkin <init> (Ljavafx/scene/control/ComboBox;)V 165 <appendix> member <vmtarget> ; # javafx/scene/control/skin/ComboBoxListViewSkin$$Lambda+0x000002181d228500
instanceKlass  @bci javafx/scene/control/skin/ComboBoxListViewSkin <init> (Ljavafx/scene/control/ComboBox;)V 150 <appendix> member <vmtarget> ; # javafx/scene/control/skin/ComboBoxListViewSkin$$Lambda+0x000002181d2282d8
instanceKlass com/sun/javafx/scene/control/ReadOnlyUnbackedObservableList$SelectionListIterator
instanceKlass javafx/scene/control/ListCell$3
instanceKlass  @bci javafx/scene/control/ListCell <init> ()V 65 <appendix> member <vmtarget> ; # javafx/scene/control/ListCell$$Lambda+0x000002181d2279e0
instanceKlass javafx/scene/control/ListCell$2
instanceKlass  @bci javafx/scene/control/ListCell <init> ()V 43 <appendix> member <vmtarget> ; # javafx/scene/control/ListCell$$Lambda+0x000002181d2275a8
instanceKlass javafx/scene/control/ListCell$1
instanceKlass  @bci javafx/scene/control/ListCell <init> ()V 21 <appendix> member <vmtarget> ; # javafx/scene/control/ListCell$$Lambda+0x000002181d227168
instanceKlass  @bci javafx/scene/control/ListCell <init> ()V 6 <appendix> member <vmtarget> ; # javafx/scene/control/ListCell$$Lambda+0x000002181d226f50
instanceKlass javafx/scene/control/Cell$1
instanceKlass javafx/scene/control/skin/ComboBoxListViewSkin$2
instanceKlass javafx/scene/control/ListView$StyleableProperties
instanceKlass  @bci javafx/scene/control/skin/ComboBoxListViewSkin createListView ()Ljavafx/scene/control/ListView; 101 <appendix> member <vmtarget> ; # javafx/scene/control/skin/ComboBoxListViewSkin$$Lambda+0x000002181d223e40
instanceKlass  @bci javafx/scene/control/skin/ComboBoxListViewSkin createListView ()Ljavafx/scene/control/ListView; 91 <appendix> member <vmtarget> ; # javafx/scene/control/skin/ComboBoxListViewSkin$$Lambda+0x000002181d223c28
instanceKlass  @bci javafx/scene/control/skin/ComboBoxListViewSkin lambda$createListView$12 (Lcom/sun/javafx/scene/control/ListenerHelper;Ljavafx/beans/value/ObservableValue;Ljavafx/scene/control/SingleSelectionModel;Ljavafx/scene/control/SingleSelectionModel;)V 29 <appendix> member <vmtarget> ; # javafx/scene/control/skin/ComboBoxListViewSkin$$Lambda+0x000002181d223a10
instanceKlass  @bci javafx/scene/control/skin/ComboBoxListViewSkin createListView ()Ljavafx/scene/control/ListView; 77 <appendix> member <vmtarget> ; # javafx/scene/control/skin/ComboBoxListViewSkin$$Lambda+0x000002181d2237f8
instanceKlass  @cpi javafx/scene/control/skin/TextAreaSkin 1136 form vmentry <vmtarget> ; # java/lang/invoke/LambdaForm$DMH+0x000002181d210400
instanceKlass  @bci javafx/scene/control/skin/ComboBoxListViewSkin createListView ()Ljavafx/scene/control/ListView; 53 <appendix> member <vmtarget> ; # javafx/scene/control/skin/ComboBoxListViewSkin$$Lambda+0x000002181d2235e0
instanceKlass  @bci javafx/scene/control/skin/ComboBoxListViewSkin$3 <init> (Ljavafx/scene/control/skin/ComboBoxListViewSkin;)V 32 <appendix> member <vmtarget> ; # javafx/scene/control/skin/ComboBoxListViewSkin$3$$Lambda+0x000002181d222fa8
instanceKlass  @bci javafx/scene/control/ListView <init> (Ljavafx/collections/ObservableList;)V 101 <appendix> member <vmtarget> ; # javafx/scene/control/ListView$$Lambda+0x000002181d222d90
instanceKlass  @bci javafx/scene/control/ListView$ListViewFocusModel <init> (Ljavafx/scene/control/ListView;)V 123 <appendix> member <vmtarget> ; # javafx/scene/control/ListView$ListViewFocusModel$$Lambda+0x000002181d222b78
instanceKlass javafx/scene/control/ListView$ListViewFocusModel$1
instanceKlass  @bci javafx/scene/control/ListView$ListViewFocusModel <init> (Ljavafx/scene/control/ListView;)V 11 <appendix> member <vmtarget> ; # javafx/scene/control/ListView$ListViewFocusModel$$Lambda+0x000002181d222740
instanceKlass  @bci javafx/scene/control/FocusModel <init> ()V 38 <appendix> member <vmtarget> ; # javafx/scene/control/FocusModel$$Lambda+0x000002181d222528
instanceKlass java/util/stream/Sink$ChainedInt
instanceKlass java/util/stream/Sink$OfInt
instanceKlass java/util/function/IntConsumer
instanceKlass  @bci java/util/stream/Collectors toList ()Ljava/util/stream/Collector; 14 <appendix> argL0 ; # java/util/stream/Collectors$$Lambda+0x000002181d1c79e8
instanceKlass  @bci java/util/stream/Collectors toList ()Ljava/util/stream/Collector; 9 <appendix> argL0 ; # java/util/stream/Collectors$$Lambda+0x000002181d1c77c8
instanceKlass  @bci java/util/stream/Collectors toList ()Ljava/util/stream/Collector; 4 <appendix> argL0 ; # java/util/stream/Collectors$$Lambda+0x000002181d1c75b8
instanceKlass  @bci java/util/stream/IntPipeline boxed ()Ljava/util/stream/Stream; 1 <appendix> argL0 ; # java/util/stream/IntPipeline$$Lambda+0x000002181d1c6ec0
instanceKlass java/util/stream/IntStream
instanceKlass java/util/BitSet$1BitSetSpliterator
instanceKlass javafx/scene/control/ListView$ListViewBitSetSelectionModel$1
instanceKlass javafx/scene/control/ListView$ListViewBitSetSelectionModel$2
instanceKlass  @bci com/sun/javafx/scene/control/SelectedItemsReadOnlyObservableList <init> (Ljavafx/collections/ObservableList;Ljava/util/function/Supplier;)V 28 <appendix> member <vmtarget> ; # com/sun/javafx/scene/control/SelectedItemsReadOnlyObservableList$$Lambda+0x000002181d221ed0
instanceKlass  @bci javafx/scene/control/MultipleSelectionModelBase <init> ()V 40 <appendix> member <vmtarget> ; # javafx/scene/control/MultipleSelectionModelBase$$Lambda+0x000002181d221cb8
instanceKlass java/util/BitSet
instanceKlass  @bci javafx/scene/control/MultipleSelectionModelBase <init> ()V 9 <appendix> member <vmtarget> ; # javafx/scene/control/MultipleSelectionModelBase$$Lambda+0x000002181d220a30
instanceKlass  @bci javafx/scene/control/ListView <init> (Ljavafx/collections/ObservableList;)V 11 <appendix> member <vmtarget> ; # javafx/scene/control/ListView$$Lambda+0x000002181d21eea8
instanceKlass javafx/scene/control/FocusModel
instanceKlass  @bci javafx/scene/control/skin/ComboBoxListViewSkin <init> (Ljavafx/scene/control/ComboBox;)V 89 <appendix> member <vmtarget> ; # javafx/scene/control/skin/ComboBoxListViewSkin$$Lambda+0x000002181d21bd40
instanceKlass  @bci com/sun/javafx/scene/control/behavior/BehaviorBase addDefaultChildMap (Lcom/sun/javafx/scene/control/inputmap/InputMap;Lcom/sun/javafx/scene/control/inputmap/InputMap;)V 17 <appendix> member <vmtarget> ; # com/sun/javafx/scene/control/behavior/BehaviorBase$$Lambda+0x000002181d21bb28
instanceKlass  @bci com/sun/javafx/scene/control/inputmap/InputMap reprocessAllMappings ()V 14 <appendix> member <vmtarget> ; # com/sun/javafx/scene/control/inputmap/InputMap$$Lambda+0x000002181d21b900
instanceKlass  @bci com/sun/javafx/scene/control/behavior/ComboBoxListViewBehavior <init> (Ljavafx/scene/control/ComboBox;)V 51 <appendix> member <vmtarget> ; # com/sun/javafx/scene/control/behavior/ComboBoxListViewBehavior$$Lambda+0x000002181d21b6e8
instanceKlass  @bci com/sun/javafx/scene/control/behavior/ComboBoxListViewBehavior <init> (Ljavafx/scene/control/ComboBox;)V 32 <appendix> member <vmtarget> ; # com/sun/javafx/scene/control/behavior/ComboBoxListViewBehavior$$Lambda+0x000002181d21b4d0
instanceKlass  @bci com/sun/javafx/scene/control/inputmap/InputMap addMapping (Lcom/sun/javafx/scene/control/inputmap/InputMap$Mapping;)V 23 <appendix> argL0 ; # com/sun/javafx/scene/control/inputmap/InputMap$$Lambda+0x000002181d21b2a0
instanceKlass  @bci com/sun/javafx/scene/control/inputmap/InputMap addEventHandler (Ljavafx/event/EventType;)V 20 <appendix> member <vmtarget> ; # com/sun/javafx/scene/control/inputmap/InputMap$$Lambda+0x000002181d21b088
instanceKlass  @bci com/sun/javafx/scene/control/inputmap/InputMap addEventHandler (Ljavafx/event/EventType;)V 5 <appendix> argL0 ; # com/sun/javafx/scene/control/inputmap/InputMap$$Lambda+0x000002181d21ae58
instanceKlass  @bci com/sun/javafx/scene/control/behavior/ComboBoxBaseBehavior <init> (Ljavafx/scene/control/ComboBoxBase;)V 326 <appendix> member <vmtarget> ; # com/sun/javafx/scene/control/behavior/ComboBoxBaseBehavior$$Lambda+0x000002181d21ac40
instanceKlass  @bci com/sun/javafx/scene/control/behavior/ComboBoxBaseBehavior <init> (Ljavafx/scene/control/ComboBoxBase;)V 306 <appendix> member <vmtarget> ; # com/sun/javafx/scene/control/behavior/ComboBoxBaseBehavior$$Lambda+0x000002181d21aa28
instanceKlass  @bci com/sun/javafx/scene/control/behavior/ComboBoxBaseBehavior <init> (Ljavafx/scene/control/ComboBoxBase;)V 286 <appendix> member <vmtarget> ; # com/sun/javafx/scene/control/behavior/ComboBoxBaseBehavior$$Lambda+0x000002181d21a810
instanceKlass  @bci com/sun/javafx/scene/control/behavior/ComboBoxBaseBehavior <init> (Ljavafx/scene/control/ComboBoxBase;)V 266 <appendix> member <vmtarget> ; # com/sun/javafx/scene/control/behavior/ComboBoxBaseBehavior$$Lambda+0x000002181d21a5f8
instanceKlass  @bci com/sun/javafx/scene/control/behavior/ComboBoxBaseBehavior <init> (Ljavafx/scene/control/ComboBoxBase;)V 246 <appendix> member <vmtarget> ; # com/sun/javafx/scene/control/behavior/ComboBoxBaseBehavior$$Lambda+0x000002181d21a1d0
instanceKlass  @bci com/sun/javafx/scene/control/behavior/ComboBoxBaseBehavior <init> (Ljavafx/scene/control/ComboBoxBase;)V 223 <appendix> member <vmtarget> ; # com/sun/javafx/scene/control/behavior/ComboBoxBaseBehavior$$Lambda+0x000002181d219fb8
instanceKlass  @bci com/sun/javafx/scene/control/behavior/ComboBoxBaseBehavior <init> (Ljavafx/scene/control/ComboBoxBase;)V 197 <appendix> member <vmtarget> ; # com/sun/javafx/scene/control/behavior/ComboBoxBaseBehavior$$Lambda+0x000002181d219da0
instanceKlass  @bci com/sun/javafx/scene/control/behavior/ComboBoxBaseBehavior <init> (Ljavafx/scene/control/ComboBoxBase;)V 172 <appendix> member <vmtarget> ; # com/sun/javafx/scene/control/behavior/ComboBoxBaseBehavior$$Lambda+0x000002181d219b88
instanceKlass  @bci com/sun/javafx/scene/control/behavior/ComboBoxBaseBehavior <init> (Ljavafx/scene/control/ComboBoxBase;)V 150 <appendix> member <vmtarget> ; # com/sun/javafx/scene/control/behavior/ComboBoxBaseBehavior$$Lambda+0x000002181d219970
instanceKlass  @bci com/sun/javafx/scene/control/behavior/ComboBoxBaseBehavior <init> (Ljavafx/scene/control/ComboBoxBase;)V 128 <appendix> member <vmtarget> ; # com/sun/javafx/scene/control/behavior/ComboBoxBaseBehavior$$Lambda+0x000002181d219758
instanceKlass com/sun/javafx/scene/control/inputmap/KeyBinding
instanceKlass com/sun/javafx/scene/control/inputmap/InputMap$Mapping
instanceKlass  @bci com/sun/javafx/scene/control/behavior/ComboBoxBaseBehavior <init> (Ljavafx/scene/control/ComboBoxBase;)V 34 <appendix> member <vmtarget> ; # com/sun/javafx/scene/control/behavior/ComboBoxBaseBehavior$$Lambda+0x000002181d218910
instanceKlass  @bci com/sun/javafx/scene/control/inputmap/InputMap <init> (Ljavafx/scene/Node;)V 108 <appendix> member <vmtarget> ; # com/sun/javafx/scene/control/inputmap/InputMap$$Lambda+0x000002181d2186f8
instanceKlass  @bci com/sun/javafx/scene/control/inputmap/InputMap <init> (Ljavafx/scene/Node;)V 86 <appendix> member <vmtarget> ; # com/sun/javafx/scene/control/inputmap/InputMap$$Lambda+0x000002181d2184e0
instanceKlass com/sun/javafx/scene/control/inputmap/InputMap
instanceKlass  @bci com/sun/javafx/scene/control/behavior/ComboBoxBaseBehavior <init> (Ljavafx/scene/control/ComboBoxBase;)V 7 <appendix> member <vmtarget> ; # com/sun/javafx/scene/control/behavior/ComboBoxBaseBehavior$$Lambda+0x000002181d210a20
instanceKlass javafx/scene/control/skin/ComboBoxListViewSkin$1
instanceKlass  @bci javafx/scene/control/skin/ComboBoxPopupControl <init> (Ljavafx/scene/control/ComboBoxBase;)V 112 <appendix> member <vmtarget> ; # javafx/scene/control/skin/ComboBoxPopupControl$$Lambda+0x000002181d211cd8
instanceKlass  @bci com/sun/javafx/binding/ExpressionHelperBase trim (I[Ljava/lang/Object;)I 0 <appendix> argL0 ; # com/sun/javafx/binding/ExpressionHelperBase$$Lambda+0x000002181d211a98
instanceKlass  @bci javafx/scene/control/skin/ComboBoxPopupControl <init> (Ljavafx/scene/control/ComboBoxBase;)V 94 <appendix> member <vmtarget> ; # javafx/scene/control/skin/ComboBoxPopupControl$$Lambda+0x000002181d211880
instanceKlass  @bci javafx/scene/control/skin/ComboBoxPopupControl <init> (Ljavafx/scene/control/ComboBoxBase;)V 27 <appendix> member <vmtarget> ; # javafx/scene/control/skin/ComboBoxPopupControl$$Lambda+0x000002181d211668
instanceKlass  @bci javafx/scene/control/skin/ComboBoxPopupControl <init> (Ljavafx/scene/control/ComboBoxBase;)V 17 <appendix> member <vmtarget> ; # javafx/scene/control/skin/ComboBoxPopupControl$$Lambda+0x000002181d211450
instanceKlass  @bci javafx/scene/control/skin/ComboBoxBaseSkin <init> (Ljavafx/scene/control/ComboBoxBase;)V 286 <appendix> member <vmtarget> ; # javafx/scene/control/skin/ComboBoxBaseSkin$$Lambda+0x000002181d211228
instanceKlass  @bci javafx/scene/control/skin/ComboBoxBaseSkin <init> (Ljavafx/scene/control/ComboBoxBase;)V 271 <appendix> member <vmtarget> ; # javafx/scene/control/skin/ComboBoxBaseSkin$$Lambda+0x000002181d211000
instanceKlass  @bci javafx/scene/control/skin/ComboBoxBaseSkin <init> (Ljavafx/scene/control/ComboBoxBase;)V 256 <appendix> member <vmtarget> ; # javafx/scene/control/skin/ComboBoxBaseSkin$$Lambda+0x000002181d213d18
instanceKlass  @bci javafx/scene/control/skin/ComboBoxBaseSkin <init> (Ljavafx/scene/control/ComboBoxBase;)V 237 <appendix> member <vmtarget> ; # javafx/scene/control/skin/ComboBoxBaseSkin$$Lambda+0x000002181d213b00
instanceKlass  @bci javafx/scene/control/skin/ComboBoxBaseSkin <init> (Ljavafx/scene/control/ComboBoxBase;)V 44 <appendix> member <vmtarget> ; # javafx/scene/control/skin/ComboBoxBaseSkin$$Lambda+0x000002181d2138e8
instanceKlass  @bci javafx/scene/control/skin/ComboBoxBaseSkin <init> (Ljavafx/scene/control/ComboBoxBase;)V 34 <appendix> member <vmtarget> ; # javafx/scene/control/skin/ComboBoxBaseSkin$$Lambda+0x000002181d2136d0
instanceKlass  @bci javafx/scene/control/skin/ComboBoxBaseSkin <init> (Ljavafx/scene/control/ComboBoxBase;)V 24 <appendix> member <vmtarget> ; # javafx/scene/control/skin/ComboBoxBaseSkin$$Lambda+0x000002181d2134b8
instanceKlass  @bci javafx/scene/control/skin/ComboBoxBaseSkin <init> (Ljavafx/scene/control/ComboBoxBase;)V 14 <appendix> member <vmtarget> ; # javafx/scene/control/skin/ComboBoxBaseSkin$$Lambda+0x000002181d2132a0
instanceKlass com/sun/javafx/scene/control/behavior/BehaviorBase
instanceKlass javafx/scene/control/SkinBase$StyleableProperties
instanceKlass com/sun/javafx/scene/control/Logging
instanceKlass  @bci javafx/scene/control/skin/LabelSkin <init> (Ljavafx/scene/control/Label;)V 16 <appendix> member <vmtarget> ; # javafx/scene/control/skin/LabelSkin$$Lambda+0x000002181d215138
instanceKlass  @bci javafx/scene/control/skin/LabeledSkinBase <init> (Ljavafx/scene/control/Labeled;)V 294 <appendix> member <vmtarget> ; # javafx/scene/control/skin/LabeledSkinBase$$Lambda+0x000002181d214f10
instanceKlass  @bci javafx/scene/control/skin/LabeledSkinBase <init> (Ljavafx/scene/control/Labeled;)V 280 <appendix> member <vmtarget> ; # javafx/scene/control/skin/LabeledSkinBase$$Lambda+0x000002181d214ce8
instanceKlass  @bci javafx/scene/control/skin/LabeledSkinBase <init> (Ljavafx/scene/control/Labeled;)V 266 <appendix> member <vmtarget> ; # javafx/scene/control/skin/LabeledSkinBase$$Lambda+0x000002181d214ac0
instanceKlass  @bci javafx/scene/control/skin/LabeledSkinBase <init> (Ljavafx/scene/control/Labeled;)V 252 <appendix> member <vmtarget> ; # javafx/scene/control/skin/LabeledSkinBase$$Lambda+0x000002181d214898
instanceKlass  @bci javafx/scene/control/skin/LabeledSkinBase <init> (Ljavafx/scene/control/Labeled;)V 238 <appendix> member <vmtarget> ; # javafx/scene/control/skin/LabeledSkinBase$$Lambda+0x000002181d214670
instanceKlass  @bci javafx/scene/control/skin/LabeledSkinBase <init> (Ljavafx/scene/control/Labeled;)V 224 <appendix> argL0 ; # javafx/scene/control/skin/LabeledSkinBase$$Lambda+0x000002181d214450
instanceKlass  @bci javafx/scene/control/skin/LabeledSkinBase <init> (Ljavafx/scene/control/Labeled;)V 211 <appendix> member <vmtarget> ; # javafx/scene/control/skin/LabeledSkinBase$$Lambda+0x000002181d214228
instanceKlass  @bci javafx/scene/control/skin/LabeledSkinBase <init> (Ljavafx/scene/control/Labeled;)V 197 <appendix> member <vmtarget> ; # javafx/scene/control/skin/LabeledSkinBase$$Lambda+0x000002181d214000
instanceKlass  @bci javafx/scene/control/skin/LabeledSkinBase <init> (Ljavafx/scene/control/Labeled;)V 183 <appendix> member <vmtarget> ; # javafx/scene/control/skin/LabeledSkinBase$$Lambda+0x000002181d20fcc0
instanceKlass  @bci javafx/scene/control/skin/LabeledSkinBase <init> (Ljavafx/scene/control/Labeled;)V 169 <appendix> member <vmtarget> ; # javafx/scene/control/skin/LabeledSkinBase$$Lambda+0x000002181d20fa98
instanceKlass  @bci javafx/scene/control/skin/LabeledSkinBase <init> (Ljavafx/scene/control/Labeled;)V 155 <appendix> member <vmtarget> ; # javafx/scene/control/skin/LabeledSkinBase$$Lambda+0x000002181d20f870
instanceKlass  @bci javafx/scene/control/skin/LabeledSkinBase <init> (Ljavafx/scene/control/Labeled;)V 141 <appendix> member <vmtarget> ; # javafx/scene/control/skin/LabeledSkinBase$$Lambda+0x000002181d20f648
instanceKlass  @bci javafx/scene/control/skin/LabeledSkinBase <init> (Ljavafx/scene/control/Labeled;)V 127 <appendix> member <vmtarget> ; # javafx/scene/control/skin/LabeledSkinBase$$Lambda+0x000002181d20f420
instanceKlass  @bci javafx/scene/control/skin/LabeledSkinBase <init> (Ljavafx/scene/control/Labeled;)V 113 <appendix> member <vmtarget> ; # javafx/scene/control/skin/LabeledSkinBase$$Lambda+0x000002181d20f1f8
instanceKlass  @bci javafx/scene/control/skin/LabeledSkinBase <init> (Ljavafx/scene/control/Labeled;)V 99 <appendix> member <vmtarget> ; # javafx/scene/control/skin/LabeledSkinBase$$Lambda+0x000002181d20efd0
instanceKlass  @bci javafx/scene/control/skin/LabeledSkinBase <init> (Ljavafx/scene/control/Labeled;)V 85 <appendix> member <vmtarget> ; # javafx/scene/control/skin/LabeledSkinBase$$Lambda+0x000002181d20eda8
instanceKlass  @bci com/sun/javafx/scene/control/LambdaMultiplePropertyChangeListenerHandler registerChangeListener (Ljavafx/beans/value/ObservableValue;Ljava/util/function/Consumer;)V 38 <appendix> argL0 ; # com/sun/javafx/scene/control/LambdaMultiplePropertyChangeListenerHandler$$Lambda+0x000002181d20eb88
instanceKlass  @cpi com/sun/javafx/scene/control/LambdaMultiplePropertyChangeListenerHandler 221 form vmentry <vmtarget> ; # java/lang/invoke/LambdaForm$DMH+0x000002181d210000
instanceKlass  @bci com/sun/javafx/scene/control/LambdaMultiplePropertyChangeListenerHandler <init> ()V 89 <appendix> member <vmtarget> ; # com/sun/javafx/scene/control/LambdaMultiplePropertyChangeListenerHandler$$Lambda+0x000002181d20e970
instanceKlass  @bci com/sun/javafx/scene/control/LambdaMultiplePropertyChangeListenerHandler <init> ()V 53 <appendix> member <vmtarget> ; # com/sun/javafx/scene/control/LambdaMultiplePropertyChangeListenerHandler$$Lambda+0x000002181d20e758
instanceKlass javafx/beans/value/WeakChangeListener
instanceKlass  @bci com/sun/javafx/scene/control/LambdaMultiplePropertyChangeListenerHandler <init> ()V 17 <appendix> member <vmtarget> ; # com/sun/javafx/scene/control/LambdaMultiplePropertyChangeListenerHandler$$Lambda+0x000002181d20e310
instanceKlass  @bci com/sun/javafx/scene/control/LambdaMultiplePropertyChangeListenerHandler <clinit> ()V 0 <appendix> argL0 ; # com/sun/javafx/scene/control/LambdaMultiplePropertyChangeListenerHandler$$Lambda+0x000002181d20e0f0
instanceKlass com/sun/javafx/scene/control/LambdaMultiplePropertyChangeListenerHandler
instanceKlass  @bci javafx/scene/control/skin/LabeledSkinBase <init> (Ljavafx/scene/control/Labeled;)V 71 <appendix> member <vmtarget> ; # javafx/scene/control/skin/LabeledSkinBase$$Lambda+0x000002181d20dcc8
instanceKlass javafx/beans/property/DoublePropertyBase$Listener
instanceKlass javafx/beans/property/BooleanPropertyBase$Listener
instanceKlass javafx/beans/property/ObjectPropertyBase$Listener
instanceKlass javafx/scene/text/Text$TextAttribute
instanceKlass com/sun/javafx/font/Disposer$1
instanceKlass com/sun/javafx/font/Disposer
instanceKlass com/sun/javafx/font/CompositeStrikeDisposer
instanceKlass com/sun/javafx/font/Metrics
instanceKlass com/sun/javafx/font/CompositeStrike
instanceKlass com/sun/javafx/font/FontStrikeDesc
instanceKlass javafx/scene/text/Text$StyleableProperties
instanceKlass  @bci javafx/scene/control/skin/LabeledSkinBase <init> (Ljavafx/scene/control/Labeled;)V 26 <appendix> member <vmtarget> ; # javafx/scene/control/skin/LabeledSkinBase$$Lambda+0x000002181d2031d0
instanceKlass  @bci javafx/scene/control/SkinBase <clinit> ()V 8 <appendix> argL0 ; # javafx/scene/control/SkinBase$$Lambda+0x000002181d202fc0
instanceKlass com/sun/javafx/scene/control/ListenerHelper$InLi
instanceKlass com/sun/javafx/scene/control/ListenerHelper$ChLi
instanceKlass com/sun/javafx/scene/control/ListenerHelper$EvHa
instanceKlass  @bci javafx/scene/control/SkinBase <clinit> ()V 0 <appendix> argL0 ; # javafx/scene/control/SkinBase$$Lambda+0x000002181d201720
instanceKlass com/sun/javafx/scene/control/ListenerHelper
instanceKlass com/sun/javafx/scene/control/IDisconnectable
instanceKlass javafx/scene/control/SkinBase
instanceKlass com/sun/javafx/font/FallbackResource
instanceKlass com/sun/javafx/font/PrismFontFactory$TTFilter
instanceKlass  @bci com/sun/javafx/font/PrismFontFactory populateFontFileNameMapGeneric (Ljava/lang/String;)V 12 <appendix> member <vmtarget> ; # com/sun/javafx/font/PrismFontFactory$$Lambda+0x000002181d1bf9b8
instanceKlass com/sun/javafx/font/PrismCompositeFontResource
instanceKlass com/sun/javafx/font/PrismFontFile$DirectoryEntry
instanceKlass com/sun/javafx/font/FontFileReader$Buffer
instanceKlass  @bci com/sun/javafx/font/FontFileReader openFile ()Z 11 <appendix> member <vmtarget> ; # com/sun/javafx/font/FontFileReader$$Lambda+0x000002181d1be230
instanceKlass com/sun/javafx/font/FontFileReader
instanceKlass com/sun/javafx/font/PrismFontStrike
instanceKlass com/sun/javafx/font/DisposerRecord
instanceKlass  @bci com/sun/scenario/effect/impl/Renderer getPeerInstance (Lcom/sun/scenario/effect/FilterContext;Ljava/lang/String;I)Lcom/sun/scenario/effect/impl/EffectPeer; 33 <appendix> form vmentry <vmtarget> ; # java/lang/invoke/LambdaForm$MH+0x000002181d1bd400
# instanceKlass java/lang/invoke/LambdaForm$MH+0x000002181d1bd000
instanceKlass  @bci com/sun/scenario/effect/impl/Renderer getPeerInstance (Lcom/sun/scenario/effect/FilterContext;Ljava/lang/String;I)Lcom/sun/scenario/effect/impl/EffectPeer; 33 <appendix> argL3 form vmentry <vmtarget> ; # java/lang/invoke/LambdaForm$MH+0x000002181d1bcc00
# instanceKlass java/lang/invoke/LambdaForm$MH+0x000002181d1bc800
# instanceKlass java/lang/invoke/LambdaForm$MH+0x000002181d1bc400
# instanceKlass java/lang/invoke/LambdaForm$MH+0x000002181d1bc000
instanceKlass com/sun/javafx/font/WindowsFontMap$FamilyDescription
instanceKlass com/sun/javafx/font/WindowsFontMap
instanceKlass javafx/scene/layout/BorderStroke
instanceKlass javafx/scene/layout/BorderStrokeStyle
instanceKlass javafx/scene/layout/BackgroundFill
instanceKlass com/sun/javafx/css/StyleCacheEntry
instanceKlass javafx/css/Style
instanceKlass javafx/css/Match
instanceKlass com/sun/javafx/css/CalculatedValue
instanceKlass com/sun/javafx/css/StyleCacheEntry$Key
instanceKlass com/sun/javafx/css/StyleCache
instanceKlass javafx/scene/layout/StackPane$StyleableProperties
instanceKlass javafx/scene/layout/HBox$StyleableProperties
instanceKlass javafx/scene/layout/VBox$StyleableProperties
instanceKlass javafx/scene/Node$22
instanceKlass  @bci com/sun/javafx/tk/quantum/GlassViewEventHandler handleViewEvent (Lcom/sun/glass/ui/View;JI)V 45 <appendix> member <vmtarget> ; # com/sun/javafx/tk/quantum/GlassViewEventHandler$$Lambda+0x000002181d1b3d30
instanceKlass jdk/jfr/FlightRecorder
instanceKlass  @bci com/sun/javafx/logging/PulseLogger isPulseLoggingRequested ()Z 0 <appendix> argL0 ; # com/sun/javafx/logging/PulseLogger$$Lambda+0x000002181d1b3238
instanceKlass com/sun/javafx/logging/PrintLogger$PulseData
instanceKlass  @bci com/sun/javafx/logging/PrintLogger <clinit> ()V 18 <appendix> argL0 ; # com/sun/javafx/logging/PrintLogger$$Lambda+0x000002181d1b2e28
instanceKlass  @bci com/sun/javafx/logging/PrintLogger <clinit> ()V 0 <appendix> argL0 ; # com/sun/javafx/logging/PrintLogger$$Lambda+0x000002181d1b2c18
instanceKlass com/sun/javafx/logging/Logger
instanceKlass com/sun/javafx/logging/PulseLogger
instanceKlass  @bci com/sun/javafx/tk/quantum/WindowStage setScene (Lcom/sun/javafx/tk/TKScene;)V 40 <appendix> member <vmtarget> ; # com/sun/javafx/tk/quantum/WindowStage$$Lambda+0x000002181d1b2130
instanceKlass com/sun/javafx/geom/DirtyRegionContainer
instanceKlass com/sun/javafx/geom/DirtyRegionPool
instanceKlass com/sun/javafx/sg/prism/NodePath
instanceKlass javafx/scene/Scene$InputMethodRequestsDelegate
instanceKlass com/sun/javafx/scene/input/ExtendedInputMethodRequests
instanceKlass javafx/scene/Scene$DropTargetListener
instanceKlass com/sun/scenario/effect/impl/state/AccessHelper
instanceKlass  @bci com/sun/scenario/effect/Effect <clinit> ()V 4 <appendix> argL0 ; # com/sun/scenario/effect/Effect$$Lambda+0x000002181d1a89f0
instanceKlass com/sun/scenario/effect/impl/state/AccessHelper$StateAccessor
instanceKlass com/sun/javafx/geom/Rectangle
instanceKlass com/sun/prism/paint/Paint
instanceKlass javafx/scene/Scene$ScenePeerPaintListener
instanceKlass javafx/scene/Scene$ScenePeerListener
instanceKlass  @bci com/sun/javafx/tk/quantum/GlassScene setSecurityContext (Ljava/security/AccessControlContext;)V 22 <appendix> argL0 ; # com/sun/javafx/tk/quantum/GlassScene$$Lambda+0x000002181d1aa450
instanceKlass com/sun/javafx/tk/quantum/SwipeGestureRecognizer$CenterComputer
instanceKlass com/sun/javafx/tk/quantum/SwipeGestureRecognizer$MultiTouchTracker
instanceKlass com/sun/javafx/tk/quantum/SwipeGestureRecognizer
instanceKlass com/sun/javafx/tk/quantum/GestureRecognizers
instanceKlass com/sun/javafx/tk/quantum/GlassSceneDnDEventHandler
instanceKlass com/sun/javafx/tk/quantum/GlassViewEventHandler$ViewEventNotification
instanceKlass com/sun/javafx/tk/quantum/GlassViewEventHandler$MouseEventNotification
instanceKlass com/sun/javafx/tk/quantum/GlassViewEventHandler$KeyEventNotification
instanceKlass  @bci com/sun/javafx/tk/quantum/GlassViewEventHandler <clinit> ()V 0 <appendix> argL0 ; # com/sun/javafx/tk/quantum/GlassViewEventHandler$$Lambda+0x000002181d1aeb98
instanceKlass com/sun/javafx/tk/quantum/GestureRecognizer
instanceKlass com/sun/javafx/tk/quantum/GlassTouchEventListener
instanceKlass  @bci com/sun/glass/ui/View <clinit> ()V 0 <appendix> argL0 ; # com/sun/glass/ui/View$$Lambda+0x000002181d1ae5a8
instanceKlass com/sun/prism/PresentableState
instanceKlass com/sun/javafx/tk/quantum/ViewPainter
instanceKlass com/sun/glass/ui/View$EventHandler
instanceKlass com/sun/glass/ui/ClipboardAssistance
instanceKlass  @bci com/sun/glass/ui/GestureSupport createTouchCountListener ()Lcom/sun/glass/ui/TouchInputSupport$TouchCountListener; 4 <appendix> member <vmtarget> ; # com/sun/glass/ui/GestureSupport$$Lambda+0x000002181d1a70b0
instanceKlass  @cpi com/sun/glass/ui/GestureSupport 204 form vmentry <vmtarget> ; # java/lang/invoke/LambdaForm$DMH+0x000002181d1a8000
instanceKlass com/sun/glass/ui/TouchInputSupport$TouchCountListener
instanceKlass com/sun/glass/ui/TouchInputSupport
instanceKlass com/sun/glass/ui/GestureSupport$GestureState
instanceKlass com/sun/glass/ui/GestureSupport
instanceKlass com/sun/glass/ui/win/WinGestureSupport
instanceKlass com/sun/javafx/tk/quantum/WindowStage$1
instanceKlass  @bci com/sun/javafx/tk/quantum/GlassStage lambda$doIntersectionPrivilege$1 (Ljava/security/AccessControlContext;)Ljava/security/AccessControlContext; 0 <appendix> argL0 ; # com/sun/javafx/tk/quantum/GlassStage$$Lambda+0x000002181d1a5a40
instanceKlass  @bci com/sun/javafx/tk/quantum/GlassStage doIntersectionPrivilege (Ljava/security/PrivilegedAction;Ljava/security/AccessControlContext;Ljava/security/AccessControlContext;)Ljava/security/AccessControlContext; 1 <appendix> member <vmtarget> ; # com/sun/javafx/tk/quantum/GlassStage$$Lambda+0x000002181d1a5828
instanceKlass  @bci com/sun/javafx/tk/quantum/GlassStage setSecurityContext (Ljava/security/AccessControlContext;)V 22 <appendix> argL0 ; # com/sun/javafx/tk/quantum/GlassStage$$Lambda+0x000002181d1a5618
instanceKlass java/util/ResourceBundle$3
instanceKlass javafx/scene/input/KeyCombination$Modifier
instanceKlass com/sun/glass/ui/Window$EventHandler
instanceKlass com/sun/javafx/tk/quantum/GlassStage
instanceKlass com/sun/javafx/event/EventUtil
instanceKlass  @bci javafx/scene/Scene <init> (Ljavafx/scene/Parent;DDLjavafx/scene/paint/Paint;ZLjavafx/scene/SceneAntialiasing;)V 318 <appendix> member <vmtarget> ; # javafx/scene/Scene$$Lambda+0x000002181d1a32a8
instanceKlass com/sun/javafx/util/WeakReferenceQueue
instanceKlass com/sun/javafx/scene/transform/TransformUtils
instanceKlass  @bci javafx/scene/Camera <init> ()V 115 <appendix> member <vmtarget> ; # javafx/scene/Camera$$Lambda+0x000002181d19cb60
instanceKlass javafx/scene/ParallelCamera$1
instanceKlass javafx/scene/Camera$1
instanceKlass com/sun/javafx/scene/ParallelCameraHelper$ParallelCameraAccessor
instanceKlass com/sun/javafx/scene/CameraHelper$CameraAccessor
instanceKlass javafx/scene/control/TextInputControl$StyleableProperties
instanceKlass javafx/scene/control/TextArea$StyleableProperties
instanceKlass javafx/scene/control/Control$StyleableProperties
instanceKlass javafx/scene/control/Labeled$StyleableProperties
instanceKlass javafx/scene/image/ImageView$StyleableProperties
instanceKlass javafx/scene/shape/Shape$StyleableProperties
instanceKlass javafx/css/converter/CursorConverter$Holder
instanceKlass javafx/scene/Node$StyleableProperties
instanceKlass com/sun/javafx/scene/layout/region/BorderImageSlices
instanceKlass javafx/scene/layout/BackgroundSize
instanceKlass javafx/scene/layout/BackgroundPosition
instanceKlass com/sun/javafx/scene/layout/region/RepeatStruct
instanceKlass javafx/scene/layout/Region$StyleableProperties
instanceKlass com/sun/javafx/css/StyleCache$Key
instanceKlass javafx/scene/CssStyleHelper$CacheContainer
instanceKlass  @bci com/sun/javafx/css/StyleMap <clinit> ()V 30 <appendix> argL0 ; # com/sun/javafx/css/StyleMap$$Lambda+0x000002181d18cbb0
instanceKlass com/sun/javafx/css/CascadingStyle
instanceKlass com/sun/javafx/css/StyleMap
instanceKlass com/sun/javafx/css/StyleManager$Cache$Key
instanceKlass com/sun/javafx/css/StyleManager$Cache
instanceKlass java/util/TimSort
instanceKlass java/util/Arrays$LegacyMergeSort
instanceKlass com/sun/javafx/css/StyleManager$Key
instanceKlass  @bci com/sun/javafx/css/StyleManager findMatchingStyles (Ljavafx/scene/Node;Ljavafx/scene/SubScene;[Ljava/util/Set;)Lcom/sun/javafx/css/StyleMap; 251 <appendix> argL0 ; # com/sun/javafx/css/StyleManager$$Lambda+0x000002181d18bf28
instanceKlass sun/security/provider/ByteArrayAccess
instanceKlass sun/security/provider/ByteArrayAccess$LE
instanceKlass sun/security/util/MessageDigestSpi2
instanceKlass sun/security/jca/GetInstance$Instance
instanceKlass jdk/internal/event/Event
instanceKlass sun/security/util/SecurityProviderConstants
instanceKlass java/security/Provider$UString
instanceKlass java/security/Provider$Service
instanceKlass sun/security/provider/NativePRNG$NonBlocking
instanceKlass sun/security/provider/NativePRNG$Blocking
instanceKlass sun/security/provider/NativePRNG
instanceKlass sun/security/provider/SunEntries$1
instanceKlass sun/security/provider/SunEntries
instanceKlass sun/security/jca/ProviderList$2
instanceKlass java/security/Provider$EngineDescription
instanceKlass java/security/Provider$ServiceKey
instanceKlass sun/security/jca/ProviderConfig
instanceKlass sun/security/jca/ProviderList
instanceKlass sun/security/jca/Providers
instanceKlass sun/security/jca/GetInstance
instanceKlass java/security/MessageDigestSpi
instanceKlass javafx/scene/paint/Color$NamedColors
instanceKlass javafx/css/CssParser$Term
instanceKlass com/sun/javafx/logging/PlatformLogger$1
instanceKlass com/sun/javafx/css/parser/Token
instanceKlass  @bci javafx/css/CssLexer$UnitsState <init> (Ljavafx/css/CssLexer;)V 468 <appendix> argL0 ; # javafx/css/CssLexer$UnitsState$$Lambda+0x000002181d18af20
instanceKlass  @bci javafx/css/CssLexer <init> ()V 419 <appendix> argL0 ; # javafx/css/CssLexer$$Lambda+0x000002181d18a940
instanceKlass  @bci javafx/css/CssLexer <init> ()V 410 <appendix> argL0 ; # javafx/css/CssLexer$$Lambda+0x000002181d18a730
instanceKlass  @bci javafx/css/CssLexer <init> ()V 401 <appendix> argL0 ; # javafx/css/CssLexer$$Lambda+0x000002181d18a520
instanceKlass  @bci javafx/css/CssLexer <init> ()V 392 <appendix> argL0 ; # javafx/css/CssLexer$$Lambda+0x000002181d18a310
instanceKlass  @bci javafx/css/CssLexer <init> ()V 383 <appendix> argL0 ; # javafx/css/CssLexer$$Lambda+0x000002181d18a100
instanceKlass  @bci javafx/css/CssLexer <init> ()V 374 <appendix> argL0 ; # javafx/css/CssLexer$$Lambda+0x000002181d189ef0
instanceKlass  @bci javafx/css/CssLexer <init> ()V 365 <appendix> argL0 ; # javafx/css/CssLexer$$Lambda+0x000002181d189ce0
instanceKlass  @bci javafx/css/CssLexer <init> ()V 356 <appendix> argL0 ; # javafx/css/CssLexer$$Lambda+0x000002181d189ad0
instanceKlass  @bci javafx/css/CssLexer <init> ()V 347 <appendix> argL0 ; # javafx/css/CssLexer$$Lambda+0x000002181d1898c0
instanceKlass  @bci javafx/css/CssLexer <init> ()V 338 <appendix> argL0 ; # javafx/css/CssLexer$$Lambda+0x000002181d1896b0
instanceKlass  @bci javafx/css/CssLexer <init> ()V 329 <appendix> argL0 ; # javafx/css/CssLexer$$Lambda+0x000002181d1894a0
instanceKlass  @bci javafx/css/CssLexer <init> ()V 320 <appendix> argL0 ; # javafx/css/CssLexer$$Lambda+0x000002181d189290
instanceKlass  @bci javafx/css/CssLexer <init> ()V 311 <appendix> argL0 ; # javafx/css/CssLexer$$Lambda+0x000002181d189080
instanceKlass  @bci javafx/css/CssLexer <init> ()V 302 <appendix> argL0 ; # javafx/css/CssLexer$$Lambda+0x000002181d188e70
instanceKlass  @bci javafx/css/CssLexer <init> ()V 293 <appendix> argL0 ; # javafx/css/CssLexer$$Lambda+0x000002181d188c60
instanceKlass  @bci javafx/css/CssLexer <init> ()V 284 <appendix> argL0 ; # javafx/css/CssLexer$$Lambda+0x000002181d188a50
instanceKlass  @bci javafx/css/CssLexer <init> ()V 275 <appendix> argL0 ; # javafx/css/CssLexer$$Lambda+0x000002181d188840
instanceKlass  @bci javafx/css/CssLexer <init> ()V 266 <appendix> argL0 ; # javafx/css/CssLexer$$Lambda+0x000002181d188630
instanceKlass  @bci javafx/css/CssLexer <init> ()V 257 <appendix> argL0 ; # javafx/css/CssLexer$$Lambda+0x000002181d188420
instanceKlass  @bci javafx/css/CssLexer <init> ()V 248 <appendix> argL0 ; # javafx/css/CssLexer$$Lambda+0x000002181d188210
instanceKlass  @bci javafx/css/CssLexer <init> ()V 239 <appendix> argL0 ; # javafx/css/CssLexer$$Lambda+0x000002181d188000
instanceKlass  @bci javafx/css/CssLexer <init> ()V 230 <appendix> argL0 ; # javafx/css/CssLexer$$Lambda+0x000002181d180c20
instanceKlass  @bci javafx/css/CssLexer <init> ()V 221 <appendix> argL0 ; # javafx/css/CssLexer$$Lambda+0x000002181d180a10
instanceKlass  @bci javafx/css/CssLexer <init> ()V 212 <appendix> argL0 ; # javafx/css/CssLexer$$Lambda+0x000002181d180800
instanceKlass  @bci javafx/css/CssLexer <init> ()V 203 <appendix> argL0 ; # javafx/css/CssLexer$$Lambda+0x000002181d181c60
instanceKlass  @bci javafx/css/CssLexer <init> ()V 194 <appendix> argL0 ; # javafx/css/CssLexer$$Lambda+0x000002181d181a50
instanceKlass  @bci javafx/css/CssLexer <init> ()V 185 <appendix> argL0 ; # javafx/css/CssLexer$$Lambda+0x000002181d181840
instanceKlass  @bci javafx/css/CssLexer <init> ()V 176 <appendix> argL0 ; # javafx/css/CssLexer$$Lambda+0x000002181d181630
instanceKlass  @bci javafx/css/CssLexer <init> ()V 167 <appendix> argL0 ; # javafx/css/CssLexer$$Lambda+0x000002181d181420
instanceKlass  @bci javafx/css/CssLexer <init> ()V 158 <appendix> argL0 ; # javafx/css/CssLexer$$Lambda+0x000002181d181210
instanceKlass  @bci javafx/css/CssLexer <init> ()V 149 <appendix> argL0 ; # javafx/css/CssLexer$$Lambda+0x000002181d181000
instanceKlass  @bci javafx/css/CssLexer <init> ()V 140 <appendix> argL0 ; # javafx/css/CssLexer$$Lambda+0x000002181d183ce0
instanceKlass  @bci javafx/css/CssLexer <init> ()V 131 <appendix> argL0 ; # javafx/css/CssLexer$$Lambda+0x000002181d183ad0
instanceKlass  @bci javafx/css/CssLexer <init> ()V 122 <appendix> argL0 ; # javafx/css/CssLexer$$Lambda+0x000002181d1838c0
instanceKlass  @bci javafx/css/CssLexer <init> ()V 113 <appendix> argL0 ; # javafx/css/CssLexer$$Lambda+0x000002181d1836b0
instanceKlass  @bci javafx/css/CssLexer <init> ()V 104 <appendix> argL0 ; # javafx/css/CssLexer$$Lambda+0x000002181d1834a0
instanceKlass  @bci javafx/css/CssLexer <init> ()V 95 <appendix> argL0 ; # javafx/css/CssLexer$$Lambda+0x000002181d183290
instanceKlass  @bci javafx/css/CssLexer <init> ()V 86 <appendix> argL0 ; # javafx/css/CssLexer$$Lambda+0x000002181d183080
instanceKlass  @bci javafx/css/CssLexer <init> ()V 77 <appendix> argL0 ; # javafx/css/CssLexer$$Lambda+0x000002181d182e70
instanceKlass  @bci javafx/css/CssLexer <init> ()V 68 <appendix> argL0 ; # javafx/css/CssLexer$$Lambda+0x000002181d182c60
instanceKlass  @bci javafx/css/CssLexer <init> ()V 59 <appendix> argL0 ; # javafx/css/CssLexer$$Lambda+0x000002181d182a50
instanceKlass  @bci javafx/css/CssLexer <init> ()V 50 <appendix> argL0 ; # javafx/css/CssLexer$$Lambda+0x000002181d182840
instanceKlass  @bci javafx/css/CssLexer <init> ()V 41 <appendix> argL0 ; # javafx/css/CssLexer$$Lambda+0x000002181d182630
instanceKlass  @bci javafx/css/CssLexer <init> ()V 32 <appendix> argL0 ; # javafx/css/CssLexer$$Lambda+0x000002181d182420
instanceKlass  @bci javafx/css/CssLexer <init> ()V 23 <appendix> argL0 ; # javafx/css/CssLexer$$Lambda+0x000002181d182210
instanceKlass  @bci sun/util/locale/provider/JRELocaleProviderAdapter getBreakIteratorProvider ()Ljava/text/spi/BreakIteratorProvider; 8 <bsm> form vmentry <vmtarget> ; # java/lang/invoke/LambdaForm$DMH+0x000002181d180400
instanceKlass  @bci javafx/css/CssLexer <init> ()V 14 <appendix> argL0 ; # javafx/css/CssLexer$$Lambda+0x000002181d182000
instanceKlass  @bci javafx/css/CssLexer <init> ()V 5 <appendix> argL0 ; # javafx/css/CssLexer$$Lambda+0x000002181d187d80
instanceKlass com/sun/javafx/css/parser/Recognizer
instanceKlass com/sun/javafx/css/parser/LexerState
instanceKlass javafx/css/CssLexer
instanceKlass javafx/css/FontFace
instanceKlass javafx/css/CssParser$ParseError
instanceKlass javafx/css/CssParser
instanceKlass com/sun/javafx/css/StyleManager$CacheContainer
instanceKlass javafx/css/converter/FontConverter$FontStyleConverter$Holder
instanceKlass javafx/css/converter/FontConverter$Holder
instanceKlass com/sun/javafx/font/PrismFont
instanceKlass com/sun/javafx/font/CharToGlyphMapper
instanceKlass com/sun/javafx/font/FontStrike
instanceKlass com/sun/javafx/font/LogicalFont
instanceKlass com/sun/javafx/font/CompositeFontResource
instanceKlass com/sun/javafx/font/directwrite/IUnknown
instanceKlass  @bci com/sun/javafx/font/directwrite/OS <clinit> ()V 0 <appendix> argL0 ; # com/sun/javafx/font/directwrite/OS$$Lambda+0x000002181d17a7e8
instanceKlass com/sun/javafx/font/directwrite/OS
instanceKlass com/sun/javafx/font/FontFallbackInfo
instanceKlass com/sun/javafx/text/GlyphLayout
instanceKlass com/sun/javafx/font/PrismFontFile
instanceKlass com/sun/javafx/font/FontConstants
instanceKlass com/sun/javafx/scene/text/FontHelper
instanceKlass javafx/scene/text/Font$1
instanceKlass com/sun/javafx/scene/text/FontHelper$FontAccessor
instanceKlass sun/util/logging/PlatformLogger$ConfigurableBridge$LoggerConfiguration
instanceKlass java/util/logging/LogManager$4
instanceKlass  @bci java/util/logging/Level$KnownLevel findByName (Ljava/lang/String;Ljava/util/function/Function;)Ljava/util/Optional; 29 <appendix> argL0 ; # java/util/logging/Level$KnownLevel$$Lambda+0x800000025
instanceKlass java/util/ArrayList$ArrayListSpliterator
instanceKlass  @bci java/util/logging/Level findLevel (Ljava/lang/String;)Ljava/util/logging/Level; 13 <appendix> argL0 ; # java/util/logging/Level$$Lambda+0x800000013
instanceKlass java/util/Hashtable$Enumerator
instanceKlass java/util/logging/LogManager$LoggerContext$1
instanceKlass java/util/logging/LogManager$VisitedLoggers
instanceKlass  @bci com/sun/marlin/TransformingPathConsumer2D$PathTracer <init> (Ljava/lang/String;)V 6 <appendix> form vmentry <vmtarget> ; # java/lang/invoke/LambdaForm$MH+0x000002181d180000
instanceKlass java/util/logging/Logger$ConfigurationData
instanceKlass java/util/logging/Logger$LoggerBundle
instanceKlass java/util/logging/Handler
instanceKlass java/util/logging/Logger
instanceKlass java/util/logging/LogManager$2
instanceKlass java/util/logging/LogManager$LoggingProviderAccess
instanceKlass java/util/logging/LogManager$LogNode
instanceKlass java/util/logging/LogManager$LoggerContext
instanceKlass java/util/logging/LogManager$1
instanceKlass  @bci java/util/logging/Level$KnownLevel add (Ljava/util/logging/Level;)V 49 <appendix> argL0 ; # java/util/logging/Level$KnownLevel$$Lambda+0x800000024
instanceKlass  @bci java/util/logging/Level$KnownLevel add (Ljava/util/logging/Level;)V 19 <appendix> argL0 ; # java/util/logging/Level$KnownLevel$$Lambda+0x800000023
instanceKlass java/util/logging/Level
instanceKlass java/util/logging/LogManager
instanceKlass jdk/internal/logger/BootstrapLogger$BootstrapExecutors
instanceKlass jdk/internal/logger/BootstrapLogger$RedirectedLoggers
instanceKlass java/util/ServiceLoader$ProviderImpl
instanceKlass java/util/ServiceLoader$Provider
instanceKlass java/util/ServiceLoader$1
instanceKlass sun/util/logging/internal/LoggingProviderImpl$LogManagerAccess
instanceKlass java/util/concurrent/CopyOnWriteArrayList$COWIterator
instanceKlass jdk/internal/logger/BootstrapLogger$DetectBackend$1
instanceKlass jdk/internal/logger/BootstrapLogger$DetectBackend
instanceKlass jdk/internal/logger/BootstrapLogger
instanceKlass sun/util/logging/PlatformLogger$ConfigurableBridge
instanceKlass sun/util/logging/PlatformLogger$Bridge
instanceKlass java/io/FilePermission$1
instanceKlass jdk/internal/access/JavaIOFilePermissionAccess
instanceKlass jdk/internal/logger/LoggerFinderLoader
instanceKlass  @bci java/lang/System$LoggerFinder accessProvider ()Ljava/lang/System$LoggerFinder; 8 <appendix> argL0 ; # java/lang/System$LoggerFinder$$Lambda+0x000002181d17c200
instanceKlass jdk/internal/logger/DefaultLoggerFinder$1
instanceKlass java/lang/System$LoggerFinder
instanceKlass jdk/internal/logger/LazyLoggers$LazyLoggerFactories
instanceKlass jdk/internal/logger/LazyLoggers$1
instanceKlass jdk/internal/logger/LazyLoggers
instanceKlass com/sun/javafx/logging/PlatformLogger
instanceKlass java/lang/System$Logger
instanceKlass com/sun/javafx/util/Logging
instanceKlass javafx/scene/CssStyleHelper
instanceKlass javafx/scene/Scene$ClickCounter
instanceKlass javafx/scene/Scene$ClickGenerator
instanceKlass javafx/scene/Scene$MouseHandler$1
instanceKlass com/sun/javafx/event/EventQueue
instanceKlass javafx/scene/Scene$MouseHandler
instanceKlass com/sun/javafx/scene/traversal/TraversalEngine$BaseEngineContext
instanceKlass com/sun/javafx/scene/traversal/ContainerTabOrder
instanceKlass com/sun/javafx/scene/traversal/Algorithm
instanceKlass com/sun/javafx/scene/traversal/TraversalContext
instanceKlass  @bci javafx/scene/Scene <init> (Ljavafx/scene/Parent;DDLjavafx/scene/paint/Paint;ZLjavafx/scene/SceneAntialiasing;)V 172 <appendix> member <vmtarget> ; # javafx/scene/Scene$$Lambda+0x000002181d175cc0
instanceKlass javafx/scene/Scene$TouchMap
instanceKlass javafx/scene/Scene$TouchGesture
instanceKlass javafx/scene/Scene$TargetWrapper
instanceKlass javafx/scene/Scene$ScenePulseListener
instanceKlass javafx/scene/SceneAntialiasing
instanceKlass  @bci cc/cmartin/system/controller/MainMenuController initialize (Ljava/net/URL;Ljava/util/ResourceBundle;)V 61 <appendix> member <vmtarget> ; # cc/cmartin/system/controller/MainMenuController$$Lambda+0x000002181d174310
instanceKlass  @bci cc/cmartin/system/utils/AnimationUtils aplicarEfectoPresion (Ljavafx/scene/Node;)V 18 <appendix> member <vmtarget> ; # cc/cmartin/system/utils/AnimationUtils$$Lambda+0x000002181d1740f8
instanceKlass  @bci cc/cmartin/system/utils/AnimationUtils aplicarEfectoPresion (Ljavafx/scene/Node;)V 5 <appendix> member <vmtarget> ; # cc/cmartin/system/utils/AnimationUtils$$Lambda+0x000002181d173ee0
instanceKlass  @bci cc/cmartin/system/utils/AnimationUtils aplicarEfectoHover (Ljavafx/scene/Node;)V 27 <appendix> member <vmtarget> ; # cc/cmartin/system/utils/AnimationUtils$$Lambda+0x000002181d173cc8
instanceKlass  @bci cc/cmartin/system/utils/AnimationUtils aplicarEfectoHover (Ljavafx/scene/Node;)V 17 <appendix> member <vmtarget> ; # cc/cmartin/system/utils/AnimationUtils$$Lambda+0x000002181d1735d8
instanceKlass com/sun/scenario/animation/shared/ClipEnvelope
instanceKlass javafx/animation/Animation$1
instanceKlass javafx/animation/Interpolator
instanceKlass javafx/util/Duration
instanceKlass com/sun/scenario/animation/shared/AnimationAccessor
instanceKlass  @bci cc/cmartin/system/utils/AnimationUtils aplicarFocoAnimado (Ljavafx/scene/control/TextInputControl;)V 25 <appendix> member <vmtarget> ; # cc/cmartin/system/utils/AnimationUtils$$Lambda+0x000002181d16cb48
instanceKlass com/sun/scenario/effect/EffectHelper
instanceKlass javafx/scene/effect/Effect$1
instanceKlass com/sun/scenario/effect/Effect
instanceKlass com/sun/scenario/effect/EffectHelper$EffectAccessor
instanceKlass javafx/animation/Animation
instanceKlass cc/cmartin/system/utils/AnimationUtils
# instanceKlass java/lang/invoke/LambdaForm$MH+0x000002181d161800
# instanceKlass java/lang/invoke/LambdaForm$MH+0x000002181d161400
# instanceKlass java/lang/invoke/LambdaForm$MH+0x000002181d161000
instanceKlass javafx/fxml/FXMLLoader$ControllerMethodEventHandler
instanceKlass javafx/fxml/FXMLLoader$MethodHandler
instanceKlass  @bci jdk/internal/reflect/DirectConstructorHandleAccessor invokeImpl ([Ljava/lang/Object;)Ljava/lang/Object; 88 <adapter> ; # java/lang/invoke/LambdaForm$MH+0x000002181d160c00
# instanceKlass java/lang/invoke/LambdaForm$MH+0x000002181d160800
# instanceKlass java/lang/invoke/LambdaForm$MH+0x000002181d160400
# instanceKlass java/lang/invoke/LambdaForm$MH+0x000002181d160000
# instanceKlass java/lang/invoke/LambdaForm$MH+0x000002181d143c00
instanceKlass  @bci java/util/stream/Collectors joining (Ljava/lang/CharSequence;Ljava/lang/CharSequence;Ljava/lang/CharSequence;)Ljava/util/stream/Collector; 22 <appendix> argL0 ; # java/util/stream/Collectors$$Lambda+0x800000044
instanceKlass  @bci java/util/stream/Collectors joining (Ljava/lang/CharSequence;Ljava/lang/CharSequence;Ljava/lang/CharSequence;)Ljava/util/stream/Collector; 17 <appendix> argL0 ; # java/util/stream/Collectors$$Lambda+0x800000042
instanceKlass  @bci java/util/stream/Collectors joining (Ljava/lang/CharSequence;Ljava/lang/CharSequence;Ljava/lang/CharSequence;)Ljava/util/stream/Collector; 12 <appendix> argL0 ; # java/util/stream/Collectors$$Lambda+0x80000003f
instanceKlass  @bci java/util/stream/Collectors joining (Ljava/lang/CharSequence;Ljava/lang/CharSequence;Ljava/lang/CharSequence;)Ljava/util/stream/Collector; 7 <appendix> member <vmtarget> ; # java/util/stream/Collectors$$Lambda+0x800000047
instanceKlass  @bci java/lang/Class methodToString (Ljava/lang/String;[Ljava/lang/Class;)Ljava/lang/String; 42 <appendix> argL0 ; # java/lang/Class$$Lambda+0x000002181d07f3d8
instanceKlass javafx/scene/control/TextFormatter
instanceKlass javafx/scene/control/TextFormatter$Change
instanceKlass  @bci javafx/scene/control/TextInputControl <init> (Ljavafx/scene/control/TextInputControl$Content;)V 260 <appendix> member <vmtarget> ; # javafx/scene/control/TextInputControl$$Lambda+0x000002181d15d5a0
instanceKlass  @bci javafx/scene/control/TextInputControl <init> (Ljavafx/scene/control/TextInputControl$Content;)V 247 <appendix> member <vmtarget> ; # javafx/scene/control/TextInputControl$$Lambda+0x000002181d15cfb8
instanceKlass  @bci javafx/scene/control/TextInputControl <init> (Ljavafx/scene/control/TextInputControl$Content;)V 234 <appendix> member <vmtarget> ; # javafx/scene/control/TextInputControl$$Lambda+0x000002181d15cda0
instanceKlass javafx/beans/property/IntegerPropertyBase$Listener
instanceKlass com/sun/javafx/binding/BindingHelperObserver
instanceKlass  @bci javafx/scene/control/TextInputControl <init> (Ljavafx/scene/control/TextInputControl$Content;)V 204 <appendix> member <vmtarget> ; # javafx/scene/control/TextInputControl$$Lambda+0x000002181d15b9d0
instanceKlass javafx/scene/control/TextInputControl$UndoRedoChange
instanceKlass javafx/scene/control/IndexRange
instanceKlass javafx/scene/control/TextInputControl$ContentBase
instanceKlass javafx/scene/control/TextInputControl$Content
instanceKlass com/sun/javafx/scene/control/FormatterAccessor
# instanceKlass java/lang/invoke/LambdaForm$MH+0x000002181d143800
instanceKlass java/lang/invoke/MethodHandle$1
instanceKlass  @bci javafx/scene/control/ComboBox <init> (Ljavafx/collections/ObservableList;)V 183 <appendix> member <vmtarget> ; # javafx/scene/control/ComboBox$$Lambda+0x000002181d153350
instanceKlass  @bci javafx/scene/control/ComboBox <init> (Ljavafx/collections/ObservableList;)V 170 <appendix> member <vmtarget> ; # javafx/scene/control/ComboBox$$Lambda+0x000002181d153138
instanceKlass  @bci javafx/scene/control/ComboBox <init> (Ljavafx/collections/ObservableList;)V 157 <appendix> member <vmtarget> ; # javafx/scene/control/ComboBox$$Lambda+0x000002181d152f20
instanceKlass javafx/scene/control/ComboBox$ComboBoxSelectionModel$1
instanceKlass  @bci javafx/scene/control/ComboBox$ComboBoxSelectionModel <init> (Ljavafx/scene/control/ComboBox;)V 71 <appendix> member <vmtarget> ; # javafx/scene/control/ComboBox$ComboBoxSelectionModel$$Lambda+0x000002181d152ae8
instanceKlass javafx/scene/control/ComboBox$ComboBoxSelectionModel$2
instanceKlass javafx/scene/control/ComboBox$3
instanceKlass  @bci javafx/scene/control/ComboBoxBase <init> ()V 143 <appendix> member <vmtarget> ; # javafx/scene/control/ComboBoxBase$$Lambda+0x000002181d14c430
instanceKlass javafx/util/StringConverter
instanceKlass javafx/scene/control/SelectionModel
instanceKlass javafx/beans/value/ObservableIntegerValue
instanceKlass javafx/beans/value/WritableIntegerValue
instanceKlass com/sun/javafx/scene/layout/ScaledMath
# instanceKlass java/lang/invoke/LambdaForm$MH+0x000002181d143400
# instanceKlass java/lang/invoke/LambdaForm$MH+0x000002181d143000
# instanceKlass java/lang/invoke/LambdaForm$DMH+0x000002181d142c00
# instanceKlass java/lang/invoke/LambdaForm$DMH+0x000002181d142800
# instanceKlass java/lang/invoke/LambdaForm$DMH+0x000002181d142400
instanceKlass java/lang/invoke/MethodHandleImpl$ArrayAccessor
instanceKlass java/lang/invoke/MethodHandleImpl$LoopClauses
instanceKlass java/lang/invoke/MethodHandleImpl$CasesHolder
# instanceKlass java/lang/invoke/LambdaForm$MH+0x000002181d142000
# instanceKlass java/lang/invoke/LambdaForm$BMH+0x000002181d141c00
# instanceKlass java/lang/invoke/LambdaForm$DMH+0x000002181d141800
# instanceKlass java/lang/invoke/LambdaForm$DMH+0x000002181d141400
instanceKlass  @bci com/sun/javafx/fxml/builder/ProxyBuilder scanForSetters ()Ljava/util/Map; 262 <appendix> form vmentry <vmtarget> ; # java/lang/invoke/LambdaForm$MH+0x000002181d141000
# instanceKlass java/lang/invoke/LambdaForm$MH+0x000002181d140c00
instanceKlass  @bci com/sun/javafx/fxml/builder/ProxyBuilder scanForSetters ()Ljava/util/Map; 262 <appendix> argL3 form vmentry <vmtarget> ; # java/lang/invoke/LambdaForm$MH+0x000002181d140800
# instanceKlass java/lang/invoke/LambdaForm$MH+0x000002181d140400
# instanceKlass java/lang/invoke/LambdaForm$MH+0x000002181d140000
# instanceKlass java/lang/invoke/LambdaForm$MH+0x000002181d13dc00
# instanceKlass java/lang/invoke/LambdaForm$MH+0x000002181d13d800
instanceKlass  @bci com/sun/javafx/fxml/builder/ProxyBuilder scanForSetters ()Ljava/util/Map; 262 <appendix> argL1 form vmentry <vmtarget> ; # java/lang/invoke/LambdaForm$MH+0x000002181d13d400
# instanceKlass java/lang/invoke/LambdaForm$MH+0x000002181d13d000
# instanceKlass java/lang/invoke/LambdaForm$MH+0x000002181d13cc00
# instanceKlass java/lang/invoke/LambdaForm$MH+0x000002181d13c800
instanceKlass java/util/NavigableSet
instanceKlass java/util/SortedSet
instanceKlass com/sun/javafx/fxml/builder/ProxyBuilder$AnnotationValue
instanceKlass  @bci com/sun/javafx/fxml/builder/ProxyBuilder <init> (Ljava/lang/Class;)V 10 <appendix> argL0 ; # com/sun/javafx/fxml/builder/ProxyBuilder$$Lambda+0x000002181d13f020
instanceKlass java/lang/Short$ShortCache
instanceKlass java/lang/Byte$ByteCache
instanceKlass javafx/beans/NamedArg
# instanceKlass java/lang/invoke/LambdaForm$MH+0x000002181d13c400
instanceKlass  @bci javafx/scene/control/Label <init> ()V 6 <appendix> member <vmtarget> ; # javafx/scene/control/Label$$Lambda+0x000002181d13bbc0
instanceKlass javafx/event/WeakEventHandler
instanceKlass com/sun/javafx/event/CompositeEventHandler$EventProcessorRecord
instanceKlass com/sun/javafx/event/CompositeEventHandler
instanceKlass  @bci javafx/event/Event <clinit> ()V 0 <appendix> argL0 ; # javafx/event/Event$$Lambda+0x000002181d13a3a8
instanceKlass  @bci javafx/scene/control/Control <clinit> ()V 35 <appendix> argL0 ; # javafx/scene/control/Control$$Lambda+0x000002181d13a198
instanceKlass  @cpi com/sun/javafx/scene/control/behavior/FocusTraversalInputMap 212 form vmentry <vmtarget> ; # java/lang/invoke/LambdaForm$DMH+0x000002181d13c000
instanceKlass com/sun/javafx/css/StyleManager$RefList
instanceKlass javafx/css/converter/FontConverter$FontWeightConverter$Holder
instanceKlass javafx/css/converter/StringConverter$Holder
instanceKlass javafx/css/converter/FontConverter$FontSizeConverter$Holder
instanceKlass javafx/css/converter/EffectConverter$Holder
instanceKlass com/sun/javafx/scene/layout/region/Margins
instanceKlass com/sun/javafx/scene/layout/region/Margins$Holder
instanceKlass javafx/css/converter/BooleanConverter$Holder
instanceKlass javafx/css/converter/SizeConverter$Holder
instanceKlass javafx/css/converter/InsetsConverter$Holder
instanceKlass com/sun/javafx/css/SelectorPartitioning$Slot
instanceKlass com/sun/javafx/css/BitSet$1
instanceKlass com/sun/javafx/css/SelectorPartitioning$Partition
instanceKlass javafx/css/converter/PaintConverter$Holder
instanceKlass javafx/css/converter/StopConverter$Holder
instanceKlass javafx/css/converter/LadderConverter$Holder
instanceKlass javafx/css/converter/DeriveColorConverter$Holder
instanceKlass javafx/css/converter/URLConverter$Holder
instanceKlass javafx/css/StyleConverter
instanceKlass javafx/css/Size
instanceKlass javafx/css/ParsedValue
instanceKlass javafx/css/Declaration
instanceKlass javafx/css/Rule$Observables
instanceKlass  @bci com/sun/javafx/css/SelectorPartitioning <clinit> ()V 28 <appendix> argL0 ; # com/sun/javafx/css/SelectorPartitioning$$Lambda+0x000002181d12b7a8
instanceKlass com/sun/javafx/css/SelectorPartitioning$PartitionKey
instanceKlass com/sun/javafx/css/SelectorPartitioning
instanceKlass com/sun/javafx/css/StyleManager$StylesheetContainer
instanceKlass java/util/AbstractList$SubList$1
instanceKlass javafx/collections/ModifiableObservableListBase$SubObservableList
instanceKlass javafx/css/StyleClass
instanceKlass javafx/css/Rule
instanceKlass javafx/css/StyleConverter$StringStore
instanceKlass sun/net/www/protocol/jar/JarFileFactory
instanceKlass sun/net/www/protocol/jar/URLJarFile$URLJarFileCloseController
instanceKlass javafx/css/Stylesheet
# instanceKlass java/lang/invoke/LambdaForm$MH+0x000002181d12c400
# instanceKlass java/lang/invoke/LambdaForm$MH+0x000002181d12c000
instanceKlass  @bci com/sun/javafx/font/PrismFontFactory <clinit> ()V 59 <appendix> member <vmtarget> ; # com/sun/javafx/font/PrismFontFactory$$Lambda+0x000002181d1274f0
instanceKlass java/io/FilenameFilter
instanceKlass com/sun/javafx/font/FontResource
instanceKlass com/sun/javafx/font/PGFont
instanceKlass com/sun/javafx/font/PrismFontFactory
instanceKlass com/sun/javafx/scene/text/TextLine
instanceKlass com/sun/javafx/scene/text/GlyphList
instanceKlass java/text/CharacterIterator
instanceKlass com/sun/javafx/text/PrismTextLayout
instanceKlass com/sun/javafx/scene/text/TextLayout
instanceKlass com/sun/javafx/text/PrismTextLayoutFactory
instanceKlass  @bci javafx/scene/text/Text <init> ()V 64 <appendix> member <vmtarget> ; # javafx/scene/text/Text$$Lambda+0x000002181d126088
instanceKlass  @bci javafx/scene/text/Text <init> ()V 37 <appendix> member <vmtarget> ; # javafx/scene/text/Text$$Lambda+0x000002181d125c38
instanceKlass javafx/scene/paint/Paint$1
instanceKlass com/sun/javafx/tk/Toolkit$PaintAccessor
instanceKlass javafx/scene/text/Text$1
instanceKlass com/sun/javafx/scene/text/TextSpan
instanceKlass com/sun/javafx/scene/shape/TextHelper$TextAccessor
instanceKlass com/sun/javafx/scene/control/skin/Utils
instanceKlass  @bci com/sun/javafx/css/StyleManager loadStylesheetUnPrivileged (Ljava/lang/String;)Ljavafx/css/Stylesheet; 7 <appendix> member <vmtarget> ; # com/sun/javafx/css/StyleManager$$Lambda+0x000002181d11f848
instanceKlass com/sun/javafx/css/StyleManager$ImageCache
instanceKlass com/sun/javafx/css/StyleManager$InstanceHolder
instanceKlass com/sun/javafx/css/StyleManager
instanceKlass  @bci com/sun/javafx/application/PlatformImpl _setPlatformUserAgentStylesheet (Ljava/lang/String;)V 370 <appendix> member <vmtarget> ; # com/sun/javafx/application/PlatformImpl$$Lambda+0x000002181d11f038
instanceKlass  @bci com/sun/javafx/application/PlatformImpl _setAccessibilityTheme (Ljava/lang/String;)V 0 <appendix> argL0 ; # com/sun/javafx/application/PlatformImpl$$Lambda+0x000002181d11ee28
instanceKlass  @bci com/sun/glass/ui/win/WinApplication getHighContrastScheme (Ljava/lang/String;)Ljava/lang/String; 11 <appendix> member <vmtarget> ; # com/sun/glass/ui/win/WinApplication$$Lambda+0x000002181d11ebf0
instanceKlass java/util/Collections$SynchronizedCollection
instanceKlass java/util/Properties$EntrySet
instanceKlass  @bci java/util/ResourceBundle$ResourceBundleProviderHelper loadPropertyResourceBundle (Ljava/lang/Module;Ljava/lang/Module;Ljava/lang/String;Ljava/util/Locale;)Ljava/util/ResourceBundle; 14 <appendix> member <vmtarget> ; # java/util/ResourceBundle$ResourceBundleProviderHelper$$Lambda+0x000002181d0793e0
instanceKlass java/security/Security$1
instanceKlass jdk/internal/access/JavaSecurityPropertiesAccess
instanceKlass java/util/concurrent/ConcurrentHashMap$MapEntry
instanceKlass  @bci java/security/Security <clinit> ()V 9 <appendix> argL0 ; # java/security/Security$$Lambda+0x80000000b
instanceKlass java/security/Security
instanceKlass sun/security/util/SecurityProperties
instanceKlass sun/security/util/FilePermCompat
instanceKlass sun/security/util/SecurityConstants
instanceKlass  @bci java/util/ResourceBundle$ResourceBundleProviderHelper loadResourceBundle (Ljava/lang/Module;Ljava/lang/Module;Ljava/lang/String;Ljava/util/Locale;)Ljava/util/ResourceBundle; 13 <appendix> member <vmtarget> ; # java/util/ResourceBundle$ResourceBundleProviderHelper$$Lambda+0x000002181d078300
instanceKlass java/util/ResourceBundle$ResourceBundleProviderHelper
instanceKlass java/util/ResourceBundle$CacheKeyReference
instanceKlass java/util/ResourceBundle$CacheKey
instanceKlass  @bci java/util/ResourceBundle getLoader (Ljava/lang/Module;)Ljava/lang/ClassLoader; 6 <appendix> member <vmtarget> ; # java/util/ResourceBundle$$Lambda+0x000002181d077a98
instanceKlass java/util/ResourceBundle$Control
instanceKlass java/util/ResourceBundle$1
instanceKlass jdk/internal/access/JavaUtilResourceBundleAccess
instanceKlass java/util/ResourceBundle
instanceKlass com/sun/javafx/tk/quantum/QuantumToolkit$6
instanceKlass  @bci com/sun/javafx/application/PlatformImpl _setPlatformUserAgentStylesheet (Ljava/lang/String;)V 8 <appendix> argL0 ; # com/sun/javafx/application/PlatformImpl$$Lambda+0x000002181d11e3c0
instanceKlass javafx/scene/control/Control$1
instanceKlass javafx/scene/control/Skin
instanceKlass com/sun/javafx/scene/control/ControlHelper$ControlAccessor
# instanceKlass java/lang/invoke/LambdaForm$MH+0x000002181d116000
# instanceKlass java/lang/invoke/LambdaForm$MH+0x000002181d115c00
# instanceKlass java/lang/invoke/LambdaForm$DMH+0x000002181d115800
# instanceKlass java/lang/invoke/LambdaForm$MH+0x000002181d115400
# instanceKlass java/lang/invoke/LambdaForm$BMH+0x000002181d115000
# instanceKlass java/lang/invoke/LambdaForm$DMH+0x000002181d114c00
# instanceKlass java/lang/invoke/LambdaForm$MH+0x000002181d114800
# instanceKlass java/lang/invoke/LambdaForm$DMH+0x000002181d114400
# instanceKlass java/lang/invoke/LambdaForm$DMH+0x000002181d114000
instanceKlass com/sun/prism/Image$Serial
instanceKlass com/sun/javafx/image/impl/ByteRgba$Accessor
instanceKlass com/sun/javafx/image/impl/ByteRgba
instanceKlass com/sun/javafx/image/impl/ByteBgraPre$Accessor
instanceKlass com/sun/javafx/image/impl/ByteBgraPre
instanceKlass com/sun/javafx/image/impl/BaseByteToByteConverter
instanceKlass com/sun/javafx/image/ByteToBytePixelConverter
instanceKlass com/sun/javafx/image/PixelConverter
instanceKlass com/sun/javafx/image/impl/ByteBgra$Accessor
instanceKlass com/sun/javafx/image/BytePixelAccessor
instanceKlass com/sun/javafx/image/BytePixelSetter
instanceKlass com/sun/javafx/image/PixelSetter
instanceKlass com/sun/javafx/image/BytePixelGetter
instanceKlass com/sun/javafx/image/impl/ByteBgra
instanceKlass com/sun/prism/Image$1
instanceKlass javafx/scene/image/PixelFormat
instanceKlass com/sun/javafx/image/PixelGetter
instanceKlass com/sun/prism/Image$Accessor
instanceKlass com/sun/prism/Image
instanceKlass com/sun/javafx/iio/ImageFrame
instanceKlass com/sun/javafx/iio/ImageMetadata
instanceKlass com/sun/javafx/iio/common/ImageLoaderImpl
instanceKlass java/util/Collections$3
instanceKlass com/sun/javafx/iio/common/ImageTools
instanceKlass com/sun/javafx/iio/ImageFormatDescription$Signature
instanceKlass com/sun/javafx/iio/common/ImageDescriptor
instanceKlass com/sun/javafx/iio/bmp/BMPImageLoaderFactory
instanceKlass com/sun/javafx/iio/png/PNGImageLoaderFactory
instanceKlass com/sun/javafx/iio/jpeg/JPEGImageLoaderFactory
instanceKlass com/sun/javafx/iio/ImageLoader
instanceKlass com/sun/javafx/iio/ImageFormatDescription
instanceKlass com/sun/javafx/iio/gif/GIFImageLoaderFactory
instanceKlass com/sun/javafx/iio/ImageLoaderFactory
instanceKlass com/sun/javafx/iio/ImageStorage$InstanceHolder
instanceKlass com/sun/javafx/iio/ImageStorage
instanceKlass com/sun/javafx/tk/quantum/PrismImageLoader2$PrismLoadListener
instanceKlass com/sun/javafx/iio/ImageLoadListener
instanceKlass com/sun/javafx/tk/quantum/PrismImageLoader2
instanceKlass com/sun/javafx/util/DataURI
instanceKlass javafx/scene/image/ImageView$1
instanceKlass com/sun/javafx/scene/ImageViewHelper$ImageViewAccessor
# instanceKlass java/lang/invoke/LambdaForm$MH+0x000002181d106c00
# instanceKlass java/lang/invoke/LambdaForm$MH+0x000002181d106800
# instanceKlass java/lang/invoke/LambdaForm$MH+0x000002181d106400
# instanceKlass java/lang/invoke/LambdaForm$DMH+0x000002181d106000
# instanceKlass java/lang/invoke/LambdaForm$BMH+0x000002181d105c00
# instanceKlass java/lang/invoke/LambdaForm$DMH+0x000002181d105800
# instanceKlass java/lang/invoke/LambdaForm$MH+0x000002181d105400
# instanceKlass java/lang/invoke/LambdaForm$DMH+0x000002181d105000
instanceKlass java/lang/invoke/ClassSpecializer$Factory$1Var
# instanceKlass java/lang/invoke/LambdaForm$BMH+0x000002181d104c00
# instanceKlass java/lang/invoke/LambdaForm$DMH+0x000002181d104800
# instanceKlass java/lang/invoke/LambdaForm$DMH+0x000002181d104400
instanceKlass sun/invoke/util/ValueConversions$1
instanceKlass sun/invoke/util/ValueConversions$WrapperCache
# instanceKlass java/lang/invoke/LambdaForm$DMH+0x000002181d104000
instanceKlass javafx/scene/shape/Shape$StrokeAttributes
instanceKlass com/sun/javafx/geom/PathIterator
instanceKlass javafx/beans/WeakInvalidationListener
instanceKlass javafx/scene/shape/Circle$1
instanceKlass javafx/scene/shape/Shape$1
instanceKlass com/sun/javafx/scene/shape/CircleHelper$CircleAccessor
instanceKlass com/sun/javafx/scene/shape/ShapeHelper$ShapeAccessor
instanceKlass com/sun/javafx/beans/event/AbstractNotifyListener
instanceKlass  @bci jdk/internal/reflect/MethodHandleObjectFieldAccessorImpl set (Ljava/lang/Object;Ljava/lang/Object;)V 41 <adapter> ; # java/lang/invoke/LambdaForm$MH+0x000002181d0fb000
# instanceKlass java/lang/invoke/LambdaForm$MH+0x000002181d0fac00
# instanceKlass java/lang/invoke/LambdaForm$MH+0x000002181d0fa800
# instanceKlass java/lang/invoke/LambdaForm$MH+0x000002181d0fa400
# instanceKlass java/lang/invoke/LambdaForm$MH+0x000002181d0fa000
instanceKlass javafx/fxml/FXML
instanceKlass javafx/fxml/FXMLLoader$ControllerAccessor$1
# instanceKlass java/lang/invoke/LambdaForm$MH+0x000002181d0f9c00
# instanceKlass java/lang/invoke/LambdaForm$MH+0x000002181d0f9800
# instanceKlass java/lang/invoke/LambdaForm$MH+0x000002181d0f9400
instanceKlass  @bci javafx/scene/layout/StackPane <clinit> ()V 0 <appendix> argL0 ; # javafx/scene/layout/StackPane$$Lambda+0x000002181d0f6328
instanceKlass java/time/LocalDate
instanceKlass java/time/chrono/ChronoLocalDate
instanceKlass java/time/temporal/TemporalAdjuster
instanceKlass java/time/temporal/Temporal
instanceKlass java/time/temporal/TemporalAccessor
instanceKlass java/lang/Class$AnnotationData
instanceKlass com/sun/javafx/beans/IDProperty
instanceKlass java/lang/annotation/Target
instanceKlass sun/reflect/annotation/ExceptionProxy
instanceKlass java/lang/annotation/Documented
instanceKlass java/lang/reflect/Proxy$ProxyBuilder$1
instanceKlass jdk/internal/org/objectweb/asm/Edge
instanceKlass  @bci java/lang/reflect/ProxyGenerator addProxyMethod (Ljava/lang/reflect/Method;Ljava/lang/Class;)V 23 <appendix> argL0 ; # java/lang/reflect/ProxyGenerator$$Lambda+0x000002181d074bd0
instanceKlass  @bci java/lang/reflect/ProxyGenerator addProxyMethod (Ljava/lang/reflect/ProxyGenerator$ProxyMethod;)V 10 <appendix> argL0 ; # java/lang/reflect/ProxyGenerator$$Lambda+0x000002181d0749a0
instanceKlass java/util/StringJoiner
instanceKlass java/lang/reflect/ProxyGenerator$ProxyMethod
instanceKlass  @bci java/lang/reflect/Proxy getLoader (Ljava/lang/Module;)Ljava/lang/ClassLoader; 6 <appendix> member <vmtarget> ; # java/lang/reflect/Proxy$$Lambda+0x000002181d074278
instanceKlass  @bci java/lang/WeakPairMap computeIfAbsent (Ljava/lang/Object;Ljava/lang/Object;Ljava/util/function/BiFunction;)Ljava/lang/Object; 18 <appendix> member <vmtarget> ; # java/lang/WeakPairMap$$Lambda+0x000002181d073e40
instanceKlass  @bci java/lang/Module implAddExportsOrOpens (Ljava/lang/String;Ljava/lang/Module;ZZ)V 145 <appendix> argL0 ; # java/lang/Module$$Lambda+0x000002181d073c20
instanceKlass  @bci java/lang/reflect/Proxy$ProxyBuilder getDynamicModule (Ljava/lang/ClassLoader;)Ljava/lang/Module; 4 <appendix> argL0 ; # java/lang/reflect/Proxy$ProxyBuilder$$Lambda+0x000002181d073308
instanceKlass java/util/LinkedHashMap$LinkedHashIterator
instanceKlass java/lang/PublicMethods
instanceKlass java/util/Collections$1
instanceKlass java/lang/reflect/Proxy$ProxyBuilder
instanceKlass  @bci java/lang/reflect/Proxy getProxyConstructor (Ljava/lang/Class;Ljava/lang/ClassLoader;[Ljava/lang/Class;)Ljava/lang/reflect/Constructor; 35 <appendix> argL0 ; # java/lang/reflect/Proxy$$Lambda+0x000002181d072098
instanceKlass java/lang/reflect/Proxy
instanceKlass sun/reflect/annotation/AnnotationInvocationHandler
instanceKlass java/lang/reflect/InvocationHandler
instanceKlass sun/reflect/annotation/AnnotationParser$1
instanceKlass java/lang/annotation/Inherited
instanceKlass java/lang/annotation/Retention
instanceKlass sun/reflect/annotation/AnnotationType$1
instanceKlass sun/reflect/annotation/AnnotationType
instanceKlass java/lang/reflect/GenericArrayType
instanceKlass javafx/beans/DefaultProperty
instanceKlass sun/reflect/generics/reflectiveObjects/LazyReflectiveObjectGenerator
instanceKlass sun/reflect/generics/tree/TypeVariableSignature
instanceKlass sun/reflect/generics/tree/ClassSignature
instanceKlass sun/reflect/generics/reflectiveObjects/ParameterizedTypeImpl
instanceKlass java/lang/reflect/ParameterizedType
instanceKlass sun/reflect/generics/visitor/Reifier
instanceKlass sun/reflect/generics/visitor/TypeTreeVisitor
instanceKlass sun/reflect/generics/tree/MethodTypeSignature
instanceKlass sun/reflect/generics/tree/Signature
instanceKlass sun/reflect/generics/tree/ClassTypeSignature
instanceKlass sun/reflect/generics/tree/SimpleClassTypeSignature
instanceKlass sun/reflect/generics/tree/FieldTypeSignature
instanceKlass sun/reflect/generics/tree/TypeArgument
instanceKlass sun/reflect/generics/tree/BaseType
instanceKlass sun/reflect/generics/tree/TypeSignature
instanceKlass sun/reflect/generics/tree/ReturnType
instanceKlass sun/reflect/generics/tree/FormalTypeParameter
instanceKlass sun/reflect/generics/tree/TypeTree
instanceKlass sun/reflect/generics/tree/Tree
instanceKlass sun/reflect/generics/parser/SignatureParser
instanceKlass sun/reflect/generics/repository/AbstractRepository
instanceKlass sun/reflect/generics/factory/CoreReflectionFactory
instanceKlass sun/reflect/generics/factory/GenericsFactory
instanceKlass sun/reflect/generics/scope/AbstractScope
instanceKlass sun/reflect/generics/scope/Scope
# instanceKlass java/lang/invoke/LambdaForm$MH+0x000002181d0f9000
# instanceKlass java/lang/invoke/LambdaForm$MH+0x000002181d0f8c00
# instanceKlass java/lang/invoke/LambdaForm$MH+0x000002181d0f8800
instanceKlass  @bci java/lang/ClassLoader definePackage (Ljava/lang/String;Ljava/lang/Module;)Ljava/lang/Package; 73 <appendix> member <vmtarget> ; # java/lang/ClassLoader$$Lambda+0x000002181d06ab80
instanceKlass com/sun/javafx/reflect/Trampoline
instanceKlass com/sun/javafx/reflect/MethodUtil$1
instanceKlass  @bci com/sun/javafx/fxml/MethodHelper <clinit> ()V 0 <appendix> argL0 ; # com/sun/javafx/fxml/MethodHelper$$Lambda+0x000002181d0f4408
instanceKlass com/sun/javafx/fxml/MethodHelper
# instanceKlass java/lang/invoke/LambdaForm$MH+0x000002181d0f3c00
instanceKlass java/lang/reflect/AnnotatedType
instanceKlass java/lang/reflect/TypeVariable
instanceKlass  @bci com/sun/javafx/fxml/ModuleHelper <clinit> ()V 0 <appendix> argL0 ; # com/sun/javafx/fxml/ModuleHelper$$Lambda+0x000002181d0f4000
instanceKlass com/sun/javafx/fxml/ModuleHelper
instanceKlass  @bci com/sun/javafx/fxml/BeanAdapter getMethodName (Ljava/lang/String;Ljava/lang/String;)Ljava/lang/String; 14 <appendix> form vmentry <vmtarget> ; # java/lang/invoke/LambdaForm$MH+0x000002181d0f3800
# instanceKlass java/lang/invoke/LambdaForm$MH+0x000002181d0f3400
instanceKlass  @bci com/sun/javafx/fxml/BeanAdapter getMethodName (Ljava/lang/String;Ljava/lang/String;)Ljava/lang/String; 14 <appendix> form names 8 function resolvedHandle form vmentry <vmtarget> ; # java/lang/invoke/LambdaForm$DMH+0x000002181d0f3000
instanceKlass  @bci com/sun/javafx/fxml/BeanAdapter getMethodName (Ljava/lang/String;Ljava/lang/String;)Ljava/lang/String; 14 <appendix> argL3 form vmentry <vmtarget> ; # java/lang/invoke/LambdaForm$MH+0x000002181d0f2c00
# instanceKlass java/lang/invoke/LambdaForm$MH+0x000002181d0f2800
# instanceKlass java/lang/invoke/LambdaForm$MH+0x000002181d0f2400
# instanceKlass java/lang/invoke/LambdaForm$MH+0x000002181d0f2000
# instanceKlass java/lang/invoke/LambdaForm$MH+0x000002181d0f1c00
# instanceKlass java/lang/invoke/LambdaForm$MH+0x000002181d0f1800
# instanceKlass java/lang/invoke/LambdaForm$MH+0x000002181d0f1400
instanceKlass  @bci com/sun/javafx/fxml/BeanAdapter getMethodName (Ljava/lang/String;Ljava/lang/String;)Ljava/lang/String; 14 <appendix> form names 12 function resolvedHandle form vmentry <vmtarget> ; # java/lang/invoke/LambdaForm$DMH+0x000002181d0f1000
instanceKlass  @bci com/sun/javafx/fxml/BeanAdapter getMethodName (Ljava/lang/String;Ljava/lang/String;)Ljava/lang/String; 14 <appendix> argL1 form vmentry <vmtarget> ; # java/lang/invoke/LambdaForm$MH+0x000002181d0f0c00
# instanceKlass java/lang/invoke/LambdaForm$MH+0x000002181d0f0800
instanceKlass  @bci com/sun/scenario/effect/impl/Renderer getPeerInstance (Lcom/sun/scenario/effect/FilterContext;Ljava/lang/String;I)Lcom/sun/scenario/effect/impl/EffectPeer; 33 <appendix> argL1 form vmentry <vmtarget> ; # java/lang/invoke/LambdaForm$MH+0x000002181d0f0400
# instanceKlass java/lang/invoke/LambdaForm$MH+0x000002181d0f0000
# instanceKlass java/lang/invoke/LambdaForm$MH+0x000002181d0e4c00
# instanceKlass java/lang/invoke/LambdaForm$MH+0x000002181d0e4800
# instanceKlass java/lang/invoke/LambdaForm$MH+0x000002181d0e4400
instanceKlass com/sun/javafx/geom/Point2D
instanceKlass javafx/scene/input/Clipboard
instanceKlass javafx/scene/Node$MiscProperties
instanceKlass javafx/scene/effect/Effect
instanceKlass javafx/css/CssMetaData
instanceKlass javafx/scene/Node$AccessibilityProperties
instanceKlass javafx/scene/Node$NodeTransformation
instanceKlass com/sun/javafx/scene/EventHandlerProperties
instanceKlass javafx/scene/Cursor
instanceKlass javafx/event/EventType
instanceKlass javafx/scene/SnapshotParameters
instanceKlass javafx/geometry/Point2D
instanceKlass javafx/css/Selector
instanceKlass com/sun/javafx/fxml/BeanAdapter$MethodCache
instanceKlass javafx/scene/layout/Border
instanceKlass com/sun/javafx/scene/input/PickResultChooser
instanceKlass com/sun/javafx/geom/PickRay
instanceKlass javafx/scene/layout/Background
instanceKlass javafx/scene/layout/BorderWidths
instanceKlass javafx/scene/layout/CornerRadii
instanceKlass com/sun/javafx/fxml/BeanAdapter$1
instanceKlass java/util/LinkedList$ListItr
instanceKlass  @bci javafx/scene/layout/HBox <clinit> ()V 0 <appendix> argL0 ; # javafx/scene/layout/HBox$$Lambda+0x000002181d0eab00
instanceKlass java/util/StringTokenizer
instanceKlass  @bci javafx/scene/layout/Region <init> ()V 6 <appendix> member <vmtarget> ; # javafx/scene/layout/Region$$Lambda+0x000002181d0e9408
instanceKlass  @bci javafx/scene/layout/VBox <clinit> ()V 0 <appendix> argL0 ; # javafx/scene/layout/VBox$$Lambda+0x000002181d0e3ba0
instanceKlass javafx/scene/layout/Pane$1
instanceKlass com/sun/javafx/geom/Vec2d
instanceKlass javafx/scene/layout/Region$1
instanceKlass javafx/scene/Parent$1
instanceKlass  @bci javafx/scene/PropertyHelper getBooleanProperty (Ljava/lang/String;)Z 1 <appendix> member <vmtarget> ; # javafx/scene/PropertyHelper$$Lambda+0x000002181d0e28f8
instanceKlass javafx/scene/PropertyHelper
instanceKlass  @bci javafx/scene/Node <clinit> ()V 123 <appendix> argL0 ; # javafx/scene/Node$$Lambda+0x000002181d0e24f0
instanceKlass  @cpi javafx/scene/Node 3284 form vmentry <vmtarget> ; # java/lang/invoke/LambdaForm$DMH+0x000002181d0e4000
instanceKlass com/sun/javafx/scene/BoundsAccessor
instanceKlass javafx/collections/SetChangeListener$Change
instanceKlass javafx/css/PseudoClass
instanceKlass javafx/geometry/Point3D
instanceKlass com/sun/javafx/scene/transform/TransformHelper
instanceKlass javafx/scene/transform/Transform$1
instanceKlass com/sun/javafx/scene/transform/TransformHelper$TransformAccessor
instanceKlass javafx/scene/transform/Transform
instanceKlass com/sun/javafx/scene/NodeHelper
instanceKlass javafx/scene/Node$1
instanceKlass com/sun/javafx/scene/layout/PaneHelper$PaneAccessor
instanceKlass com/sun/javafx/scene/layout/RegionHelper$RegionAccessor
instanceKlass com/sun/javafx/sg/prism/NGNode
instanceKlass com/sun/javafx/scene/ParentHelper$ParentAccessor
instanceKlass com/sun/javafx/scene/NodeHelper$NodeAccessor
instanceKlass com/sun/javafx/reflect/ConstructorUtil
instanceKlass javafx/scene/shape/Mesh
instanceKlass javafx/scene/text/Font
instanceKlass cc/cmartin/system/repository/MotorAljamiaHebrea
instanceKlass cc/cmartin/system/repository/MotorAljamiaArabe
instanceKlass cc/cmartin/system/repository/MotorEspanol
instanceKlass cc/cmartin/system/repository/MotorTransliteracion
instanceKlass cc/cmartin/system/service/ServicioTransliteracion
instanceKlass com/sun/javafx/reflect/ReflectUtil
instanceKlass cc/cmartin/system/controller/MainMenuController
instanceKlass javafx/fxml/Initializable
instanceKlass javafx/fxml/FXMLLoader$Attribute
instanceKlass javafx/event/EventHandler
instanceKlass java/util/EventListener
instanceKlass javafx/collections/MapChangeListener
instanceKlass javafx/collections/SetChangeListener
instanceKlass javafx/beans/value/ChangeListener
instanceKlass javafx/scene/control/Skinnable
instanceKlass javafx/geometry/Insets
instanceKlass java/util/LinkedList$Node
instanceKlass com/sun/org/apache/xerces/internal/util/XMLChar
instanceKlass java/nio/charset/CoderResult
instanceKlass com/sun/xml/internal/stream/util/BufferAllocator
instanceKlass com/sun/xml/internal/stream/util/ThreadLocalBufferAllocator
instanceKlass com/sun/xml/internal/stream/Entity
instanceKlass com/sun/org/apache/xerces/internal/util/XMLSymbols
instanceKlass com/sun/org/apache/xerces/internal/utils/XMLLimitAnalyzer
instanceKlass com/sun/org/apache/xerces/internal/impl/msg/XMLMessageFormatter
instanceKlass com/sun/org/apache/xerces/internal/util/MessageFormatter
instanceKlass com/sun/org/apache/xerces/internal/impl/XMLErrorReporter
instanceKlass com/sun/org/apache/xerces/internal/impl/XMLEntityScanner
instanceKlass com/sun/org/apache/xerces/internal/xni/XMLLocator
instanceKlass com/sun/xml/internal/stream/XMLEntityStorage
instanceKlass com/sun/org/apache/xerces/internal/impl/XMLEntityManager
instanceKlass com/sun/org/apache/xerces/internal/xni/parser/XMLEntityResolver
instanceKlass com/sun/org/apache/xerces/internal/util/NamespaceContextWrapper
instanceKlass javax/xml/namespace/NamespaceContext
instanceKlass com/sun/org/apache/xerces/internal/xni/grammars/XMLDTDDescription
instanceKlass com/sun/org/apache/xerces/internal/xni/grammars/XMLGrammarDescription
instanceKlass com/sun/org/apache/xerces/internal/impl/XMLDocumentScannerImpl$TrailingMiscDriver
instanceKlass com/sun/org/apache/xerces/internal/impl/XMLDocumentScannerImpl$PrologDriver
instanceKlass com/sun/org/apache/xerces/internal/impl/XMLDocumentScannerImpl$XMLDeclDriver
instanceKlass com/sun/org/apache/xerces/internal/util/NamespaceSupport
instanceKlass com/sun/org/apache/xerces/internal/xni/NamespaceContext
instanceKlass com/sun/org/apache/xerces/internal/util/AugmentationsImpl$AugmentationsItemsContainer
instanceKlass com/sun/org/apache/xerces/internal/util/AugmentationsImpl
instanceKlass com/sun/org/apache/xerces/internal/xni/Augmentations
instanceKlass com/sun/org/apache/xerces/internal/util/XMLAttributesImpl$Attribute
instanceKlass com/sun/org/apache/xerces/internal/util/XMLAttributesImpl
instanceKlass com/sun/org/apache/xerces/internal/xni/XMLAttributes
instanceKlass com/sun/org/apache/xerces/internal/impl/XMLDocumentFragmentScannerImpl$FragmentContentDriver
instanceKlass com/sun/org/apache/xerces/internal/impl/XMLDocumentFragmentScannerImpl$Driver
instanceKlass com/sun/org/apache/xerces/internal/impl/XMLDocumentFragmentScannerImpl$ElementStack2
instanceKlass com/sun/org/apache/xerces/internal/xni/QName
instanceKlass com/sun/org/apache/xerces/internal/impl/XMLDocumentFragmentScannerImpl$ElementStack
instanceKlass com/sun/org/apache/xerces/internal/util/XMLResourceIdentifierImpl
instanceKlass com/sun/org/apache/xerces/internal/xni/XMLResourceIdentifier
instanceKlass com/sun/org/apache/xerces/internal/xni/XMLString
instanceKlass com/sun/org/apache/xerces/internal/impl/XMLScanner
instanceKlass com/sun/xml/internal/stream/XMLBufferListener
instanceKlass com/sun/org/apache/xerces/internal/impl/XMLEntityHandler
instanceKlass com/sun/org/apache/xerces/internal/xni/parser/XMLComponent
instanceKlass com/sun/org/apache/xerces/internal/xni/parser/XMLDocumentScanner
instanceKlass com/sun/org/apache/xerces/internal/xni/parser/XMLDocumentSource
instanceKlass com/sun/org/apache/xerces/internal/util/SymbolTable$Entry
instanceKlass com/sun/org/apache/xerces/internal/util/SymbolTable
instanceKlass com/sun/org/apache/xerces/internal/impl/XMLStreamReaderImpl
instanceKlass com/sun/org/apache/xerces/internal/xni/parser/XMLInputSource
instanceKlass javax/xml/stream/util/StreamReaderDelegate
instanceKlass  @bci javax/xml/stream/FactoryFinder newInstance (Ljava/lang/Class;Ljava/lang/String;Ljava/lang/ClassLoader;ZZ)Ljava/lang/Object; 104 <appendix> member <vmtarget> ; # javax/xml/stream/FactoryFinder$$Lambda+0x000002181d05bf50
instanceKlass jdk/xml/internal/JdkConstants
instanceKlass javax/xml/parsers/SAXParserFactory
instanceKlass jdk/xml/internal/JdkXmlUtils
instanceKlass com/sun/org/apache/xerces/internal/utils/XMLSecurityPropertyManager
instanceKlass com/sun/org/apache/xerces/internal/utils/XMLSecurityManager
instanceKlass com/sun/org/apache/xerces/internal/impl/PropertyManager
instanceKlass  @bci jdk/xml/internal/SecuritySupport getContextClassLoader ()Ljava/lang/ClassLoader; 0 <appendix> argL0 ; # jdk/xml/internal/SecuritySupport$$Lambda+0x000002181d0592e8
instanceKlass  @bci javax/xml/stream/FactoryFinder find (Ljava/lang/Class;Ljava/lang/String;Ljava/lang/ClassLoader;Ljava/lang/String;)Ljava/lang/Object; 168 <appendix> member <vmtarget> ; # javax/xml/stream/FactoryFinder$$Lambda+0x000002181d0590d0
instanceKlass jdk/internal/loader/URLClassPath$1
instanceKlass java/lang/CompoundEnumeration
instanceKlass jdk/internal/loader/BuiltinClassLoader$1
instanceKlass java/util/Collections$EmptyEnumeration
instanceKlass java/util/Collections$EmptyIterator
instanceKlass java/util/ServiceLoader$3
instanceKlass java/util/ServiceLoader$2
instanceKlass java/util/ServiceLoader$LazyClassPathLookupIterator
instanceKlass java/util/Spliterators$1Adapter
instanceKlass java/util/Spliterators$ArraySpliterator
instanceKlass java/util/ServiceLoader$ModuleServicesLookupIterator
instanceKlass java/util/ServiceLoader
instanceKlass javax/xml/stream/FactoryFinder$1
instanceKlass java/util/Properties$LineReader
instanceKlass  @bci jdk/xml/internal/SecuritySupport getFileInputStream (Ljava/io/File;)Ljava/io/FileInputStream; 1 <appendix> member <vmtarget> ; # jdk/xml/internal/SecuritySupport$$Lambda+0x000002181d058ab0
instanceKlass  @bci jdk/xml/internal/SecuritySupport doesFileExist (Ljava/io/File;)Z 1 <appendix> member <vmtarget> ; # jdk/xml/internal/SecuritySupport$$Lambda+0x000002181d058898
instanceKlass  @bci javax/xml/stream/FactoryFinder find (Ljava/lang/Class;Ljava/lang/String;Ljava/lang/ClassLoader;Ljava/lang/String;)Ljava/lang/Object; 1 <appendix> member <vmtarget> ; # javax/xml/stream/FactoryFinder$$Lambda+0x000002181d058680
instanceKlass  @bci jdk/xml/internal/SecuritySupport getSystemProperty (Ljava/lang/String;)Ljava/lang/String; 1 <appendix> member <vmtarget> ; # jdk/xml/internal/SecuritySupport$$Lambda+0x000002181d058468
instanceKlass jdk/xml/internal/SecuritySupport
instanceKlass javax/xml/stream/FactoryFinder
instanceKlass javax/xml/stream/XMLInputFactory
instanceKlass sun/net/www/MessageHeader
instanceKlass java/net/URLConnection
instanceKlass  @bci javafx/scene/Scene <clinit> ()V 76 <appendix> argL0 ; # javafx/scene/Scene$$Lambda+0x000002181d0bb500
instanceKlass com/sun/javafx/scene/SceneHelper
instanceKlass javafx/scene/Scene$2
instanceKlass javafx/scene/input/InputMethodRequests
instanceKlass com/sun/javafx/tk/TKDropTargetListener
instanceKlass com/sun/javafx/tk/TKScenePaintListener
instanceKlass com/sun/javafx/tk/TKSceneListener
instanceKlass javafx/css/StyleableProperty
instanceKlass com/sun/glass/ui/Accessible$EventHandler
instanceKlass com/sun/javafx/scene/SceneHelper$SceneAccessor
instanceKlass com/sun/javafx/perf/PerformanceTracker$SceneAccessor
instanceKlass com/sun/javafx/scene/traversal/TraversalEngine
instanceKlass javafx/scene/Scene
instanceKlass javafx/fxml/FXMLLoader$ControllerAccessor
instanceKlass javafx/collections/MapChangeListener$Change
instanceKlass com/sun/javafx/collections/ObservableMapWrapper
instanceKlass com/sun/javafx/fxml/FXMLLoaderHelper
instanceKlass javafx/fxml/FXMLLoader$2
instanceKlass  @bci javafx/fxml/FXMLLoader <clinit> ()V 72 <appendix> argL0 ; # javafx/fxml/FXMLLoader$$Lambda+0x000002181d0a7950
instanceKlass javafx/fxml/FXMLLoader$1
instanceKlass java/util/zip/Checksum$1
instanceKlass java/util/zip/CRC32
instanceKlass java/util/zip/Checksum
instanceKlass com/sun/javafx/application/PlatformImpl$2
instanceKlass javafx/application/Platform
instanceKlass javafx/util/Builder
instanceKlass javafx/fxml/JavaFXBuilderFactory
instanceKlass  @bci java/util/regex/CharPredicates ASCII_SPACE ()Ljava/util/regex/Pattern$BmpCharPredicate; 0 <appendix> argL0 ; # java/util/regex/CharPredicates$$Lambda+0x800000027
instanceKlass  @bci javafx/fxml/FXMLLoader <clinit> ()V 13 <appendix> argL0 ; # javafx/fxml/FXMLLoader$$Lambda+0x000002181d0a3d30
instanceKlass javafx/fxml/FXMLLoader$Element
instanceKlass javax/xml/stream/XMLStreamReader
instanceKlass javax/xml/stream/XMLStreamConstants
instanceKlass java/io/Reader
instanceKlass java/lang/Readable
instanceKlass javax/script/Bindings
instanceKlass com/sun/javafx/fxml/FXMLLoaderHelper$FXMLLoaderAccessor
instanceKlass javafx/fxml/FXMLLoader
instanceKlass jdk/internal/jimage/ImageLocation
instanceKlass jdk/internal/jimage/decompressor/Decompressor
instanceKlass jdk/internal/jimage/ImageStringsReader
instanceKlass jdk/internal/jimage/ImageStrings
instanceKlass jdk/internal/jimage/ImageHeader
instanceKlass jdk/internal/jimage/NativeImageBuffer$1
instanceKlass jdk/internal/jimage/NativeImageBuffer
instanceKlass jdk/internal/jimage/BasicImageReader$1
instanceKlass jdk/internal/jimage/BasicImageReader
instanceKlass jdk/internal/jimage/ImageReader
instanceKlass jdk/internal/jimage/ImageReaderFactory$1
instanceKlass java/nio/file/FileSystems$DefaultFileSystemHolder$1
instanceKlass java/nio/file/FileSystems$DefaultFileSystemHolder
instanceKlass java/nio/file/Paths
instanceKlass jdk/internal/jimage/ImageReaderFactory
instanceKlass jdk/internal/module/SystemModuleFinders$SystemImage
instanceKlass jdk/internal/module/SystemModuleFinders$SystemModuleReader
instanceKlass jdk/internal/loader/BuiltinClassLoader$2
instanceKlass javafx/util/BuilderFactory
instanceKlass cc/cmartin/system/utils/ViewFactory
instanceKlass cc/cmartin/system/utils/SceneManager
instanceKlass  @bci com/sun/javafx/collections/VetoableListDecorator <init> (Ljavafx/collections/ObservableList;)V 14 <appendix> member <vmtarget> ; # com/sun/javafx/collections/VetoableListDecorator$$Lambda+0x000002181d09fa90
instanceKlass  @bci com/sun/javafx/collections/TrackableObservableList <init> ()V 13 <appendix> member <vmtarget> ; # com/sun/javafx/collections/TrackableObservableList$$Lambda+0x000002181d09f878
instanceKlass com/sun/javafx/collections/VetoableListDecorator$ModCountAccessor
instanceKlass com/sun/javafx/collections/VetoableListDecorator
instanceKlass com/sun/javafx/event/EventDispatchChainImpl
instanceKlass javafx/event/EventDispatchChain
instanceKlass com/sun/javafx/event/BasicEventDispatcher
instanceKlass javafx/event/EventDispatcher
instanceKlass java/util/EventObject
instanceKlass javafx/beans/binding/NumberBinding
instanceKlass javafx/stage/Window$TKBoundsConfigurator
instanceKlass com/sun/javafx/tk/TKPulseListener
instanceKlass javafx/stage/Stage$2
instanceKlass javafx/stage/Stage$1
instanceKlass com/sun/javafx/stage/WindowHelper
instanceKlass javafx/stage/Window$1
instanceKlass javafx/beans/binding/StringExpression
instanceKlass javafx/beans/value/ObservableStringValue
instanceKlass javafx/beans/value/WritableStringValue
instanceKlass com/sun/javafx/stage/WindowPeerListener
instanceKlass com/sun/javafx/tk/TKStageListener
instanceKlass com/sun/javafx/stage/StagePeerListener$StageAccessor
instanceKlass com/sun/javafx/stage/StageHelper$StageAccessor
instanceKlass javafx/scene/Node
instanceKlass javafx/css/Styleable
instanceKlass com/sun/javafx/stage/WindowHelper$WindowAccessor
instanceKlass javafx/beans/value/WritableDoubleValue
instanceKlass javafx/beans/value/WritableNumberValue
instanceKlass  @bci com/sun/javafx/application/LauncherImpl launchApplication1 (Ljava/lang/Class;Ljava/lang/Class;[Ljava/lang/String;)V 415 <appendix> member <vmtarget> ; # com/sun/javafx/application/LauncherImpl$$Lambda+0x000002181d086bb0
instanceKlass  @bci com/sun/javafx/application/PlatformImpl setApplicationName (Ljava/lang/Class;)V 1 <appendix> member <vmtarget> ; # com/sun/javafx/application/PlatformImpl$$Lambda+0x000002181d086998
instanceKlass  @bci com/sun/javafx/application/LauncherImpl launchApplication1 (Ljava/lang/Class;Ljava/lang/Class;[Ljava/lang/String;)V 303 <appendix> member <vmtarget> ; # com/sun/javafx/application/LauncherImpl$$Lambda+0x000002181d086780
instanceKlass com/sun/javafx/application/LauncherImpl$1
instanceKlass  @bci com/sun/javafx/tk/quantum/WindowStage setScene (Lcom/sun/javafx/tk/TKScene;)V 40 <appendix> form vmentry <vmtarget> ; # java/lang/invoke/LambdaForm$DMH+0x000002181d085800
instanceKlass  @bci com/sun/javafx/application/LauncherImpl launchApplication (Ljava/lang/Class;Ljava/lang/Class;[Ljava/lang/String;)V 109 <appendix> member <vmtarget> ; # com/sun/javafx/application/LauncherImpl$$Lambda+0x000002181d086338
instanceKlass  @bci com/sun/javafx/application/LauncherImpl launchApplication (Ljava/lang/Class;[Ljava/lang/String;)V 8 <appendix> argL0 ; # com/sun/javafx/application/LauncherImpl$$Lambda+0x000002181d083d70
instanceKlass java/lang/StackTraceElement$HashedModules
# instanceKlass java/lang/invoke/LambdaForm$MH+0x000002181d085400
# instanceKlass java/lang/invoke/LambdaForm$MH+0x000002181d085000
# instanceKlass java/lang/invoke/LambdaForm$MH+0x000002181d084c00
instanceKlass javafx/stage/Window
instanceKlass javafx/event/EventTarget
instanceKlass  @bci com/sun/javafx/application/PlatformImpl lambda$runLater$11 (Ljava/lang/Runnable;Ljava/security/AccessControlContext;)V 1 <appendix> member <vmtarget> ; # com/sun/javafx/application/PlatformImpl$$Lambda+0x000002181d083678
instanceKlass com/sun/glass/ui/InvokeLaterDispatcher$Future
instanceKlass com/sun/scenario/animation/AbstractPrimaryTimer$MainLoop
instanceKlass com/sun/scenario/DelayedRunnable
instanceKlass java/util/concurrent/LinkedBlockingDeque$Node
instanceKlass com/sun/scenario/animation/shared/TimerReceiver
instanceKlass  @bci com/sun/javafx/application/PlatformImpl runLater (Ljava/lang/Runnable;Z)V 68 <appendix> member <vmtarget> ; # com/sun/javafx/application/PlatformImpl$$Lambda+0x000002181d082a40
instanceKlass com/sun/scenario/animation/shared/PulseReceiver
instanceKlass com/sun/javafx/animation/TickCalculation
instanceKlass  @bci com/sun/javafx/application/PlatformImpl runAndWait (Ljava/lang/Runnable;Z)V 43 <appendix> member <vmtarget> ; # com/sun/javafx/application/PlatformImpl$$Lambda+0x000002181d082258
instanceKlass  @bci com/sun/scenario/animation/AbstractPrimaryTimer <clinit> ()V 16 <appendix> argL0 ; # com/sun/scenario/animation/AbstractPrimaryTimer$$Lambda+0x000002181d082048
instanceKlass  @bci com/sun/javafx/application/LauncherImpl launchApplicationWithArgs (Lcom/sun/javafx/application/ModuleAccess;Ljava/lang/String;Ljava/lang/String;[Ljava/lang/String;)V 55 <appendix> form vmentry <vmtarget> ; # java/lang/invoke/LambdaForm$DMH+0x000002181d084800
instanceKlass  @bci com/sun/javafx/application/LauncherImpl launchApplicationWithArgs (Lcom/sun/javafx/application/ModuleAccess;Ljava/lang/String;Ljava/lang/String;[Ljava/lang/String;)V 55 <appendix> member <vmtarget> ; # com/sun/javafx/application/LauncherImpl$$Lambda+0x000002181d081e30
instanceKlass com/sun/scenario/Settings
instanceKlass  @cpi com/sun/javafx/application/LauncherImpl 863 form vmentry <vmtarget> ; # java/lang/invoke/LambdaForm$DMH+0x000002181d084400
instanceKlass java/util/AbstractList$Itr
instanceKlass javafx/collections/ListChangeBuilder$SubChange
instanceKlass javafx/collections/ListChangeBuilder
instanceKlass javafx/geometry/Rectangle2D
instanceKlass  @bci javafx/stage/Screen <clinit> ()V 29 <appendix> argL0 ; # javafx/stage/Screen$$Lambda+0x000002181d080eb8
instanceKlass  @cpi javafx/stage/Screen 283 form vmentry <vmtarget> ; # java/lang/invoke/LambdaForm$DMH+0x000002181d084000
instanceKlass com/sun/javafx/tk/TKScreenConfigurationListener
instanceKlass com/sun/javafx/binding/ExpressionHelperBase
instanceKlass javafx/collections/WeakListChangeListener
instanceKlass javafx/beans/WeakListener
instanceKlass  @bci javafx/collections/FXCollections$UnmodifiableObservableListImpl <init> (Ljavafx/collections/ObservableList;)V 11 <appendix> member <vmtarget> ; # javafx/collections/FXCollections$UnmodifiableObservableListImpl$$Lambda+0x000002181d03fab8
instanceKlass javafx/collections/ListChangeListener
instanceKlass javafx/collections/ListChangeListener$Change
instanceKlass javafx/util/Callback
instanceKlass com/sun/javafx/collections/SortableList
instanceKlass javafx/collections/FXCollections$EmptyObservableSet$1
instanceKlass javafx/collections/FXCollections$EmptyObservableList$1
instanceKlass javafx/collections/ObservableFloatArray
instanceKlass javafx/collections/ObservableIntegerArray
instanceKlass javafx/collections/ObservableArray
instanceKlass javafx/collections/ObservableSet
instanceKlass javafx/collections/ObservableList
instanceKlass javafx/collections/ObservableMap
instanceKlass javafx/collections/FXCollections
instanceKlass javafx/stage/Screen
instanceKlass  @bci com/sun/javafx/tk/quantum/QuantumToolkit runToolkit ()V 55 <appendix> member <vmtarget> ; # com/sun/javafx/tk/quantum/QuantumToolkit$$Lambda+0x000002181d03a310
instanceKlass  @bci com/sun/javafx/tk/quantum/QuantumToolkit runToolkit ()V 45 <appendix> member <vmtarget> ; # com/sun/javafx/tk/quantum/QuantumToolkit$$Lambda+0x000002181d03a0f8
instanceKlass com/sun/prism/impl/ps/BaseShaderContext$State
instanceKlass com/sun/javafx/geom/Vec3d
instanceKlass com/sun/prism/impl/VertexBuffer
instanceKlass com/sun/javafx/geom/BaseBounds
instanceKlass com/sun/javafx/geom/transform/GeneralTransform3D
instanceKlass com/sun/javafx/geom/transform/BaseTransform
instanceKlass com/sun/javafx/geom/transform/CanTransformVec3d
instanceKlass com/sun/prism/MaskTextureGraphics
instanceKlass com/sun/prism/ReadbackGraphics
instanceKlass com/sun/prism/ps/ShaderGraphics
instanceKlass com/sun/prism/impl/BaseGraphics
instanceKlass com/sun/prism/RectShadowGraphics
instanceKlass com/sun/prism/Graphics
instanceKlass com/sun/prism/impl/BaseContext
instanceKlass com/sun/prism/ps/Shader
instanceKlass com/sun/prism/Presentable
instanceKlass com/sun/prism/RTTexture
instanceKlass com/sun/prism/RenderTarget
instanceKlass com/sun/prism/Surface
instanceKlass com/sun/prism/Texture
instanceKlass com/sun/prism/MeshView
instanceKlass com/sun/prism/impl/TextureResourcePool
instanceKlass com/sun/prism/impl/ResourcePool
instanceKlass com/sun/prism/PhongMaterial
instanceKlass com/sun/prism/Material
instanceKlass com/sun/prism/Mesh
instanceKlass com/sun/prism/shape/ShapeRep
instanceKlass java/util/concurrent/Executors$RunnableAdapter
instanceKlass java/util/concurrent/FutureTask$WaitNode
instanceKlass  @bci com/sun/javafx/tk/quantum/QuantumRenderer createResourceFactory ()V 16 <appendix> argL0 ; # com/sun/javafx/tk/quantum/QuantumRenderer$$Lambda+0x000002181d034968
instanceKlass  @bci com/sun/javafx/tk/quantum/QuantumRenderer createResourceFactory ()V 10 <appendix> member <vmtarget> ; # com/sun/javafx/tk/quantum/QuantumRenderer$$Lambda+0x000002181d034750
instanceKlass java/util/concurrent/FutureTask
instanceKlass java/util/Arrays$ArrayItr
instanceKlass  @bci com/sun/glass/ui/Screen <clinit> ()V 4 <appendix> argL0 ; # com/sun/glass/ui/Screen$$Lambda+0x000002181d034218
instanceKlass  @bci com/sun/glass/ui/win/WinApplication lambda$runLoop$4 (ILjava/lang/Runnable;)Ljava/lang/Thread; 7 <appendix> member <vmtarget> ; # com/sun/glass/ui/win/WinApplication$$Lambda+0x000002181d034000
instanceKlass  @cpi com/sun/glass/ui/win/WinApplication 573 form vmentry <vmtarget> ; # java/lang/invoke/LambdaForm$DMH+0x000002181d030c00
instanceKlass  @bci com/sun/glass/ui/win/WinApplication runLoop (Ljava/lang/Runnable;)V 58 <adapter> ; # java/lang/invoke/LambdaForm$MH+0x000002181d030800
# instanceKlass java/lang/invoke/LambdaForm$DMH+0x000002181d030400
instanceKlass  @bci com/sun/glass/ui/win/WinApplication runLoop (Ljava/lang/Runnable;)V 58 <appendix> form vmentry <vmtarget> ; # java/lang/invoke/LambdaForm$DMH+0x000002181d030000
instanceKlass  @bci com/sun/glass/ui/win/WinApplication runLoop (Ljava/lang/Runnable;)V 58 <appendix> member <vmtarget> ; # com/sun/glass/ui/win/WinApplication$$Lambda+0x000002181d02fbf8
instanceKlass  @bci com/sun/glass/ui/win/WinApplication getDesiredAwarenesslevel ()I 8 <appendix> argL0 ; # com/sun/glass/ui/win/WinApplication$$Lambda+0x000002181d02f9e8
instanceKlass  @bci com/sun/glass/ui/win/WinApplication runLoop (Ljava/lang/Runnable;)V 0 <appendix> argL0 ; # com/sun/glass/ui/win/WinApplication$$Lambda+0x000002181d02f7d8
instanceKlass  @bci com/sun/glass/ui/Application run (Ljava/lang/Runnable;)V 29 <appendix> member <vmtarget> ; # com/sun/glass/ui/Application$$Lambda+0x000002181d02f5c0
instanceKlass java/util/concurrent/BlockingDeque
instanceKlass  @bci com/sun/glass/ui/win/WinApplication <init> ()V 4 <appendix> argL0 ; # com/sun/glass/ui/win/WinApplication$$Lambda+0x000002181d02f0a0
instanceKlass java/lang/ProcessEnvironment$CheckedEntry
instanceKlass java/lang/ProcessEnvironment$CheckedEntrySet$1
instanceKlass java/lang/ProcessEnvironment$EntryComparator
instanceKlass java/lang/ProcessEnvironment$NameComparator
instanceKlass com/sun/glass/ui/win/WinApplication$1
instanceKlass com/sun/glass/ui/Pixels
instanceKlass com/sun/glass/ui/Accessible
instanceKlass com/sun/glass/ui/Window
instanceKlass com/sun/glass/ui/Cursor
instanceKlass com/sun/glass/ui/View
instanceKlass com/sun/glass/ui/Timer
instanceKlass com/sun/glass/ui/GlassRobot
instanceKlass com/sun/glass/ui/delegate/MenuItemDelegate
instanceKlass com/sun/glass/ui/delegate/ClipboardDelegate
instanceKlass com/sun/glass/ui/delegate/MenuBarDelegate
instanceKlass com/sun/glass/ui/delegate/MenuDelegate
instanceKlass com/sun/glass/ui/InvokeLaterDispatcher$InvokeLaterSubmitter
instanceKlass  @bci com/sun/glass/ui/Platform determinePlatform ()Ljava/lang/String; 6 <appendix> argL0 ; # com/sun/glass/ui/Platform$$Lambda+0x000002181d02b1d0
instanceKlass com/sun/glass/ui/Platform
instanceKlass com/sun/glass/ui/PlatformFactory
instanceKlass  @bci com/sun/javafx/tk/quantum/QuantumToolkit startup (Ljava/lang/Runnable;)V 16 <appendix> member <vmtarget> ; # com/sun/javafx/tk/quantum/QuantumToolkit$$Lambda+0x000002181d02aba0
instanceKlass  @bci com/sun/javafx/application/PlatformImpl startup (Ljava/lang/Runnable;Z)V 234 <appendix> member <vmtarget> ; # com/sun/javafx/application/PlatformImpl$$Lambda+0x000002181d02a988
instanceKlass java/lang/Shutdown$Lock
instanceKlass java/lang/Shutdown
instanceKlass java/lang/ApplicationShutdownHooks$1
instanceKlass java/lang/ApplicationShutdownHooks
instanceKlass  @bci com/sun/javafx/tk/quantum/QuantumToolkit init ()Z 37 <appendix> member <vmtarget> ; # com/sun/javafx/tk/quantum/QuantumToolkit$$Lambda+0x000002181d02a770
instanceKlass  @bci com/sun/javafx/tk/quantum/PaintCollector <clinit> ()V 16 <appendix> argL0 ; # com/sun/javafx/tk/quantum/PaintCollector$$Lambda+0x000002181d02a4e8
instanceKlass  @cpi com/sun/prism/impl/ps/CachingShapeRepState$MaskCache 286 form vmentry <vmtarget> ; # java/lang/invoke/LambdaForm$DMH+0x000002181d026400
instanceKlass com/sun/javafx/tk/quantum/GlassScene
instanceKlass com/sun/javafx/tk/TKScene
instanceKlass com/sun/javafx/tk/quantum/PaintCollector
instanceKlass java/util/concurrent/ForkJoinPool$2
instanceKlass jdk/internal/access/JavaUtilConcurrentFJPAccess
instanceKlass com/sun/javafx/tk/CompletionListener
instanceKlass java/util/concurrent/ForkJoinPool$DefaultForkJoinWorkerThreadFactory
instanceKlass java/util/concurrent/ForkJoinPool$WorkQueue
instanceKlass java/util/concurrent/ForkJoinPool$ForkJoinWorkerThreadFactory
instanceKlass  @bci com/sun/glass/ui/Application <clinit> ()V 4 <appendix> argL0 ; # com/sun/glass/ui/Application$$Lambda+0x000002181d029938
instanceKlass com/sun/glass/ui/Application
instanceKlass com/sun/glass/ui/View$Capability
instanceKlass com/sun/glass/ui/Screen
instanceKlass com/sun/prism/impl/BaseResourceFactory
instanceKlass com/sun/prism/ps/ShaderFactory
instanceKlass  @bci com/sun/prism/d3d/D3DPipeline <clinit> ()V 0 <appendix> argL0 ; # com/sun/prism/d3d/D3DPipeline$$Lambda+0x000002181d027670
instanceKlass com/sun/prism/ResourceFactory
instanceKlass com/sun/prism/GraphicsResource
instanceKlass  @bci com/sun/marlin/DMarlinRenderingEngine logSettings (Ljava/lang/String;)V 68 <appendix> argL2 form vmentry <vmtarget> ; # java/lang/invoke/LambdaForm$MH+0x000002181d026000
instanceKlass com/sun/javafx/font/FontFactory
instanceKlass com/sun/prism/GraphicsPipeline
instanceKlass  @bci com/sun/javafx/tk/quantum/QuantumRenderer$QuantumThreadFactory lambda$newThread$1 (Lcom/sun/javafx/tk/quantum/QuantumRenderer$PipelineRunnable;)Ljava/lang/Thread; 31 <appendix> argL0 ; # com/sun/javafx/tk/quantum/QuantumRenderer$QuantumThreadFactory$$Lambda+0x000002181d023898
instanceKlass  @cpi javafx/scene/control/ListView$ListViewFocusModel 210 form vmentry <vmtarget> ; # java/lang/invoke/LambdaForm$DMH+0x000002181d025c00
instanceKlass  @bci com/sun/marlin/RendererContext createContext ()Lcom/sun/marlin/RendererContext; 10 <appendix> form vmentry <vmtarget> ; # java/lang/invoke/LambdaForm$MH+0x000002181d025800
instanceKlass  @bci com/sun/marlin/RendererContext createContext ()Lcom/sun/marlin/RendererContext; 10 <appendix> argL3 form vmentry <vmtarget> ; # java/lang/invoke/LambdaForm$MH+0x000002181d025400
# instanceKlass java/lang/invoke/LambdaForm$MH+0x000002181d025000
# instanceKlass java/lang/invoke/LambdaForm$MH+0x000002181d024c00
instanceKlass  @bci com/sun/marlin/RendererContext createContext ()Lcom/sun/marlin/RendererContext; 10 <appendix> argL1 form vmentry <vmtarget> ; # java/lang/invoke/LambdaForm$MH+0x000002181d024800
# instanceKlass java/lang/invoke/LambdaForm$MH+0x000002181d024400
instanceKlass java/lang/Thread$ThreadNumbering
instanceKlass  @bci com/sun/javafx/tk/quantum/QuantumRenderer$QuantumThreadFactory newThread (Ljava/lang/Runnable;)Ljava/lang/Thread; 19 <appendix> member <vmtarget> ; # com/sun/javafx/tk/quantum/QuantumRenderer$QuantumThreadFactory$$Lambda+0x000002181d023680
instanceKlass com/sun/javafx/tk/quantum/QuantumRenderer$PipelineRunnable
instanceKlass com/sun/javafx/tk/quantum/QuantumRenderer$QuantumThreadFactory
instanceKlass jdk/internal/vm/ThreadContainers
instanceKlass jdk/internal/vm/StackableScope
instanceKlass java/util/concurrent/Executors$DefaultThreadFactory
instanceKlass java/util/concurrent/Executors
instanceKlass java/util/concurrent/LinkedBlockingQueue$Node
instanceKlass java/util/concurrent/atomic/AtomicReference
instanceKlass  @bci com/sun/javafx/tk/quantum/QuantumRenderer <clinit> ()V 16 <appendix> argL0 ; # com/sun/javafx/tk/quantum/QuantumRenderer$$Lambda+0x000002181d023020
instanceKlass java/util/concurrent/ThreadPoolExecutor$AbortPolicy
instanceKlass java/util/concurrent/RejectedExecutionHandler
instanceKlass java/util/concurrent/RunnableFuture
instanceKlass java/util/concurrent/Future
instanceKlass java/util/concurrent/BlockingQueue
instanceKlass java/util/concurrent/AbstractExecutorService
instanceKlass java/util/concurrent/ExecutorService
instanceKlass java/util/concurrent/Executor
instanceKlass  @bci com/sun/javafx/tk/quantum/GlassSystemMenu <init> ()V 38 <appendix> member <vmtarget> ; # com/sun/javafx/tk/quantum/GlassSystemMenu$$Lambda+0x000002181d0229f0
instanceKlass  @cpi javafx/scene/control/skin/TextInputControlSkin$CaretBlinking 110 form vmentry <vmtarget> ; # java/lang/invoke/LambdaForm$DMH+0x000002181d024000
instanceKlass com/sun/glass/ui/Menu$EventHandler
instanceKlass com/sun/javafx/menu/MenuItemBase
instanceKlass com/sun/glass/ui/MenuItem$Callback
instanceKlass javafx/scene/input/KeyCombination
instanceKlass com/sun/javafx/tk/quantum/GlassSystemMenu
instanceKlass java/util/Collections$SynchronizedMap
instanceKlass  @bci com/sun/prism/impl/PrismSettings <clinit> ()V 0 <appendix> argL0 ; # com/sun/prism/impl/PrismSettings$$Lambda+0x000002181d021518
instanceKlass com/sun/prism/impl/PrismSettings
instanceKlass com/sun/javafx/tk/quantum/PerformanceTrackerHelper$1
instanceKlass com/sun/javafx/tk/quantum/PerformanceTrackerHelper
instanceKlass com/sun/javafx/tk/quantum/QuantumToolkit$PulseTask
instanceKlass com/sun/javafx/geom/PathConsumer2D
instanceKlass com/sun/javafx/geom/Shape
instanceKlass com/sun/prism/BasicStroke
instanceKlass com/sun/javafx/tk/quantum/QuantumToolkit$3
instanceKlass  @bci com/sun/javafx/tk/quantum/QuantumToolkit <clinit> ()V 149 <appendix> argL0 ; # com/sun/javafx/tk/quantum/QuantumToolkit$$Lambda+0x000002181d01aa50
instanceKlass  @bci com/sun/javafx/tk/quantum/QuantumToolkit <clinit> ()V 132 <appendix> argL0 ; # com/sun/javafx/tk/quantum/QuantumToolkit$$Lambda+0x000002181d01a840
instanceKlass  @bci com/sun/javafx/tk/quantum/QuantumToolkit <clinit> ()V 115 <appendix> argL0 ; # com/sun/javafx/tk/quantum/QuantumToolkit$$Lambda+0x000002181d01a630
instanceKlass  @bci com/sun/javafx/tk/quantum/QuantumToolkit <clinit> ()V 98 <appendix> argL0 ; # com/sun/javafx/tk/quantum/QuantumToolkit$$Lambda+0x000002181d01a420
instanceKlass  @bci com/sun/javafx/tk/quantum/QuantumToolkit <clinit> ()V 84 <appendix> argL0 ; # com/sun/javafx/tk/quantum/QuantumToolkit$$Lambda+0x000002181d01a210
instanceKlass  @bci com/sun/javafx/tk/quantum/QuantumToolkit <clinit> ()V 67 <appendix> argL0 ; # com/sun/javafx/tk/quantum/QuantumToolkit$$Lambda+0x000002181d01a000
instanceKlass  @bci com/sun/javafx/tk/quantum/QuantumToolkit <clinit> ()V 50 <appendix> argL0 ; # com/sun/javafx/tk/quantum/QuantumToolkit$$Lambda+0x000002181d01fcb8
instanceKlass  @bci com/sun/javafx/tk/quantum/QuantumToolkit <clinit> ()V 33 <appendix> argL0 ; # com/sun/javafx/tk/quantum/QuantumToolkit$$Lambda+0x000002181d01faa8
instanceKlass  @bci com/sun/javafx/tk/quantum/QuantumToolkit <clinit> ()V 16 <appendix> argL0 ; # com/sun/javafx/tk/quantum/QuantumToolkit$$Lambda+0x000002181d01f898
instanceKlass com/sun/javafx/tk/TKSystemMenu
instanceKlass com/sun/scenario/animation/AbstractPrimaryTimer
instanceKlass com/sun/scenario/effect/FilterContext
instanceKlass com/sun/javafx/runtime/async/AbstractAsyncOperation
instanceKlass java/util/concurrent/Callable
instanceKlass com/sun/javafx/runtime/async/AsyncOperation
instanceKlass com/sun/javafx/tk/FontLoader
instanceKlass com/sun/scenario/effect/Filterable
instanceKlass com/sun/scenario/effect/LockableResource
instanceKlass com/sun/glass/ui/Screen$EventHandler
instanceKlass com/sun/javafx/tk/TKStage
instanceKlass com/sun/javafx/tk/PlatformImage
instanceKlass com/sun/javafx/scene/text/TextLayoutFactory
instanceKlass javafx/scene/shape/PathElement
instanceKlass com/sun/javafx/tk/ImageLoader
instanceKlass com/sun/glass/ui/Application$EventHandler
instanceKlass com/sun/javafx/tk/ScreenConfigurationAccessor
instanceKlass com/sun/javafx/perf/PerformanceTracker
instanceKlass  @bci com/sun/javafx/font/PrismFontFactory getJDKFontDir ()Ljava/lang/String; 13 <appendix> form vmentry <vmtarget> ; # java/lang/invoke/LambdaForm$MH+0x000002181d019c00
# instanceKlass java/lang/invoke/LambdaForm$MH+0x000002181d019800
instanceKlass  @bci com/sun/javafx/font/PrismFontFactory getJDKFontDir ()Ljava/lang/String; 13 <appendix> argL3 form vmentry <vmtarget> ; # java/lang/invoke/LambdaForm$MH+0x000002181d019400
# instanceKlass java/lang/invoke/LambdaForm$MH+0x000002181d019000
# instanceKlass java/lang/invoke/LambdaForm$MH+0x000002181d018c00
# instanceKlass java/lang/invoke/LambdaForm$MH+0x000002181d018800
# instanceKlass java/lang/invoke/LambdaForm$MH+0x000002181d018400
instanceKlass  @bci com/sun/javafx/font/PrismFontFactory getJDKFontDir ()Ljava/lang/String; 13 <appendix> argL1 form vmentry <vmtarget> ; # java/lang/invoke/LambdaForm$MH+0x000002181d018000
# instanceKlass java/lang/invoke/LambdaForm$MH+0x000002181d017c00
# instanceKlass java/lang/invoke/LambdaForm$MH+0x000002181d017800
# instanceKlass java/lang/invoke/LambdaForm$MH+0x000002181d017400
instanceKlass  @bci com/sun/javafx/font/LogicalFont <init> (Ljava/lang/String;ZZ)V 96 <appendix> form vmentry <vmtarget> ; # java/lang/invoke/LambdaForm$MH+0x000002181d017000
# instanceKlass java/lang/invoke/LambdaForm$MH+0x000002181d016c00
instanceKlass  @bci com/sun/javafx/font/LogicalFont <init> (Ljava/lang/String;ZZ)V 96 <appendix> argL3 form vmentry <vmtarget> ; # java/lang/invoke/LambdaForm$MH+0x000002181d016800
instanceKlass java/lang/invoke/MethodHandles$1
# instanceKlass java/lang/invoke/LambdaForm$MH+0x000002181d016400
# instanceKlass java/lang/invoke/LambdaForm$MH+0x000002181d016000
# instanceKlass java/lang/invoke/LambdaForm$MH+0x000002181d015c00
# instanceKlass java/lang/invoke/LambdaForm$MH+0x000002181d015800
instanceKlass  @bci com/sun/javafx/font/LogicalFont <init> (Ljava/lang/String;ZZ)V 96 <appendix> argL1 form vmentry <vmtarget> ; # java/lang/invoke/LambdaForm$MH+0x000002181d015400
# instanceKlass java/lang/invoke/LambdaForm$MH+0x000002181d015000
instanceKlass  @bci com/sun/marlin/DMarlinRenderingEngine logSettings (Ljava/lang/String;)V 68 <appendix> argL1 form vmentry <vmtarget> ; # java/lang/invoke/LambdaForm$MH+0x000002181d014c00
# instanceKlass java/lang/invoke/LambdaForm$MH+0x000002181d014800
# instanceKlass java/lang/invoke/LambdaForm$MH+0x000002181d014400
instanceKlass java/lang/Long$LongCache
# instanceKlass java/lang/invoke/LambdaForm$MH+0x000002181d014000
instanceKlass jdk/internal/module/Resources
instanceKlass java/lang/StackStreamFactory$FrameBuffer
instanceKlass java/lang/StackStreamFactory
instanceKlass  @bci com/sun/glass/utils/NativeLibLoader loadLibrary (Ljava/lang/String;)V 10 <appendix> argL0 ; # com/sun/glass/utils/NativeLibLoader$$Lambda+0x000002181d0128b8
instanceKlass  @bci com/sun/glass/utils/NativeLibLoader <clinit> ()V 28 <appendix> argL0 ; # com/sun/glass/utils/NativeLibLoader$$Lambda+0x000002181d0126a8
instanceKlass com/sun/glass/utils/NativeLibLoader
instanceKlass jdk/internal/math/FloatingDecimal$ASCIIToBinaryBuffer
instanceKlass jdk/internal/math/FloatingDecimal$PreparedASCIIToBinaryBuffer
instanceKlass jdk/internal/math/FloatingDecimal$ASCIIToBinaryConverter
instanceKlass jdk/internal/math/FloatingDecimal$BinaryToASCIIBuffer
instanceKlass jdk/internal/math/FloatingDecimal$ExceptionalBinaryToASCIIBuffer
instanceKlass jdk/internal/math/FloatingDecimal$BinaryToASCIIConverter
instanceKlass jdk/internal/math/FloatingDecimal
instanceKlass  @bci com/sun/javafx/PlatformUtil <clinit> ()V 72 <appendix> argL0 ; # com/sun/javafx/PlatformUtil$$Lambda+0x000002181d0122a0
instanceKlass  @bci com/sun/javafx/PlatformUtil <clinit> ()V 56 <appendix> argL0 ; # com/sun/javafx/PlatformUtil$$Lambda+0x000002181d012090
instanceKlass  @bci com/sun/javafx/PlatformUtil <clinit> ()V 37 <appendix> argL0 ; # com/sun/javafx/PlatformUtil$$Lambda+0x000002181d011e80
instanceKlass  @bci com/sun/javafx/PlatformUtil <clinit> ()V 18 <appendix> argL0 ; # com/sun/javafx/PlatformUtil$$Lambda+0x000002181d011c70
instanceKlass com/sun/javafx/PlatformUtil
instanceKlass com/sun/javafx/runtime/VersionInfo
instanceKlass  @bci com/sun/javafx/tk/Toolkit getToolkit ()Lcom/sun/javafx/tk/Toolkit; 10 <appendix> argL0 ; # com/sun/javafx/tk/Toolkit$$Lambda+0x000002181d011670
instanceKlass  @bci java/util/regex/Pattern DOT ()Ljava/util/regex/Pattern$CharPredicate; 0 <appendix> argL0 ; # java/util/regex/Pattern$$Lambda+0x000002181d04b998
instanceKlass  @bci java/util/regex/CharPredicates ctype (I)Ljava/util/regex/Pattern$CharPredicate; 1 <appendix> member <vmtarget> ; # java/util/regex/CharPredicates$$Lambda+0x000002181d04b718
instanceKlass javafx/scene/image/Image$1
instanceKlass javafx/scene/image/PixelReader
instanceKlass javafx/beans/binding/NumberExpressionBase
instanceKlass javafx/beans/binding/NumberExpression
instanceKlass javafx/beans/value/ObservableDoubleValue
instanceKlass javafx/beans/value/ObservableNumberValue
instanceKlass com/sun/javafx/tk/Toolkit$ImageAccessor
instanceKlass javafx/geometry/Bounds
instanceKlass com/sun/javafx/util/Utils
instanceKlass javafx/scene/image/Image
instanceKlass  @bci com/sun/javafx/tk/Toolkit <clinit> ()V 14 <appendix> argL0 ; # com/sun/javafx/tk/Toolkit$$Lambda+0x000002181d00d008
instanceKlass com/sun/javafx/tk/TKClipboard
instanceKlass javafx/animation/Interpolatable
instanceKlass javafx/scene/paint/Paint
instanceKlass com/sun/javafx/tk/Toolkit
instanceKlass com/sun/javafx/application/PlatformImpl$1
instanceKlass  @bci com/sun/javafx/application/PlatformImpl startup (Ljava/lang/Runnable;Z)V 145 <appendix> argL0 ; # com/sun/javafx/application/PlatformImpl$$Lambda+0x000002181d00beb0
instanceKlass  @bci com/sun/javafx/application/PlatformImpl <clinit> ()V 176 <appendix> argL0 ; # com/sun/javafx/application/PlatformImpl$$Lambda+0x000002181d00bca0
instanceKlass  @bci com/sun/javafx/application/PlatformImpl <clinit> ()V 159 <appendix> argL0 ; # com/sun/javafx/application/PlatformImpl$$Lambda+0x000002181d00ba90
instanceKlass javafx/beans/InvalidationListener
instanceKlass javafx/beans/value/WritableObjectValue
instanceKlass javafx/beans/binding/Binding
instanceKlass javafx/beans/binding/ObjectExpression
instanceKlass javafx/beans/value/ObservableObjectValue
instanceKlass com/sun/javafx/tk/TKListener
instanceKlass javafx/beans/binding/BooleanExpression
instanceKlass javafx/beans/value/ObservableBooleanValue
instanceKlass javafx/beans/value/WritableBooleanValue
instanceKlass javafx/beans/property/Property
instanceKlass javafx/beans/value/WritableValue
instanceKlass javafx/beans/property/ReadOnlyProperty
instanceKlass javafx/beans/value/ObservableValue
instanceKlass javafx/beans/Observable
instanceKlass com/sun/javafx/application/PlatformImpl
instanceKlass  @bci com/sun/javafx/application/LauncherImpl startToolkit ()V 21 <appendix> member <vmtarget> ; # com/sun/javafx/application/LauncherImpl$$Lambda+0x000002181d002210
instanceKlass  @cpi com/sun/javafx/scene/control/behavior/TextInputControlBehavior 1112 form vmentry <vmtarget> ; # java/lang/invoke/LambdaForm$DMH+0x000002181d005000
instanceKlass java/util/concurrent/CountDownLatch
instanceKlass  @bci jdk/internal/reflect/DirectMethodHandleAccessor invokeImpl (Ljava/lang/Object;[Ljava/lang/Object;)Ljava/lang/Object; 92 <adapter> ; # java/lang/invoke/LambdaForm$MH+0x000002181d004c00
# instanceKlass java/lang/invoke/LambdaForm$MH+0x000002181d004800
# instanceKlass java/lang/invoke/LambdaForm$MH+0x000002181d004400
# instanceKlass java/lang/invoke/LambdaForm$MH+0x000002181d004000
instanceKlass java/util/TreeMap$PrivateEntryIterator
instanceKlass java/util/TreeMap$Entry
instanceKlass java/lang/invoke/LambdaFormEditor$1
instanceKlass java/util/NavigableMap
instanceKlass java/util/SortedMap
instanceKlass  @bci com/sun/marlin/DMarlinRenderingEngine logSettings (Ljava/lang/String;)V 77 <appendix> form vmentry <vmtarget> ; # java/lang/invoke/LambdaForm$MH+0x000002181d003c00
# instanceKlass java/lang/invoke/LambdaForm$MH+0x000002181d003800
instanceKlass  @cpi com/sun/javafx/scene/control/behavior/TextAreaBehavior 723 form vmentry <vmtarget> ; # java/lang/invoke/LambdaForm$DMH+0x000002181d003400
instanceKlass  @cpi cc/cmartin/system/utils/AnimationUtils 460 form vmentry <vmtarget> ; # java/lang/invoke/LambdaForm$DMH+0x000002181d003000
instanceKlass java/util/concurrent/atomic/AtomicBoolean
instanceKlass  @bci com/sun/javafx/application/LauncherImpl <clinit> ()V 0 <appendix> argL0 ; # com/sun/javafx/application/LauncherImpl$$Lambda+0x000002181d002000
instanceKlass jdk/internal/misc/PreviewFeatures
instanceKlass jdk/internal/misc/MainMethodFinder
instanceKlass com/sun/javafx/application/ModuleAccess
instanceKlass javafx/application/Preloader$PreloaderNotification
instanceKlass javafx/application/Application$Parameters
instanceKlass com/sun/javafx/application/PlatformImpl$FinishListener
instanceKlass com/sun/javafx/application/LauncherImpl
instanceKlass sun/launcher/LauncherHelper$FXHelper
instanceKlass javafx/application/Application
instanceKlass jdk/internal/module/ModulePatcher$PatchedModuleReader
instanceKlass java/util/concurrent/locks/ReentrantReadWriteLock$WriteLock
instanceKlass java/util/concurrent/locks/ReentrantReadWriteLock$ReadLock
instanceKlass java/util/concurrent/locks/ReentrantReadWriteLock
instanceKlass java/util/concurrent/locks/ReadWriteLock
instanceKlass jdk/internal/module/ModuleReferences$SafeCloseModuleReader
instanceKlass jdk/internal/loader/BuiltinClassLoader$5
instanceKlass java/security/SecureClassLoader$DebugHolder
instanceKlass java/security/Permission
instanceKlass java/security/Guard
instanceKlass java/security/PermissionCollection
instanceKlass java/security/SecureClassLoader$1
instanceKlass java/io/FileInputStream$1
instanceKlass sun/nio/ByteBuffered
instanceKlass java/lang/Package$VersionInfo
instanceKlass java/lang/NamedPackage
instanceKlass jdk/internal/loader/Resource
instanceKlass jdk/internal/loader/FileURLMapper
instanceKlass jdk/internal/loader/URLClassPath$JarLoader$1
instanceKlass jdk/internal/loader/URLClassPath$Loader
instanceKlass jdk/internal/loader/URLClassPath$3
instanceKlass java/security/PrivilegedExceptionAction
instanceKlass sun/net/util/URLUtil
instanceKlass sun/nio/cs/ArrayDecoder
instanceKlass java/nio/charset/CharsetDecoder
instanceKlass sun/launcher/LauncherHelper
instanceKlass jdk/internal/vm/PostVMInitHook$1
instanceKlass jdk/internal/util/EnvUtils
instanceKlass jdk/internal/vm/PostVMInitHook$2
instanceKlass jdk/internal/vm/PostVMInitHook
instanceKlass java/lang/invoke/StringConcatFactory
instanceKlass jdk/internal/module/ModuleBootstrap$SafeModuleFinder
instanceKlass java/lang/ModuleLayer$Controller
instanceKlass java/util/concurrent/CopyOnWriteArrayList
instanceKlass jdk/internal/module/ServicesCatalog$ServiceProvider
instanceKlass jdk/internal/loader/AbstractClassLoaderValue$Memoizer
instanceKlass jdk/internal/module/ModuleLoaderMap$Modules
instanceKlass jdk/internal/module/ModuleLoaderMap$Mapper
instanceKlass jdk/internal/module/ModuleLoaderMap
instanceKlass java/lang/module/ResolvedModule
instanceKlass java/util/SequencedSet
instanceKlass java/lang/ModuleLayer
instanceKlass java/util/stream/ForEachOps$ForEachOp
instanceKlass java/util/stream/ForEachOps
instanceKlass  @bci java/lang/module/ModuleFinder$2 findAll ()Ljava/util/Set; 50 <appendix> member <vmtarget> ; # java/lang/module/ModuleFinder$2$$Lambda+0x800000006
instanceKlass  @bci java/lang/module/ModuleFinder$2 findAll ()Ljava/util/Set; 38 <appendix> argL0 ; # java/lang/module/ModuleFinder$2$$Lambda+0x800000007
instanceKlass java/util/WeakHashMap$HashIterator
instanceKlass java/util/Collections$UnmodifiableCollection$1
instanceKlass  @bci jdk/internal/module/ModulePath jarPackages (Ljava/util/jar/JarFile;)Ljava/util/Set; 35 <appendix> argL0 ; # jdk/internal/module/ModulePath$$Lambda+0x000002181d046948
instanceKlass  @bci jdk/internal/module/ModulePath jarPackages (Ljava/util/jar/JarFile;)Ljava/util/Set; 25 <appendix> member <vmtarget> ; # jdk/internal/module/ModulePath$$Lambda+0x000002181d046710
instanceKlass  @bci jdk/internal/module/ModulePath jarPackages (Ljava/util/jar/JarFile;)Ljava/util/Set; 14 <appendix> argL0 ; # jdk/internal/module/ModulePath$$Lambda+0x000002181d0464e0
instanceKlass  @bci jdk/internal/module/ModulePath jarPackages (Ljava/util/jar/JarFile;)Ljava/util/Set; 4 <appendix> argL0 ; # jdk/internal/module/ModulePath$$Lambda+0x000002181d0462a0
instanceKlass jdk/internal/module/ModuleInfo$ConstantPool$Entry
instanceKlass jdk/internal/module/ModuleInfo$ConstantPool
instanceKlass java/lang/invoke/VarHandle$AccessDescriptor
instanceKlass java/lang/invoke/VarForm
instanceKlass java/lang/invoke/VarHandleGuards
instanceKlass java/lang/ClassValue$Version
instanceKlass java/lang/ClassValue$Identity
instanceKlass java/lang/ClassValue
instanceKlass java/lang/invoke/VarHandles
instanceKlass jdk/internal/util/ByteArray
instanceKlass jdk/internal/module/ModuleInfo$CountingDataInput
instanceKlass jdk/internal/module/ModuleInfo
instanceKlass  @bci jdk/internal/module/ModulePath readJar (Ljava/nio/file/Path;)Ljava/lang/module/ModuleReference; 99 <appendix> member <vmtarget> ; # jdk/internal/module/ModulePath$$Lambda+0x000002181d044f80
instanceKlass java/io/RandomAccessFile$1
instanceKlass  @bci jdk/internal/module/ModuleReferences newJarModule (Ljdk/internal/module/ModuleInfo$Attributes;Ljdk/internal/module/ModulePatcher;Ljava/nio/file/Path;)Ljava/lang/module/ModuleReference; 18 <appendix> member <vmtarget> ; # jdk/internal/module/ModuleReferences$$Lambda+0x800000062
instanceKlass  @bci jdk/internal/module/ModuleReferences newJarModule (Ljdk/internal/module/ModuleInfo$Attributes;Ljdk/internal/module/ModulePatcher;Ljava/nio/file/Path;)Ljava/lang/module/ModuleReference; 9 <appendix> member <vmtarget> ; # jdk/internal/module/ModuleReferences$$Lambda+0x800000063
instanceKlass java/lang/module/ModuleReader
instanceKlass java/net/URI$Parser
instanceKlass sun/nio/fs/WindowsUriSupport
instanceKlass jdk/internal/module/ModuleReferences
instanceKlass jdk/internal/module/ModuleInfo$Attributes
instanceKlass  @bci jdk/internal/module/ModulePath deriveModuleDescriptor (Ljava/util/jar/JarFile;)Ljava/lang/module/ModuleDescriptor; 373 <appendix> argL0 ; # jdk/internal/module/ModulePath$$Lambda+0x800000058
instanceKlass  @bci jdk/internal/module/ModulePath deriveModuleDescriptor (Ljava/util/jar/JarFile;)Ljava/lang/module/ModuleDescriptor; 363 <appendix> member <vmtarget> ; # jdk/internal/module/ModulePath$$Lambda+0x80000005e
instanceKlass  @bci java/lang/module/ModuleDescriptor$Builder packages (Ljava/util/Set;)Ljava/lang/module/ModuleDescriptor$Builder; 17 <appendix> argL0 ; # java/lang/module/ModuleDescriptor$Builder$$Lambda+0x800000002
instanceKlass  @bci jdk/internal/module/ModulePath deriveModuleDescriptor (Ljava/util/jar/JarFile;)Ljava/lang/module/ModuleDescriptor; 324 <appendix> argL0 ; # jdk/internal/module/ModulePath$$Lambda+0x800000059
instanceKlass  @bci jdk/internal/module/ModulePath deriveModuleDescriptor (Ljava/util/jar/JarFile;)Ljava/lang/module/ModuleDescriptor; 314 <appendix> member <vmtarget> ; # jdk/internal/module/ModulePath$$Lambda+0x80000005b
instanceKlass java/util/HashMap$HashMapSpliterator
instanceKlass  @bci java/util/stream/Collectors partitioningBy (Ljava/util/function/Predicate;Ljava/util/stream/Collector;)Ljava/util/stream/Collector; 33 <appendix> member <vmtarget> ; # java/util/stream/Collectors$$Lambda+0x800000048
instanceKlass  @bci java/util/stream/Collectors partitioningBy (Ljava/util/function/Predicate;Ljava/util/stream/Collector;)Ljava/util/stream/Collector; 25 <appendix> member <vmtarget> ; # java/util/stream/Collectors$$Lambda+0x800000045
instanceKlass  @bci java/util/stream/Collectors partitioningBy (Ljava/util/function/Predicate;Ljava/util/stream/Collector;)Ljava/util/stream/Collector; 9 <appendix> member <vmtarget> ; # java/util/stream/Collectors$$Lambda+0x800000040
instanceKlass  @bci jdk/internal/module/ModulePath deriveModuleDescriptor (Ljava/util/jar/JarFile;)Ljava/lang/module/ModuleDescriptor; 255 <appendix> argL0 ; # jdk/internal/module/ModulePath$$Lambda+0x800000061
instanceKlass  @bci jdk/internal/module/ModulePath deriveModuleDescriptor (Ljava/util/jar/JarFile;)Ljava/lang/module/ModuleDescriptor; 245 <appendix> argL0 ; # jdk/internal/module/ModulePath$$Lambda+0x800000060
instanceKlass  @bci jdk/internal/module/ModulePath deriveModuleDescriptor (Ljava/util/jar/JarFile;)Ljava/lang/module/ModuleDescriptor; 235 <appendix> argL0 ; # jdk/internal/module/ModulePath$$Lambda+0x80000005a
instanceKlass  @bci jdk/internal/module/ModulePath deriveModuleDescriptor (Ljava/util/jar/JarFile;)Ljava/lang/module/ModuleDescriptor; 225 <appendix> argL0 ; # jdk/internal/module/ModulePath$$Lambda+0x80000005f
instanceKlass  @bci java/util/zip/ZipFile jarStream ()Ljava/util/stream/Stream; 25 <appendix> member <vmtarget> ; # java/util/zip/ZipFile$$Lambda+0x800000051
instanceKlass java/util/function/IntFunction
instanceKlass java/util/Spliterators$AbstractSpliterator
instanceKlass jdk/internal/module/Checks
instanceKlass java/lang/module/ModuleDescriptor$Builder
instanceKlass java/util/regex/ASCII
instanceKlass java/util/regex/IntHashSet
instanceKlass java/util/regex/Matcher
instanceKlass java/util/regex/MatchResult
instanceKlass  @bci java/util/regex/Pattern negate (Ljava/util/regex/Pattern$CharPredicate;)Ljava/util/regex/Pattern$CharPredicate; 1 <appendix> member <vmtarget> ; # java/util/regex/Pattern$$Lambda+0x800000032
instanceKlass  @bci java/util/regex/Pattern union (Ljava/util/regex/Pattern$CharPredicate;Ljava/util/regex/Pattern$CharPredicate;Z)Ljava/util/regex/Pattern$CharPredicate; 6 <appendix> member <vmtarget> ; # java/util/regex/Pattern$$Lambda+0x800000033
instanceKlass  @bci java/util/regex/Pattern Range (II)Ljava/util/regex/Pattern$CharPredicate; 23 <appendix> member <vmtarget> ; # java/util/regex/Pattern$$Lambda+0x80000002b
instanceKlass java/util/regex/Pattern$BitClass
instanceKlass java/util/regex/Pattern$TreeInfo
instanceKlass  @bci java/util/regex/CharPredicates ASCII_DIGIT ()Ljava/util/regex/Pattern$BmpCharPredicate; 0 <appendix> argL0 ; # java/util/regex/CharPredicates$$Lambda+0x800000026
instanceKlass java/util/regex/CharPredicates
instanceKlass  @bci java/util/regex/Pattern Single (I)Ljava/util/regex/Pattern$BmpCharPredicate; 1 <appendix> member <vmtarget> ; # java/util/regex/Pattern$$Lambda+0x80000002a
instanceKlass java/util/regex/Pattern$BmpCharPredicate
instanceKlass java/util/regex/Pattern$CharPredicate
instanceKlass java/util/regex/Pattern$Node
instanceKlass java/util/regex/Pattern
instanceKlass jdk/internal/module/ModulePath$Patterns
instanceKlass java/util/SequencedMap
instanceKlass java/util/jar/Attributes
instanceKlass java/util/jar/JarVerifier
instanceKlass sun/security/action/GetIntegerAction
instanceKlass sun/security/util/Debug
instanceKlass sun/security/util/SignatureFileVerifier
instanceKlass java/util/zip/ZipFile$InflaterCleanupAction
instanceKlass java/util/zip/Inflater$InflaterZStreamRef
instanceKlass java/util/zip/Inflater
instanceKlass java/util/zip/ZipEntry
instanceKlass java/util/zip/ZipFile$2
instanceKlass jdk/internal/perf/PerfCounter$CoreCounters
instanceKlass sun/util/locale/LocaleObjectCache
instanceKlass sun/util/locale/BaseLocale$Key
instanceKlass sun/util/locale/LocaleUtils
instanceKlass sun/util/locale/BaseLocale
instanceKlass java/util/Locale
instanceKlass java/nio/file/attribute/FileTime
instanceKlass java/lang/StringCoding
instanceKlass java/util/zip/ZipUtils
instanceKlass java/util/zip/ZipFile$Source$End
instanceKlass java/io/RandomAccessFile$2
instanceKlass jdk/internal/access/JavaIORandomAccessFileAccess
instanceKlass java/io/RandomAccessFile
instanceKlass java/io/DataInput
instanceKlass java/io/DataOutput
instanceKlass java/util/zip/ZipFile$Source$Key
instanceKlass java/util/zip/ZipFile$Source
instanceKlass java/util/zip/ZipCoder
instanceKlass java/util/zip/ZipFile$CleanableResource
instanceKlass sun/nio/fs/BasicFileAttributesHolder
instanceKlass sun/nio/fs/WindowsDirectoryStream$WindowsDirectoryIterator
instanceKlass sun/nio/fs/WindowsDirectoryStream
instanceKlass java/nio/file/DirectoryStream
instanceKlass java/nio/file/Files$AcceptAllFilter
instanceKlass java/nio/file/DirectoryStream$Filter
instanceKlass sun/nio/fs/WindowsPath$1
instanceKlass sun/nio/fs/WindowsNativeDispatcher$CompletionStatus
instanceKlass sun/nio/fs/WindowsNativeDispatcher$AclInformation
instanceKlass sun/nio/fs/WindowsNativeDispatcher$Account
instanceKlass sun/nio/fs/WindowsNativeDispatcher$DiskFreeSpace
instanceKlass sun/nio/fs/WindowsNativeDispatcher$VolumeInformation
instanceKlass sun/nio/fs/WindowsNativeDispatcher$FirstStream
instanceKlass sun/nio/fs/WindowsNativeDispatcher$FirstFile
instanceKlass java/util/Enumeration
instanceKlass java/util/concurrent/ConcurrentHashMap$Traverser
instanceKlass jdk/internal/loader/NativeLibraries$3
instanceKlass jdk/internal/loader/NativeLibrary
instanceKlass java/util/ArrayDeque$DeqIterator
instanceKlass jdk/internal/loader/NativeLibraries$NativeLibraryContext$1
instanceKlass jdk/internal/loader/NativeLibraries$NativeLibraryContext
instanceKlass jdk/internal/loader/NativeLibraries$2
instanceKlass java/util/concurrent/ForkJoinPool$ManagedBlocker
instanceKlass java/util/concurrent/locks/AbstractQueuedSynchronizer$Node
instanceKlass jdk/internal/loader/NativeLibraries$1
instanceKlass jdk/internal/loader/NativeLibraries$LibraryPaths
instanceKlass sun/nio/fs/WindowsNativeDispatcher
instanceKlass sun/nio/fs/NativeBuffer$Deallocator
instanceKlass java/lang/ref/Cleaner$Cleanable
instanceKlass jdk/internal/ref/CleanerImpl
instanceKlass java/lang/ref/Cleaner$1
instanceKlass java/lang/ref/Cleaner
instanceKlass jdk/internal/ref/CleanerFactory$1
instanceKlass java/util/concurrent/ThreadFactory
instanceKlass jdk/internal/ref/CleanerFactory
instanceKlass sun/nio/fs/NativeBuffer
instanceKlass java/lang/ThreadLocal$ThreadLocalMap
instanceKlass java/lang/ThreadLocal
instanceKlass sun/nio/fs/NativeBuffers
instanceKlass sun/nio/fs/WindowsFileAttributes
instanceKlass java/nio/file/attribute/DosFileAttributes
instanceKlass sun/nio/fs/AbstractBasicFileAttributeView
instanceKlass sun/nio/fs/DynamicFileAttributeView
instanceKlass sun/nio/fs/WindowsFileAttributeViews
instanceKlass sun/nio/fs/Util
instanceKlass java/nio/file/attribute/BasicFileAttributeView
instanceKlass java/nio/file/attribute/FileAttributeView
instanceKlass java/nio/file/attribute/AttributeView
instanceKlass java/nio/file/Files
instanceKlass java/nio/file/CopyOption
instanceKlass java/nio/file/attribute/BasicFileAttributes
instanceKlass java/util/ImmutableCollections$ListItr
instanceKlass java/util/ListIterator
instanceKlass java/lang/module/ModuleFinder$1
instanceKlass java/lang/module/Resolver
instanceKlass java/lang/module/Configuration
instanceKlass  @bci jdk/internal/module/DefaultRoots exportsAPI (Ljava/lang/module/ModuleDescriptor;)Z 9 <appendix> argL0 ; # jdk/internal/module/DefaultRoots$$Lambda+0x800000056
instanceKlass  @bci java/lang/module/ModuleFinder$2 find (Ljava/lang/String;)Ljava/util/Optional; 62 <appendix> member <vmtarget> ; # java/lang/module/ModuleFinder$2$$Lambda+0x800000005
instanceKlass java/util/stream/Streams
instanceKlass java/util/stream/Stream$Builder
instanceKlass java/util/stream/Streams$AbstractStreamBuilderImpl
instanceKlass  @bci java/util/stream/FindOps$FindSink$OfRef <clinit> ()V 43 <appendix> argL0 ; # java/util/stream/FindOps$FindSink$OfRef$$Lambda+0x80000004d
instanceKlass  @bci java/util/stream/FindOps$FindSink$OfRef <clinit> ()V 38 <appendix> argL0 ; # java/util/stream/FindOps$FindSink$OfRef$$Lambda+0x80000004f
instanceKlass  @bci java/util/stream/FindOps$FindSink$OfRef <clinit> ()V 16 <appendix> argL0 ; # java/util/stream/FindOps$FindSink$OfRef$$Lambda+0x80000004e
instanceKlass  @bci java/util/stream/FindOps$FindSink$OfRef <clinit> ()V 11 <appendix> argL0 ; # java/util/stream/FindOps$FindSink$OfRef$$Lambda+0x800000050
instanceKlass java/util/stream/FindOps$FindOp
instanceKlass java/util/stream/FindOps$FindSink
instanceKlass java/util/stream/FindOps
instanceKlass  @bci java/lang/module/ModuleFinder$2 find (Ljava/lang/String;)Ljava/util/Optional; 43 <appendix> argL0 ; # java/lang/module/ModuleFinder$2$$Lambda+0x800000008
instanceKlass  @bci java/lang/module/ModuleFinder$2 find (Ljava/lang/String;)Ljava/util/Optional; 33 <appendix> member <vmtarget> ; # java/lang/module/ModuleFinder$2$$Lambda+0x800000009
instanceKlass java/util/AbstractList$RandomAccessSpliterator
instanceKlass java/util/stream/Sink$ChainedReference
instanceKlass java/util/stream/ReduceOps$AccumulatingSink
instanceKlass java/util/stream/TerminalSink
instanceKlass java/util/stream/Sink
instanceKlass java/util/function/Consumer
instanceKlass java/util/stream/ReduceOps$Box
instanceKlass java/util/stream/ReduceOps$ReduceOp
instanceKlass java/util/stream/TerminalOp
instanceKlass java/util/stream/ReduceOps
instanceKlass  @bci java/util/stream/Collectors castingIdentity ()Ljava/util/function/Function; 0 <appendix> argL0 ; # java/util/stream/Collectors$$Lambda+0x800000043
instanceKlass  @bci java/util/stream/Collectors toSet ()Ljava/util/stream/Collector; 14 <appendix> argL0 ; # java/util/stream/Collectors$$Lambda+0x800000041
instanceKlass java/util/function/BinaryOperator
instanceKlass  @bci java/util/stream/Collectors toSet ()Ljava/util/stream/Collector; 9 <appendix> argL0 ; # java/util/stream/Collectors$$Lambda+0x80000003a
instanceKlass java/util/function/BiConsumer
instanceKlass  @bci java/util/stream/Collectors toSet ()Ljava/util/stream/Collector; 4 <appendix> argL0 ; # java/util/stream/Collectors$$Lambda+0x800000046
instanceKlass java/util/stream/Collector
instanceKlass java/util/Collections$UnmodifiableCollection
instanceKlass java/util/stream/Collectors
instanceKlass  @bci jdk/internal/module/DefaultRoots compute (Ljava/lang/module/ModuleFinder;Ljava/lang/module/ModuleFinder;)Ljava/util/Set; 42 <appendix> argL0 ; # jdk/internal/module/DefaultRoots$$Lambda+0x800000053
instanceKlass  @bci jdk/internal/module/DefaultRoots compute (Ljava/lang/module/ModuleFinder;Ljava/lang/module/ModuleFinder;)Ljava/util/Set; 32 <appendix> member <vmtarget> ; # jdk/internal/module/DefaultRoots$$Lambda+0x800000057
instanceKlass  @bci jdk/internal/module/DefaultRoots compute (Ljava/lang/module/ModuleFinder;Ljava/lang/module/ModuleFinder;)Ljava/util/Set; 21 <appendix> argL0 ; # jdk/internal/module/DefaultRoots$$Lambda+0x800000054
instanceKlass  @bci sun/util/cldr/CLDRLocaleProviderAdapter <init> ()V 4 <appendix> form vmentry <vmtarget> ; # java/lang/invoke/LambdaForm$MH+0x000002181d000800
instanceKlass  @bci jdk/internal/module/DefaultRoots compute (Ljava/lang/module/ModuleFinder;Ljava/lang/module/ModuleFinder;)Ljava/util/Set; 11 <appendix> argL0 ; # jdk/internal/module/DefaultRoots$$Lambda+0x800000055
instanceKlass java/lang/invoke/LambdaProxyClassArchive
instanceKlass java/lang/invoke/InfoFromMemberName
instanceKlass java/lang/invoke/MethodHandleInfo
instanceKlass jdk/internal/org/objectweb/asm/ConstantDynamic
instanceKlass jdk/internal/org/objectweb/asm/Handle
instanceKlass sun/security/action/GetBooleanAction
instanceKlass java/lang/invoke/AbstractValidatingLambdaMetafactory
instanceKlass java/lang/invoke/BootstrapMethodInvoker
instanceKlass java/util/function/Predicate
instanceKlass java/lang/WeakPairMap$Pair$Lookup
instanceKlass java/lang/WeakPairMap$Pair
instanceKlass java/lang/WeakPairMap
instanceKlass java/lang/Module$ReflectionData
instanceKlass java/lang/invoke/LambdaMetafactory
# instanceKlass java/lang/invoke/LambdaForm$MH+0x000002181d000400
instanceKlass java/lang/invoke/MethodHandles$Lookup$ClassDefiner
instanceKlass java/lang/invoke/MethodHandles$Lookup$ClassFile
instanceKlass jdk/internal/org/objectweb/asm/Handler
instanceKlass jdk/internal/org/objectweb/asm/Attribute
instanceKlass jdk/internal/org/objectweb/asm/FieldVisitor
instanceKlass java/util/ArrayList$Itr
instanceKlass sun/invoke/empty/Empty
instanceKlass sun/invoke/util/VerifyType
instanceKlass java/lang/invoke/InvokerBytecodeGenerator$ClassData
instanceKlass jdk/internal/org/objectweb/asm/AnnotationVisitor
instanceKlass jdk/internal/org/objectweb/asm/Frame
instanceKlass jdk/internal/org/objectweb/asm/Label
instanceKlass jdk/internal/org/objectweb/asm/Type
instanceKlass jdk/internal/org/objectweb/asm/MethodVisitor
instanceKlass sun/invoke/util/BytecodeDescriptor
instanceKlass jdk/internal/org/objectweb/asm/ByteVector
instanceKlass jdk/internal/org/objectweb/asm/Symbol
instanceKlass jdk/internal/org/objectweb/asm/SymbolTable
instanceKlass jdk/internal/org/objectweb/asm/ClassVisitor
instanceKlass java/lang/invoke/LambdaFormBuffer
instanceKlass java/lang/invoke/LambdaFormEditor$TransformKey
instanceKlass java/lang/invoke/LambdaFormEditor
instanceKlass java/lang/invoke/Invokers$Holder
instanceKlass java/lang/invoke/DelegatingMethodHandle$Holder
instanceKlass java/lang/invoke/DirectMethodHandle$2
instanceKlass java/lang/invoke/ClassSpecializer$Factory
instanceKlass java/lang/invoke/ClassSpecializer$SpeciesData
instanceKlass java/lang/invoke/ClassSpecializer$1
instanceKlass java/lang/invoke/ClassSpecializer
instanceKlass java/lang/invoke/InvokerBytecodeGenerator$1
instanceKlass java/lang/invoke/InvokerBytecodeGenerator
instanceKlass java/lang/invoke/LambdaForm$Holder
instanceKlass java/lang/invoke/LambdaForm$Name
instanceKlass java/lang/invoke/Invokers
instanceKlass sun/invoke/util/ValueConversions
instanceKlass java/lang/invoke/DirectMethodHandle$Holder
instanceKlass java/lang/Void
instanceKlass sun/invoke/util/Wrapper$Format
instanceKlass java/lang/invoke/MethodHandleImpl$1
instanceKlass jdk/internal/access/JavaLangInvokeAccess
instanceKlass java/lang/invoke/LambdaForm$NamedFunction
instanceKlass java/lang/invoke/MethodHandleImpl
instanceKlass jdk/internal/reflect/MethodHandleAccessorFactory$LazyStaticHolder
instanceKlass java/lang/invoke/MethodTypeForm
instanceKlass java/lang/invoke/MethodType$ConcurrentWeakInternSet
instanceKlass sun/reflect/annotation/AnnotationParser
instanceKlass java/lang/Class$3
instanceKlass java/lang/PublicMethods$Key
instanceKlass java/lang/PublicMethods$MethodList
instanceKlass java/util/EnumMap$1
instanceKlass java/util/stream/StreamOpFlag$MaskBuilder
instanceKlass java/util/stream/Stream
instanceKlass java/util/stream/BaseStream
instanceKlass java/util/stream/PipelineHelper
instanceKlass java/util/stream/StreamSupport
instanceKlass java/util/Spliterators$IteratorSpliterator
instanceKlass java/util/Spliterator$OfDouble
instanceKlass java/util/Spliterator$OfLong
instanceKlass java/util/Spliterator$OfInt
instanceKlass java/util/Spliterator$OfPrimitive
instanceKlass java/util/Spliterator
instanceKlass java/util/Spliterators$EmptySpliterator
instanceKlass java/util/Spliterators
instanceKlass jdk/internal/module/DefaultRoots
instanceKlass java/lang/module/ModuleFinder$2
instanceKlass jdk/internal/loader/BuiltinClassLoader$LoadedModule
instanceKlass jdk/internal/loader/AbstractClassLoaderValue
instanceKlass jdk/internal/module/ServicesCatalog
instanceKlass java/util/Deque
instanceKlass java/util/Queue
instanceKlass sun/net/util/IPAddressUtil$MASKS
instanceKlass sun/net/util/IPAddressUtil
instanceKlass java/net/URLStreamHandler
instanceKlass sun/net/www/ParseUtil
instanceKlass java/net/URL$3
instanceKlass jdk/internal/access/JavaNetURLAccess
instanceKlass java/net/URL$DefaultFactory
instanceKlass java/net/URLStreamHandlerFactory
instanceKlass jdk/internal/loader/URLClassPath
instanceKlass java/security/Principal
instanceKlass java/security/ProtectionDomain$Key
instanceKlass java/security/ProtectionDomain$JavaSecurityAccessImpl
instanceKlass jdk/internal/access/JavaSecurityAccess
instanceKlass java/lang/ClassLoader$ParallelLoaders
instanceKlass java/security/cert/Certificate
instanceKlass jdk/internal/loader/ArchivedClassLoaders
instanceKlass java/util/concurrent/ConcurrentHashMap$CollectionView
instanceKlass jdk/internal/loader/ClassLoaderHelper
instanceKlass jdk/internal/loader/NativeLibraries
instanceKlass java/lang/Module$EnableNativeAccess
instanceKlass jdk/internal/loader/BootLoader
instanceKlass jdk/internal/module/SystemModuleFinders$SystemModuleFinder
instanceKlass jdk/internal/module/SystemModuleFinders$3
instanceKlass jdk/internal/module/ModuleHashes$HashSupplier
instanceKlass jdk/internal/module/SystemModuleFinders$2
instanceKlass java/util/function/Supplier
instanceKlass java/lang/module/ModuleReference
instanceKlass jdk/internal/module/ModuleResolution
instanceKlass java/util/Collections$UnmodifiableMap
instanceKlass jdk/internal/module/ModuleHashes$Builder
instanceKlass jdk/internal/module/ModuleHashes
instanceKlass jdk/internal/module/ModuleTarget
instanceKlass java/util/ImmutableCollections$Set12$1
instanceKlass java/lang/reflect/AccessFlag$18
instanceKlass java/lang/reflect/AccessFlag$17
instanceKlass java/lang/reflect/AccessFlag$16
instanceKlass java/lang/reflect/AccessFlag$15
instanceKlass java/lang/reflect/AccessFlag$14
instanceKlass java/lang/reflect/AccessFlag$13
instanceKlass java/lang/reflect/AccessFlag$12
instanceKlass java/lang/reflect/AccessFlag$11
instanceKlass java/lang/reflect/AccessFlag$10
instanceKlass java/lang/reflect/AccessFlag$9
instanceKlass java/lang/reflect/AccessFlag$8
instanceKlass java/lang/reflect/AccessFlag$7
instanceKlass java/lang/reflect/AccessFlag$6
instanceKlass java/lang/reflect/AccessFlag$5
instanceKlass java/lang/reflect/AccessFlag$4
instanceKlass java/lang/reflect/AccessFlag$3
instanceKlass java/lang/reflect/AccessFlag$2
instanceKlass java/lang/reflect/AccessFlag$1
instanceKlass java/lang/module/ModuleDescriptor$Version
instanceKlass java/lang/module/ModuleDescriptor$Provides
instanceKlass java/lang/module/ModuleDescriptor$Opens
instanceKlass java/util/ImmutableCollections$SetN$SetNIterator
instanceKlass java/lang/module/ModuleDescriptor$Exports
instanceKlass java/lang/module/ModuleDescriptor$Requires
instanceKlass jdk/internal/module/Builder
instanceKlass jdk/internal/module/SystemModules$all
instanceKlass jdk/internal/module/SystemModules
instanceKlass jdk/internal/module/SystemModulesMap
instanceKlass java/net/URI$1
instanceKlass jdk/internal/access/JavaNetUriAccess
instanceKlass java/net/URI
instanceKlass jdk/internal/module/SystemModuleFinders
instanceKlass jdk/internal/module/ArchivedModuleGraph
instanceKlass java/util/Optional
instanceKlass java/lang/Runtime$Version
instanceKlass java/util/jar/JavaUtilJarAccessImpl
instanceKlass jdk/internal/access/JavaUtilJarAccess
instanceKlass java/util/zip/ZipFile$1
instanceKlass jdk/internal/access/JavaUtilZipFileAccess
instanceKlass java/util/zip/ZipFile
instanceKlass java/util/zip/ZipConstants
instanceKlass java/nio/Bits$1
instanceKlass jdk/internal/misc/VM$BufferPool
instanceKlass java/nio/Bits
instanceKlass sun/nio/ch/DirectBuffer
instanceKlass jdk/internal/perf/Perf
instanceKlass jdk/internal/perf/Perf$GetPerfAction
instanceKlass jdk/internal/perf/PerfCounter
instanceKlass java/lang/reflect/Array
instanceKlass java/util/jar/Attributes$Name
instanceKlass jdk/internal/module/ModulePath
instanceKlass java/lang/module/ModuleFinder
instanceKlass sun/nio/fs/WindowsPath
instanceKlass sun/nio/fs/WindowsPathParser$Result
instanceKlass sun/nio/fs/WindowsPathParser
instanceKlass java/nio/file/FileSystem
instanceKlass java/nio/file/OpenOption
instanceKlass java/nio/file/spi/FileSystemProvider
instanceKlass sun/nio/fs/DefaultFileSystemProvider
instanceKlass java/nio/file/FileSystems
instanceKlass java/nio/file/Path
instanceKlass java/nio/file/Watchable
instanceKlass jdk/internal/module/ArchivedBootLayer
instanceKlass jdk/internal/module/ModuleBootstrap$Counters
instanceKlass jdk/internal/module/ModulePatcher
instanceKlass java/io/FileSystem
instanceKlass java/io/DefaultFileSystem
instanceKlass java/io/File
instanceKlass java/lang/module/ModuleDescriptor$1
instanceKlass jdk/internal/access/JavaLangModuleAccess
instanceKlass sun/invoke/util/VerifyAccess
instanceKlass java/util/KeyValueHolder
instanceKlass java/util/ImmutableCollections$MapN$MapNIterator
instanceKlass java/lang/StrictMath
instanceKlass java/lang/invoke/MethodHandles$Lookup
instanceKlass java/lang/invoke/MemberName$Factory
instanceKlass java/lang/invoke/MethodHandles
instanceKlass java/lang/module/ModuleDescriptor
instanceKlass jdk/internal/module/ModuleBootstrap
instanceKlass java/lang/Character$CharacterCache
instanceKlass java/util/HexFormat
instanceKlass jdk/internal/util/ClassFileDumper
instanceKlass sun/security/action/GetPropertyAction
instanceKlass java/lang/invoke/MethodHandleStatics
instanceKlass jdk/internal/misc/Blocker
instanceKlass java/util/concurrent/locks/AbstractQueuedSynchronizer$ConditionObject
instanceKlass java/util/concurrent/locks/Condition
instanceKlass java/util/Collections
instanceKlass java/lang/Thread$ThreadIdentifiers
instanceKlass sun/io/Win32ErrorMode
instanceKlass jdk/internal/misc/OSEnvironment
instanceKlass java/lang/Integer$IntegerCache
instanceKlass jdk/internal/misc/Signal$NativeHandler
instanceKlass java/util/Hashtable$Entry
instanceKlass jdk/internal/misc/Signal
instanceKlass java/lang/Terminator$1
instanceKlass jdk/internal/misc/Signal$Handler
instanceKlass java/lang/Terminator
instanceKlass java/nio/ByteOrder
instanceKlass java/nio/Buffer$2
instanceKlass jdk/internal/access/JavaNioAccess
instanceKlass java/nio/Buffer$1
instanceKlass jdk/internal/misc/ScopedMemoryAccess
instanceKlass java/nio/charset/CodingErrorAction
instanceKlass sun/nio/cs/SingleByte
instanceKlass java/lang/StringUTF16
instanceKlass sun/nio/cs/MS1252$Holder
instanceKlass sun/nio/cs/ArrayEncoder
instanceKlass java/nio/charset/CharsetEncoder
instanceKlass java/io/Writer
instanceKlass java/io/PrintStream$1
instanceKlass jdk/internal/access/JavaIOPrintStreamAccess
instanceKlass jdk/internal/misc/InternalLock
instanceKlass java/io/OutputStream
instanceKlass java/io/Flushable
instanceKlass java/io/FileDescriptor$1
instanceKlass jdk/internal/access/JavaIOFileDescriptorAccess
instanceKlass java/io/FileDescriptor
instanceKlass jdk/internal/util/StaticProperty
instanceKlass jdk/internal/reflect/MethodHandleAccessorFactory
instanceKlass java/lang/reflect/Modifier
instanceKlass java/lang/Class$1
instanceKlass java/lang/Class$Atomic
instanceKlass java/lang/Class$ReflectionData
instanceKlass java/nio/charset/StandardCharsets
instanceKlass sun/nio/cs/HistoricallyNamedCharset
instanceKlass java/nio/charset/spi/CharsetProvider
instanceKlass java/nio/charset/Charset
instanceKlass java/util/HashMap$HashIterator
instanceKlass java/util/concurrent/locks/LockSupport
instanceKlass java/util/concurrent/ConcurrentHashMap$Node
instanceKlass java/util/concurrent/ConcurrentHashMap$CounterCell
instanceKlass java/util/concurrent/locks/ReentrantLock
instanceKlass java/util/concurrent/locks/Lock
instanceKlass java/lang/CharacterData
instanceKlass java/util/Arrays
instanceKlass jdk/internal/util/Preconditions$3
instanceKlass jdk/internal/util/Preconditions$2
instanceKlass jdk/internal/util/Preconditions$4
instanceKlass java/util/function/BiFunction
instanceKlass jdk/internal/util/Preconditions$1
instanceKlass java/util/function/Function
instanceKlass jdk/internal/util/Preconditions
instanceKlass java/lang/Runtime
instanceKlass java/lang/VersionProps
instanceKlass java/lang/StringConcatHelper
instanceKlass java/util/HashMap$Node
instanceKlass java/util/Map$Entry
instanceKlass jdk/internal/util/ArraysSupport
instanceKlass jdk/internal/util/SystemProps$Raw
instanceKlass jdk/internal/util/SystemProps
instanceKlass java/lang/System$2
instanceKlass jdk/internal/access/JavaLangAccess
instanceKlass java/lang/ref/NativeReferenceQueue$Lock
instanceKlass java/lang/ref/ReferenceQueue
instanceKlass java/lang/ref/Reference$1
instanceKlass jdk/internal/access/JavaLangRefAccess
instanceKlass jdk/internal/reflect/ReflectionFactory
instanceKlass java/lang/Math
instanceKlass java/lang/StringLatin1
instanceKlass jdk/internal/reflect/Reflection
instanceKlass jdk/internal/reflect/ReflectionFactory$GetReflectionFactoryAction
instanceKlass java/security/PrivilegedAction
instanceKlass jdk/internal/access/SharedSecrets
instanceKlass java/lang/reflect/ReflectAccess
instanceKlass jdk/internal/access/JavaLangReflectAccess
instanceKlass java/util/ImmutableCollections
instanceKlass java/util/Objects
instanceKlass java/util/Set
instanceKlass jdk/internal/misc/CDS
instanceKlass java/lang/Module$ArchivedData
instanceKlass jdk/internal/misc/VM
instanceKlass java/lang/String$CaseInsensitiveComparator
instanceKlass java/util/Comparator
instanceKlass java/io/ObjectStreamField
instanceKlass jdk/internal/vm/FillerObject
instanceKlass jdk/internal/vm/vector/VectorSupport$VectorPayload
instanceKlass jdk/internal/vm/vector/VectorSupport
instanceKlass java/lang/reflect/RecordComponent
instanceKlass java/util/Iterator
instanceKlass java/lang/Number
instanceKlass java/lang/Character
instanceKlass java/lang/Boolean
instanceKlass java/util/concurrent/locks/AbstractOwnableSynchronizer
instanceKlass java/lang/LiveStackFrame
instanceKlass java/lang/StackFrameInfo
instanceKlass java/lang/StackWalker$StackFrame
instanceKlass java/lang/StackStreamFactory$AbstractStackWalker
instanceKlass java/lang/StackWalker
instanceKlass java/nio/Buffer
instanceKlass java/lang/StackTraceElement
instanceKlass java/util/RandomAccess
instanceKlass java/util/List
instanceKlass java/util/SequencedCollection
instanceKlass java/util/AbstractCollection
instanceKlass java/util/Collection
instanceKlass java/lang/Iterable
instanceKlass java/util/concurrent/ConcurrentMap
instanceKlass java/util/AbstractMap
instanceKlass java/security/CodeSource
instanceKlass jdk/internal/loader/ClassLoaders
instanceKlass java/util/jar/Manifest
instanceKlass java/lang/Enum
instanceKlass java/net/URL
instanceKlass java/io/InputStream
instanceKlass java/io/Closeable
instanceKlass java/lang/AutoCloseable
instanceKlass jdk/internal/module/Modules
instanceKlass jdk/internal/misc/Unsafe
instanceKlass jdk/internal/misc/UnsafeConstants
instanceKlass java/lang/AbstractStringBuilder
instanceKlass java/lang/Appendable
instanceKlass java/lang/AssertionStatusDirectives
instanceKlass jdk/internal/foreign/abi/ABIDescriptor
instanceKlass jdk/internal/foreign/abi/NativeEntryPoint
instanceKlass java/lang/invoke/CallSite
instanceKlass java/lang/invoke/MethodType
instanceKlass java/lang/invoke/TypeDescriptor$OfMethod
instanceKlass java/lang/invoke/LambdaForm
instanceKlass java/lang/invoke/MethodHandleNatives
instanceKlass java/lang/invoke/ResolvedMethodName
instanceKlass java/lang/invoke/MemberName
instanceKlass java/lang/invoke/VarHandle
instanceKlass java/lang/invoke/MethodHandle
instanceKlass jdk/internal/reflect/CallerSensitive
instanceKlass java/lang/annotation/Annotation
instanceKlass jdk/internal/reflect/FieldAccessor
instanceKlass jdk/internal/reflect/ConstantPool
instanceKlass jdk/internal/reflect/ConstructorAccessor
instanceKlass jdk/internal/reflect/MethodAccessor
instanceKlass jdk/internal/reflect/MagicAccessorImpl
instanceKlass jdk/internal/vm/StackChunk
instanceKlass jdk/internal/vm/Continuation
instanceKlass jdk/internal/vm/ContinuationScope
instanceKlass java/lang/reflect/Parameter
instanceKlass java/lang/reflect/Member
instanceKlass java/lang/reflect/AccessibleObject
instanceKlass java/lang/Module
instanceKlass java/util/Map
instanceKlass java/util/Dictionary
instanceKlass java/lang/ThreadGroup
instanceKlass java/lang/Thread$UncaughtExceptionHandler
instanceKlass java/lang/Thread$Constants
instanceKlass java/lang/Thread$FieldHolder
instanceKlass java/lang/Thread
instanceKlass java/lang/Runnable
instanceKlass java/lang/ref/Reference
instanceKlass java/lang/Record
instanceKlass java/security/AccessController
instanceKlass java/security/AccessControlContext
instanceKlass java/security/ProtectionDomain
instanceKlass java/lang/SecurityManager
instanceKlass java/lang/Throwable
instanceKlass java/lang/System
instanceKlass java/lang/ClassLoader
instanceKlass java/lang/Cloneable
instanceKlass java/lang/Class
instanceKlass java/lang/invoke/TypeDescriptor$OfField
instanceKlass java/lang/invoke/TypeDescriptor
instanceKlass java/lang/reflect/Type
instanceKlass java/lang/reflect/GenericDeclaration
instanceKlass java/lang/reflect/AnnotatedElement
instanceKlass java/lang/String
instanceKlass java/lang/constant/ConstantDesc
instanceKlass java/lang/constant/Constable
instanceKlass java/lang/CharSequence
instanceKlass java/lang/Comparable
instanceKlass java/io/Serializable
ciInstanceKlass java/lang/Object 1 1 124 7 1 10 12 1 1 10 7 12 1 1 1 10 7 12 1 1 1 10 12 1 1 8 1 10 12 1 1 10 7 12 1 1 1 10 12 1 10 12 1 1 10 7 12 1 1 1 10 12 1 10 12 1 7 1 10 7 12 1 1 1 10 12 1 1 10 12 1 100 1 8 1 10 12 1 3 8 1 7 1 5 0 1 1 1 1 1 1 1 1 1 1 1 1 1 1 1 1 100 1 1 1 1 1 1 1 1 1 1 7 1 1 1 1 1 1 1 1 1 1 3 1 1
ciInstanceKlass java/io/Serializable 1 0 7 100 1 100 1 1 1
ciInstanceKlass java/lang/System 1 1 834 10 7 12 1 1 1 9 7 12 1 1 1 10 12 1 10 12 1 1 10 12 1 1 10 12 1 9 12 1 1 10 7 12 1 1 1 11 100 12 1 1 1 10 100 12 1 1 1 10 12 1 1 10 12 1 1 100 1 8 1 10 12 1 10 7 12 1 1 1 10 7 12 1 1 1 18 12 1 1 10 7 12 1 1 1 7 1 10 12 1 1 10 7 12 1 1 1 10 12 1 10 7 12 1 1 1 9 100 12 1 1 1 10 7 12 1 1 1 11 7 12 1 1 1 10 12 1 1 10 7 12 1 1 1 7 1 10 10 12 1 1 8 1 10 12 1 8 1 10 12 1 9 12 1 1 8 1 10 7 12 1 1 1 10 12 1 1 100 1 8 1 10 9 12 1 1 8 1 10 12 1 1 10 100 12 1 1 1 8 1 10 12 1 7 1 10 12 1 8 1 10 12 1 10 12 1 1 100 1 10 12 10 12 1 9 12 1 1 9 12 1 1 10 7 12 1 1 1 10 7 12 1 1 1 10 12 1 1 10 12 1 10 12 1 10 7 12 1 1 1 10 12 1 100 1 100 1 8 1 10 12 1 10 12 1 1 7 1 10 12 1 100 1 8 1 10 10 12 1 100 1 8 1 10 8 1 10 7 12 1 1 8 1 10 12 100 1 8 1 10 10 12 1 1 10 7 12 1 1 1 100 1 18 12 1 100 1 9 100 12 1 1 1 10 12 1 100 1 10 12 1 1 10 12 1 1 10 7 12 1 1 1 10 12 1 1 10 12 1 10 12 1 10 12 1 1 10 12 1 7 1 10 12 1 9 7 12 1 1 1 10 7 12 1 1 1 10 12 1 10 12 1 10 7 12 1 1 1 7 1 8 1 10 9 12 1 9 12 1 10 12 1 10 7 12 1 1 10 12 1 10 12 1 1 8 1 10 12 1 1 8 1 11 12 1 10 12 11 12 1 1 11 7 12 1 1 1 11 7 12 1 1 11 12 1 1 7 1 11 12 1 10 12 1 8 1 10 12 1 1 8 1 8 1 8 1 8 1 11 12 1 10 12 1 10 12 1 10 12 1 8 1 10 12 1 1 8 1 9 12 1 8 1 10 7 12 1 1 8 1 7 1 9 7 12 1 1 1 10 12 1 7 1 9 12 10 9 12 7 1 10 12 9 12 1 1 8 1 10 12 1 1 8 1 10 7 12 1 1 10 12 1 10 12 1 1 11 7 12 1 1 10 12 10 7 12 1 1 1 9 12 1 1 7 1 8 1 10 12 1 1 10 7 12 1 1 1 7 1 10 12 1 1 10 12 1 8 1 8 1 10 8 1 8 1 8 1 8 1 10 10 7 12 1 1 10 12 1 10 12 1 1 10 12 1 1 10 12 1 10 100 12 1 1 1 10 7 1 8 1 10 10 10 12 1 1 10 12 1 1 8 1 10 12 1 8 1 8 1 10 12 1 10 7 12 1 1 1 10 12 1 1 7 1 10 10 12 1 10 12 1 9 12 1 1 3 1 3 1 1 1 1 1 1 1 1 1 1 1 1 100 1 1 100 1 1 1 1 1 1 1 1 1 1 1 100 1 7 1 1 1 1 1 1 1 1 1 1 1 1 1 1 1 1 1 1 1 1 1 1 1 1 1 1 1 1 1 1 1 1 1 1 1 1 1 1 1 1 1 1 1 1 1 1 1 1 1 1 1 1 1 1 1 1 1 1 100 1 1 1 1 1 1 1 1 1 1 1 1 1 1 1 1 1 1 1 1 1 1 1 1 1 1 1 1 1 1 1 1 1 100 1 1 16 15 10 12 1 1 16 15 10 12 16 1 15 10 100 12 1 1 1 1 1 1 1 1 1 100 1 100 1 1
staticfield java/lang/System in Ljava/io/InputStream; java/io/BufferedInputStream
staticfield java/lang/System out Ljava/io/PrintStream; java/io/PrintStream
staticfield java/lang/System err Ljava/io/PrintStream; java/io/PrintStream
ciInstanceKlass java/lang/SecurityManager 0 0 576 10 7 12 1 1 1 9 7 12 1 1 1 10 7 12 1 1 1 100 1 8 1 10 12 1 10 12 1 1 10 7 12 1 1 1 10 7 1 10 100 1 10 9 100 12 1 1 1 10 7 12 1 1 1 10 12 1 1 10 7 12 1 1 100 1 8 1 10 9 12 1 1 9 12 1 8 1 9 12 1 7 1 10 8 1 10 12 1 1 10 12 1 10 12 1 1 100 1 10 10 12 1 1 100 1 8 1 10 12 1 8 1 8 1 8 1 8 1 8 1 8 1 10 12 1 8 1 8 1 8 1 8 1 8 1 10 7 12 1 1 1 10 12 1 1 8 1 100 1 8 1 10 8 1 8 1 8 1 8 1 8 1 10 100 12 1 1 8 1 100 1 8 1 8 1 10 8 1 10 12 1 100 1 8 1 10 10 12 1 1 10 12 1 10 12 1 10 12 1 10 100 12 1 1 1 10 12 1 10 100 12 1 1 11 100 12 1 1 1 18 12 1 1 11 100 12 1 1 1 18 12 1 1 11 12 1 1 18 18 11 12 1 18 12 1 11 12 1 1 9 12 1 1 9 12 1 9 12 1 9 12 1 100 1 10 100 12 1 1 10 12 1 10 12 1 18 12 1 18 10 100 12 1 1 1 18 12 1 10 12 1 18 18 8 1 10 12 1 9 12 1 1 11 7 12 1 1 1 8 1 100 1 10 12 1 10 12 1 1 10 12 1 1 9 12 1 1 10 12 1 10 12 1 1 8 1 100 1 10 9 12 1 8 1 10 12 1 8 1 100 1 10 10 100 12 1 1 10 100 1 9 7 12 1 1 1 11 12 1 1 10 12 1 11 12 1 10 12 1 7 1 10 10 12 1 1 10 12 1 1 1 1 1 1 1 1 1 1 1 7 1 1 1 1 1 1 1 1 1 1 1 1 1 1 1 1 1 1 1 1 1 1 1 1 1 1 1 1 1 1 1 1 1 1 1 1 1 1 1 1 1 1 1 1 1 1 1 1 1 1 1 1 1 1 1 1 3 1 1 1 1 1 1 1 1 1 1 100 1 1 1 1 1 1 1 1 1 1 1 1 1 1 1 1 1 1 1 1 1 1 1 1 1 1 1 1 1 1 1 1 1 1 1 1 1 1 16 15 10 7 12 1 1 1 16 1 16 15 10 12 16 1 15 10 12 16 15 11 7 1 16 1 16 1 15 10 12 16 15 10 12 16 15 10 12 1 16 1 15 11 12 1 15 10 12 16 15 10 16 1 15 10 100 12 1 1 1 1 1 1 100 1 100 1 1
ciInstanceKlass java/security/AccessController 1 1 295 10 7 12 1 1 1 10 7 12 1 1 1 10 7 12 1 1 1 10 12 1 1 10 12 1 1 10 7 12 1 1 1 10 12 1 1 10 12 1 10 12 1 1 10 12 1 100 1 8 1 10 12 1 10 12 1 10 12 1 1 10 12 1 7 1 7 1 10 12 1 1 10 12 1 10 12 1 10 12 1 1 10 7 12 1 1 1 10 12 1 1 9 100 12 1 1 1 10 7 12 1 1 1 10 12 1 10 12 1 9 100 12 1 1 1 10 12 1 10 12 1 1 9 12 1 1 10 100 1 10 11 7 12 1 1 1 10 7 12 1 1 11 7 1 100 1 10 12 1 10 12 1 10 12 1 8 1 10 12 1 1 8 1 10 100 12 1 1 1 8 1 7 1 10 10 12 1 1 10 12 1 10 7 12 1 1 1 10 12 1 8 1 10 7 12 1 1 8 1 8 1 10 12 1 8 1 10 12 1 10 12 1 1 10 12 1 1 1 1 1 1 1 1 1 1 1 1 1 1 1 1 1 1 1 1 1 1 1 1 1 1 1 1 100 1 1 1 1 1 1 1 1 1 1 1 1 1 1 1 1 1 1 1 1 1 1 1 1 1 1 1 1 1 1 1 1 1 1 100 1 100 1 1 1 1 1 1 1 1 1 3 1 1 1
staticfield java/security/AccessController $assertionsDisabled Z 1
ciInstanceKlass java/security/ProtectionDomain 1 1 348 10 7 12 1 1 1 9 7 12 1 1 1 7 1 10 9 12 1 1 9 12 1 1 9 12 1 1 10 7 12 1 1 7 1 9 12 1 9 12 1 1 7 1 9 12 1 1 9 12 1 10 100 12 1 1 10 100 12 1 1 1 10 12 1 1 10 12 1 9 12 1 9 100 12 1 1 10 12 1 1 10 100 1 10 12 1 1 8 1 7 1 8 1 10 12 1 10 11 10 7 12 1 1 1 10 12 1 1 8 1 11 8 1 10 12 1 8 1 8 1 10 12 1 1 10 12 1 10 12 1 1 10 12 1 8 1 10 12 1 8 1 8 1 10 7 12 1 1 1 9 100 12 1 1 1 10 12 1 1 9 100 12 1 1 1 10 7 12 1 1 1 100 1 18 12 1 1 10 7 12 1 1 1 10 7 1 10 12 1 10 12 1 1 11 100 12 1 1 11 12 1 100 1 11 7 12 1 1 1 10 12 1 10 11 12 1 1 11 12 1 1 10 12 1 10 7 12 1 1 10 100 12 1 1 11 12 1 10 12 10 12 1 8 1 8 1 10 7 12 1 1 1 7 1 10 10 7 12 1 1 1 1 1 1 1 1 1 1 7 1 1 7 1 1 1 1 1 1 1 1 1 1 1 1 1 1 1 1 1 1 1 1 1 1 1 1 1 1 1 1 1 1 1 1 1 1 1 1 1 1 1 1 1 1 1 1 7 1 1 1 1 1 1 100 1 1 16 15 10 12 16 15 10 100 12 1 1 1 1 1 1 1 100 1 100 1 1
staticfield java/security/ProtectionDomain filePermCompatInPD Z 0
ciInstanceKlass java/security/CodeSource 1 1 398 10 7 12 1 1 1 9 7 12 1 1 1 9 12 1 1 9 12 1 1 9 12 1 1 10 7 12 1 1 1 9 12 1 1 10 100 12 1 1 10 100 10 7 12 1 1 1 10 100 12 1 1 1 10 12 1 1 7 1 10 10 100 12 1 1 1 10 100 12 1 1 1 10 12 1 1 100 1 10 12 1 1 10 12 1 1 10 12 1 1 10 12 1 10 10 10 12 1 1 10 7 12 1 1 1 10 12 1 10 12 1 10 12 1 8 1 10 12 1 10 12 1 10 12 1 1 10 12 1 8 1 10 12 1 1 10 7 1 10 10 12 1 1 8 1 10 12 1 10 12 1 10 12 1 8 1 8 1 9 12 1 1 100 1 8 1 10 12 1 10 12 1 1 8 1 10 12 1 8 1 8 1 8 1 10 100 12 1 1 10 12 1 1 10 12 1 10 12 1 1 10 12 1 1 10 12 1 1 100 1 100 1 10 12 1 10 12 10 12 1 1 10 100 12 1 1 10 12 1 7 1 10 12 10 100 12 1 1 1 10 8 1 10 12 1 10 12 1 10 12 1 1 100 1 10 12 1 1 100 1 7 1 8 1 8 1 10 10 12 1 1 10 100 12 1 1 1 7 1 10 12 10 12 1 1 11 7 12 1 1 10 10 12 1 11 10 12 1 8 1 100 1 10 12 1 10 12 1 1 10 12 1 11 12 1 1 7 1 1 1 1 5 0 1 1 1 1 1 1 1 1 1 1 1 1 1 1 1 1 1 1 1 1 1 1 1 1 1 1 1 1 1 1 1 1 1 1 1 1 1 1 1 1 1 1 1 1 1 1 1 1 1 1 1 1 1 1 1 1 1 1 1 1 1 1 1 1 1 1 100 1 1 1 1 1 1 1
ciInstanceKlass java/lang/Boolean 1 1 152 10 7 12 1 1 1 9 7 12 1 1 1 10 12 1 1 10 12 1 8 1 10 7 12 1 1 9 12 1 1 9 12 1 10 12 1 1 10 12 1 1 10 12 1 1 10 7 12 1 1 1 100 1 100 1 10 12 1 1 9 100 12 1 1 9 12 10 100 12 1 1 1 10 12 1 1 8 1 10 7 12 1 1 1 9 12 1 1 7 1 7 1 7 1 1 1 1 1 1 5 0 1 1 1 1 1 1 1 1 1 1 3 1 1 1 1 1 1 1 1 1 1 1 1 1 1 1 1 1 1 7 1 1 1 1 1 1 1 1 1 1 100 1 1 1 1 1 1 1 1 1
staticfield java/lang/Boolean TRUE Ljava/lang/Boolean; java/lang/Boolean
staticfield java/lang/Boolean FALSE Ljava/lang/Boolean; java/lang/Boolean
staticfield java/lang/Boolean TYPE Ljava/lang/Class; java/lang/Class
ciInstanceKlass java/lang/Comparable 1 0 12 100 1 100 1 1 1 1 1 1 1 1
ciInstanceKlass java/lang/constant/Constable 1 0 11 100 1 100 1 1 1 1 1 1 1
ciInstanceKlass java/util/Map 1 1 263 11 7 12 1 1 1 11 12 1 1 10 7 12 1 1 11 12 1 1 11 7 12 1 1 1 11 100 12 1 1 1 11 12 1 1 7 1 11 12 1 11 12 1 100 1 100 1 10 12 1 1 11 100 12 1 1 1 11 100 12 1 1 1 11 12 1 11 12 1 10 12 1 1 11 12 1 11 7 12 1 9 7 12 1 1 1 100 1 10 12 7 1 7 1 10 12 1 7 1 10 7 1 11 12 1 11 12 1 1 11 12 1 1 7 1 11 12 1 1 1 1 1 1 1 1 1 1 1 1 1 1 1 1 1 1 1 1 1 1 1 1 1 1 1 1 1 1 1 1 1 1 1 1 1 1 1 1 1 1 1 1 1 1 1 1 1 1 1 1 1 1 1 1 1 1 1 1 1 1 1 1 1 1 1 1 1 1 1 1 1 1 1 1 1 1 1 1 1 1 1 1 1 1 1 1 1 1 1 1 1 1 1 1 1 1 1 1 1 1 1 1 1 1 1 1 1 1 1 1 1 1 1 1 1 1 1 1 1 1 1 1 1 1 100 1 1 1 1 1 1 1 1 1 1 1 1 1 1 1 1 1 1
ciInstanceKlass java/lang/Class 1 1 1687 10 7 12 1 1 1 9 7 12 1 1 1 9 12 1 1 10 12 1 1 8 1 10 12 1 8 1 8 1 10 12 1 1 10 7 12 1 1 1 10 12 1 7 1 10 10 12 1 10 12 1 1 10 12 1 1 10 12 1 1 10 7 12 1 1 10 12 1 10 12 1 10 12 1 8 1 10 12 1 8 1 10 12 1 8 1 8 1 10 12 1 1 10 7 12 1 1 1 18 12 1 1 11 7 12 1 1 1 8 1 8 1 8 1 10 7 12 1 1 1 11 12 1 1 8 1 10 12 1 10 11 100 12 1 1 1 11 7 12 1 1 1 11 8 1 18 8 1 10 12 1 10 7 12 1 1 10 12 1 1 10 7 12 1 1 1 10 12 1 1 10 12 1 1 10 7 12 1 1 1 10 12 9 100 12 1 1 1 10 7 12 1 1 1 10 12 1 10 7 12 1 1 1 10 12 1 1 18 12 1 1 10 7 12 1 1 1 10 7 12 1 10 12 1 1 10 7 1 7 1 10 12 1 1 9 12 1 1 7 1 8 1 10 12 1 10 12 1 1 10 12 1 1 10 7 12 1 1 1 7 1 10 12 1 7 1 7 1 10 10 12 1 1 10 12 1 1 100 1 10 7 12 1 1 1 10 12 1 1 10 12 1 1 9 12 1 1 10 12 1 10 12 1 1 9 12 1 1 9 12 1 1 10 12 1 1 10 7 1 10 12 1 10 12 1 10 12 1 1 10 9 12 1 10 12 1 8 1 10 12 1 1 10 12 1 1 10 12 1 10 12 1 1 10 12 1 1 10 12 1 1 9 7 12 1 1 1 10 7 12 1 1 10 12 10 12 1 10 12 1 10 12 1 10 12 1 9 100 12 1 1 1 9 12 1 10 12 1 10 100 12 1 1 1 10 12 1 1 10 100 12 1 1 10 12 1 10 12 1 1 10 100 12 1 1 1 10 12 1 10 12 1 1 10 12 1 10 12 1 10 12 1 1 10 7 1 10 10 10 12 1 1 10 12 1 1 10 12 10 10 12 1 1 7 1 8 1 10 10 12 1 1 10 12 1 100 1 11 12 1 10 100 12 1 1 10 12 1 10 12 1 10 100 12 1 1 10 10 12 1 1 8 1 10 12 1 10 12 1 1 8 1 10 12 1 9 12 1 10 12 1 10 12 1 10 12 1 10 12 7 1 9 12 1 10 12 1 9 12 1 10 12 1 10 12 1 10 12 1 10 10 12 1 10 12 1 10 7 12 1 1 10 12 1 10 12 1 10 12 1 1 10 12 1 10 12 1 10 12 1 100 1 10 12 1 10 12 1 1 10 12 1 1 10 12 1 1 10 12 1 1 10 12 1 1 10 12 1 1 7 1 10 10 12 1 1 10 12 1 1 10 12 1 1 10 10 12 1 10 12 1 1 10 12 1 1 10 12 1 1 10 12 1 1 7 1 10 10 12 11 7 12 1 1 10 12 1 10 12 1 10 7 12 1 1 1 10 12 1 1 10 10 12 1 1 7 1 10 10 12 1 1 10 7 12 1 1 1 100 1 7 1 10 12 1 1 10 12 1 10 10 12 1 1 10 12 1 10 12 1 10 12 1 10 100 12 1 1 1 11 7 12 1 1 10 12 1 10 12 1 9 12 1 10 12 1 1 10 12 1 9 100 12 1 1 1 9 12 1 10 100 12 1 1 1 10 12 1 10 12 1 10 100 12 1 1 1 10 12 1 10 12 10 12 1 1 100 1 10 8 1 10 12 1 11 11 12 1 1 11 7 12 1 1 11 12 1 8 1 10 12 1 10 12 1 1 9 12 1 9 12 1 1 10 7 12 1 1 9 12 1 10 12 1 1 10 10 12 1 10 7 12 1 1 1 10 7 12 1 1 10 7 12 1 1 9 12 1 1 10 12 1 9 12 1 10 12 1 10 12 1 1 9 12 1 1 9 12 1 10 12 1 10 12 1 1 9 12 1 100 1 10 10 12 1 1 7 1 10 12 1 1 100 11 7 1 9 12 1 1 9 12 1 7 1 10 12 1 9 12 1 1 9 12 1 10 12 1 10 12 1 1 9 12 1 7 1 10 10 12 1 1 10 10 12 1 10 12 10 10 12 1 9 12 1 10 12 1 1 10 7 12 1 1 1 10 12 1 1 10 12 1 8 10 7 8 1 18 8 1 8 1 10 12 1 9 12 1 9 12 1 1 10 12 1 7 1 7 1 10 12 1 9 12 1 1 7 1 10 10 12 1 10 7 1 9 12 1 8 1 10 12 1 7 1 10 12 1 10 12 1 1 100 1 7 1 9 12 1 100 1 8 1 10 10 7 12 1 1 1 10 12 11 7 12 1 1 1 10 12 1 10 12 1 1 10 8 1 8 1 10 12 1 1 9 7 12 1 1 11 12 7 1 11 7 12 1 1 9 12 1 10 100 12 1 1 1 10 7 12 1 1 10 12 1 1 9 12 1 9 10 12 1 1 10 12 1 1 10 12 1 1 10 12 1 1 10 12 1 1 11 12 1 7 1 11 12 1 10 7 12 1 1 1 10 12 1 11 12 1 10 7 12 1 1 1 10 12 1 10 7 12 1 1 1 11 12 1 11 12 1 1 10 12 1 10 12 1 1 9 12 1 1 9 100 12 1 1 10 12 1 10 100 12 1 1 1 10 12 1 1 10 12 1 10 12 1 10 12 1 10 7 12 1 1 1 10 12 1 8 1 10 12 1 10 12 1 10 12 1 100 1 10 12 10 100 12 1 1 1 11 100 12 1 1 1 10 12 1 1 10 12 1 18 12 1 1 11 12 1 1 18 11 12 1 18 12 1 11 12 1 10 12 1 1 10 12 1 10 12 1 10 12 1 10 12 1 10 12 10 12 1 8 1 10 12 1 7 1 9 12 1 1 7 1 7 1 7 1 7 1 1 1 3 1 3 1 3 1 1 1 1 1 1 1 5 0 1 1 1 1 1 1 1 1 1 1 1 1 1 1 1 1 1 1 1 1 1 1 1 1 100 1 1 1 1 1 1 1 100 1 1 1 1 1 7 1 1 1 1 1 1 1 1 1 1 1 1 1 1 1 1 1 1 1 1 1 1 1 1 1 1 1 1 1 1 1 1 1 1 1 1 1 1 1 1 1 1 100 1 1 1 1 1 1 1 1 1 1 1 1 1 1 1 1 1 1 1 1 1 1 1 1 1 1 1 1 1 1 1 100 1 1 1 1 1 1 1 1 1 1 1 1 1 1 1 1 1 1 1 1 3 1 1 1 1 1 1 1 1 1 1 1 1 1 1 1 1 1 1 1 1 1 1 1 1 1 1 1 1 1 1 1 1 1 1 1 7 1 7 1 1 1 1 1 1 1 7 1 1 1 1 1 1 1 1 1 1 1 1 1 1 1 1 1 1 1 1 1 1 1 1 1 1 1 1 1 1 1 1 1 1 1 1 1 1 1 1 1 1 1 1 1 1 1 1 1 1 1 1 1 1 1 1 1 1 1 1 1 1 1 1 1 1 1 1 1 1 1 1 1 1 1 1 1 1 1 1 1 1 1 1 1 1 1 1 1 1 1 1 1 1 1 1 1 1 1 1 1 1 1 1 1 1 1 1 1 1 1 1 1 1 1 1 1 1 1 1 1 1 1 1 16 15 10 12 16 15 11 12 16 1 16 15 16 15 10 12 16 16 15 10 12 16 15 16 1 15 10 12 16 15 10 7 12 1 1 1 1 1 1 1 1 1 1 1 1 1 7 1 1 100 1 100 1 1 100 1 100 1 1 100 1 100 1 1
staticfield java/lang/Class EMPTY_CLASS_ARRAY [Ljava/lang/Class; 0 [Ljava/lang/Class;
staticfield java/lang/Class serialPersistentFields [Ljava/io/ObjectStreamField; 0 [Ljava/io/ObjectStreamField;
ciInstanceKlass java/lang/reflect/AnnotatedElement 1 1 164 11 7 12 1 1 1 11 12 1 1 7 1 10 100 12 1 1 1 10 12 1 1 10 12 1 1 10 12 1 10 100 12 1 1 1 11 12 1 1 11 7 12 1 1 10 7 12 1 1 1 10 12 1 10 100 12 1 1 1 18 12 1 1 11 100 12 1 1 18 12 1 18 12 1 1 10 100 12 1 1 1 11 100 12 1 1 1 7 1 10 100 12 1 1 1 1 1 1 1 1 1 1 1 1 1 1 1 1 1 1 1 1 1 1 1 1 1 100 1 1 1 1 1 1 1 1 1 1 1 16 15 16 1 16 1 15 11 12 16 16 1 15 10 100 12 1 1 1 16 1 15 10 100 12 1 1 1 1 100 1 100 1 1
ciInstanceKlass java/lang/invoke/TypeDescriptor 1 0 17 100 1 100 1 1 1 1 1 1 100 1 100 1 1 1 1
ciInstanceKlass java/lang/reflect/GenericDeclaration 1 0 30 7 1 7 1 7 1 1 1 1 1 1 1 1 100 1 8 1 1 12 10 1 1 1 8 1 1 1 8 1
ciInstanceKlass java/lang/reflect/Type 1 1 17 11 100 12 1 1 1 100 1 1 1 1 1 1 1 1 1
ciInstanceKlass java/lang/invoke/TypeDescriptor$OfField 1 0 21 100 1 100 1 100 1 1 1 1 1 1 1 1 1 1 1 1 1 1 1
ciInstanceKlass java/lang/StringBuilder 1 1 422 10 7 12 1 1 1 10 12 1 10 12 1 10 12 1 1 10 7 12 1 1 1 10 7 12 1 1 1 10 12 1 10 12 1 10 12 1 10 12 1 10 12 1 10 12 1 10 12 1 10 12 1 10 12 1 10 12 1 10 12 1 10 12 1 10 12 1 10 12 1 1 10 12 1 10 12 1 1 10 12 1 1 10 12 1 10 12 1 10 12 1 10 12 1 10 12 1 10 12 1 10 12 1 10 12 10 12 1 10 12 1 10 12 1 10 12 1 1 10 12 1 10 12 1 10 12 10 12 1 1 10 12 1 10 12 1 10 12 1 10 100 12 1 1 1 9 12 1 1 10 12 1 10 12 1 1 10 12 1 1 9 12 1 1 10 100 12 1 1 1 10 100 1 10 12 1 1 10 100 12 1 1 10 12 1 10 12 1 1 100 1 100 1 8 1 10 10 12 1 1 10 12 1 10 12 1 10 12 1 1 10 12 1 10 12 1 10 12 1 10 12 1 10 12 1 10 12 10 12 1 10 12 1 10 12 1 10 12 1 10 12 1 10 12 1 10 12 1 10 12 1 10 12 1 1 10 12 1 1 10 12 1 10 12 1 10 12 1 10 12 10 12 10 12 1 10 12 1 10 12 1 10 12 10 12 1 10 12 1 10 12 1 10 12 1 10 12 1 10 12 1 10 12 1 10 12 1 10 12 1 1 10 12 1 10 12 1 1 10 12 1 10 12 1 1 10 12 1 10 12 1 1 10 12 1 10 12 1 10 12 1 10 10 12 1 10 12 1 7 1 7 1 7 1 7 1 1 1 1 5 0 1 1 1 1 1 1 1 1 1 1 1 1 1 1 1 1 1 1 1 1 1 1 1 1 1 1 1 1 1 1 1 1 1 1 1 1 1 1 1 1 1 1 1 1 100 1 1 1 7 1 1 1 1 1 1 1 1 1 1 1
instanceKlass java/lang/StringBuilder
instanceKlass java/lang/StringBuffer
ciInstanceKlass java/lang/AbstractStringBuilder 1 1 599 7 1 10 7 12 1 1 1 9 7 12 1 1 1 9 12 1 9 12 1 1 9 12 1 1 10 7 12 1 1 1 10 12 1 1 7 1 3 3 10 12 1 10 12 1 1 11 7 1 100 1 7 1 10 8 1 10 12 1 10 12 1 10 12 1 1 10 12 1 10 12 1 9 12 1 10 12 1 9 12 1 1 10 12 1 1 10 7 12 1 1 1 10 10 12 1 10 12 1 10 12 1 1 10 12 1 1 10 7 12 1 1 1 10 7 12 1 1 1 7 1 8 1 10 10 12 1 1 100 1 10 12 10 12 1 1 10 10 12 1 1 10 12 1 1 10 12 1 1 10 12 1 1 10 10 7 12 1 1 1 10 12 1 100 1 10 10 7 12 1 1 1 9 12 1 1 9 12 1 10 12 1 1 10 10 12 1 1 10 12 10 12 1 10 12 1 1 10 12 1 1 10 12 1 1 10 12 1 10 12 1 1 10 12 1 1 10 12 1 10 12 1 1 8 1 10 12 1 1 10 12 1 10 12 1 10 12 1 10 12 1 10 12 1 10 12 1 10 7 12 1 1 10 12 1 10 12 1 10 100 12 1 1 1 100 1 100 1 10 12 1 10 100 12 1 1 10 12 1 10 12 1 10 12 1 10 12 1 1 10 12 1 10 12 1 1 10 12 1 1 10 10 7 12 1 1 1 10 12 1 10 12 1 10 12 1 1 10 12 1 10 12 1 10 12 1 10 12 1 10 12 1 10 12 1 10 12 1 10 12 1 1 10 12 1 10 12 1 10 12 10 12 1 1 18 12 1 1 100 1 10 100 12 1 1 1 18 10 12 1 1 10 12 1 10 12 1 1 11 12 1 1 10 12 1 10 12 10 10 10 12 1 10 5 0 10 10 12 1 1 100 1 8 1 10 10 12 1 1 10 100 12 1 1 1 10 12 1 10 12 1 1 100 1 10 12 100 1 10 100 1 10 7 1 1 1 1 1 1 1 1 1 1 1 100 1 1 1 1 1 1 1 1 1 1 1 1 1 1 1 1 1 1 1 1 1 1 1 1 1 1 1 1 1 1 1 1 1 1 1 1 1 1 1 1 1 1 1 1 1 1 1 1 1 1 1 1 1 1 1 1 1 1 1 1 1 1 1 1 1 1 1 1 1 1 1 1 1 1 1 1 1 1 1 1 1 1 1 1 1 1 1 1 1 1 1 1 1 1 1 1 1 1 1 1 100 1 1 1 1 1 1 1 1 1 1 1 1 1 1 1 1 1 100 1 1 1 1 1 1 7 1 1 16 1 15 10 12 16 15 10 12 15 10 100 12 1 1 1 1 1 1 1 100 1 100 1 1
staticfield java/lang/AbstractStringBuilder EMPTYVALUE [B 0
ciInstanceKlass java/lang/Appendable 1 0 14 100 1 100 1 1 1 1 100 1 1 1 1 1
ciInstanceKlass java/lang/CharSequence 1 1 131 11 7 12 1 1 1 18 12 1 1 100 1 10 100 12 1 1 1 18 10 100 12 1 1 1 11 12 1 1 11 7 1 11 12 1 1 10 100 12 1 1 1 11 12 1 1 100 1 10 12 1 1 10 100 12 1 1 1 100 1 10 10 12 1 1 7 1 1 1 1 1 1 1 1 1 1 1 1 1 1 1 1 1 1 1 1 1 1 1 1 1 1 1 1 1 1 1 1 1 16 1 15 11 12 16 15 11 12 15 10 100 12 1 1 1 1 1 100 1 100 1 1 100 1 1 100 1 100 1 1
ciInstanceKlass java/io/PrintStream 1 1 413 100 1 10 12 1 1 8 1 10 7 12 1 1 1 10 100 12 1 1 1 100 1 100 1 100 1 10 10 7 12 1 1 9 12 1 1 9 12 1 9 12 1 10 12 1 1 10 12 1 9 12 1 7 1 10 12 1 9 12 1 1 7 1 10 12 1 9 12 1 1 10 7 12 1 1 1 10 7 12 1 1 1 9 12 1 1 10 12 1 10 12 1 8 1 7 1 10 12 1 10 12 1 100 1 10 10 12 1 8 10 12 1 9 12 1 1 100 1 8 1 10 10 12 1 10 12 1 10 12 1 10 12 1 10 12 1 10 12 1 10 12 1 10 10 10 12 1 1 10 12 1 1 100 1 10 7 12 1 1 1 10 12 1 10 12 1 10 12 1 10 12 10 10 12 1 10 12 10 12 1 10 10 12 1 10 12 1 10 12 10 12 10 7 12 1 1 1 10 12 10 12 1 10 12 1 1 10 10 12 1 10 12 1 10 12 1 10 12 1 10 12 1 10 10 12 1 10 10 12 1 10 12 1 1 10 12 1 10 12 10 12 1 10 12 1 10 12 1 10 12 10 12 10 12 10 12 1 1 10 12 1 10 12 1 1 9 12 1 1 10 100 12 1 1 1 9 100 12 1 1 1 10 100 12 1 1 1 10 12 1 10 12 1 10 12 1 10 12 1 8 1 11 7 12 1 1 1 10 12 1 1 10 12 1 10 12 1 7 1 10 12 10 7 12 1 1 1 7 1 7 1 1 1 1 1 1 1 1 1 1 1 1 1 1 1 1 100 1 1 1 1 1 1 1 1 100 1 1 1 1 1 1 1 7 1 1 1 1 1 1 1 1 1 1 1 1 100 1 1 1 100 1 1 1 1 1 1 1 1 1 1 1 1 1 1 1 1 100 1 1 1 1 1 1 1 1 1 1 1 1 1 1
ciInstanceKlass java/lang/AutoCloseable 1 0 12 100 1 100 1 1 1 1 100 1 1 1
ciInstanceKlass java/io/Closeable 1 0 14 100 1 100 1 100 1 1 1 1 100 1 1 1
ciInstanceKlass java/io/Flushable 1 0 12 100 1 100 1 1 1 1 100 1 1 1
instanceKlass javafx/scene/transform/NonInvertibleTransformException
instanceKlass javafx/css/CssParser$ParseException
instanceKlass java/lang/CloneNotSupportedException
instanceKlass java/security/PrivilegedActionException
instanceKlass java/net/URISyntaxException
instanceKlass javax/xml/stream/XMLStreamException
instanceKlass com/sun/javafx/geom/transform/NoninvertibleTransformException
instanceKlass java/util/concurrent/ExecutionException
instanceKlass java/security/GeneralSecurityException
instanceKlass java/lang/InterruptedException
instanceKlass java/io/IOException
instanceKlass sun/nio/fs/WindowsException
instanceKlass java/lang/ReflectiveOperationException
instanceKlass java/lang/RuntimeException
ciInstanceKlass java/lang/Exception 1 1 40 10 7 12 1 1 1 10 12 1 10 12 1 10 12 1 10 12 1 100 1 1 1 1 5 0 1 1 1 1 1 1 1 1 1 1 1 1 1 1
instanceKlass java/lang/Exception
instanceKlass java/lang/Error
ciInstanceKlass java/lang/Throwable 1 1 404 10 7 12 1 1 1 9 7 12 1 1 1 9 12 1 1 9 12 1 9 12 1 1 9 12 1 10 12 1 1 9 12 1 1 10 12 1 1 10 12 1 100 1 7 1 10 8 1 10 12 1 1 8 1 10 100 12 1 1 10 10 12 1 100 1 8 1 10 10 12 1 1 10 7 12 1 1 10 12 1 8 1 9 7 12 1 1 1 10 12 1 1 100 1 10 12 10 12 1 10 100 12 1 1 1 100 1 10 12 10 12 1 10 12 1 100 1 10 10 7 12 1 1 1 11 100 12 1 1 1 10 12 1 1 10 12 1 1 8 1 10 12 1 10 12 1 1 8 1 8 1 10 12 1 1 10 12 1 8 1 8 1 9 12 1 1 10 12 1 1 100 1 10 11 12 1 8 1 8 1 10 7 12 1 1 8 1 10 12 1 8 1 100 1 10 12 1 9 12 1 1 10 12 1 10 7 12 1 9 12 1 1 10 12 1 1 100 1 8 1 10 12 1 10 100 12 1 1 10 12 1 1 7 1 10 100 12 1 1 1 10 12 1 11 7 12 1 1 1 11 7 12 1 1 11 12 1 8 1 10 12 1 1 8 1 10 10 9 100 12 1 1 1 8 1 10 12 1 1 11 10 100 1 8 1 10 11 12 1 1 8 1 9 12 1 10 100 12 1 1 11 9 12 1 1 11 12 1 1 100 10 12 1 10 12 1 1 7 1 1 1 1 5 0 1 1 1 1 1 1 1 1 1 1 1 1 1 7 1 1 1 1 1 1 1 1 1 1 1 1 1 1 1 1 1 1 1 1 1 1 1 1 1 1 1 1 1 1 1 1 1 1 1 1 1 1 1 1 1 1 1 1 100 1 7 1 1 1 1 1 1 1 1 1 1 1 1 1 1 1 1 1 1
staticfield java/lang/Throwable UNASSIGNED_STACK [Ljava/lang/StackTraceElement; 0 [Ljava/lang/StackTraceElement;
staticfield java/lang/Throwable SUPPRESSED_SENTINEL Ljava/util/List; java/util/Collections$EmptyList
staticfield java/lang/Throwable EMPTY_THROWABLE_ARRAY [Ljava/lang/Throwable; 0 [Ljava/lang/Throwable;
staticfield java/lang/Throwable $assertionsDisabled Z 1
ciMethod java/lang/Throwable printStackTrace ()V 0 0 1 0 -1
ciMethod java/lang/Throwable printStackTrace (Ljava/io/PrintStream;)V 0 0 1 0 0
instanceKlass java/security/Provider
ciInstanceKlass java/util/Properties 1 1 690 10 7 12 1 1 1 100 1 10 7 12 1 1 7 1 10 12 1 9 12 1 1 9 12 1 1 9 12 1 1 10 7 12 1 1 1 10 12 1 1 8 1 10 7 12 1 1 1 7 1 10 12 1 10 12 1 1 8 1 10 12 1 7 1 10 12 10 12 1 1 9 12 1 1 10 12 1 1 7 1 10 12 1 10 12 1 10 12 1 1 100 1 8 1 10 12 1 10 12 1 10 12 1 1 10 12 1 7 1 3 10 10 100 12 1 1 1 10 12 1 10 12 1 1 8 1 10 12 1 10 12 1 1 8 1 10 100 12 1 1 10 12 1 1 10 12 1 10 12 1 1 100 1 10 12 1 10 12 1 1 100 1 9 100 12 1 1 1 10 12 1 10 12 1 1 10 12 1 1 10 12 1 1 100 1 9 12 1 1 7 1 7 1 10 12 1 7 1 11 7 12 1 1 1 11 12 1 1 11 7 12 1 1 1 11 7 12 1 1 1 11 12 1 1 11 12 1 11 12 1 10 12 1 1 8 1 10 12 1 10 100 12 1 1 10 12 1 100 1 10 10 12 1 10 12 1 100 1 10 10 12 1 1 10 7 12 1 1 9 100 12 1 1 10 12 1 1 10 100 12 1 1 1 100 1 100 1 100 1 10 8 1 8 1 10 12 1 10 12 1 10 12 1 1 10 10 12 1 1 10 12 1 1 100 1 10 10 12 1 11 7 12 1 1 10 7 12 1 1 1 8 1 10 100 12 1 1 11 11 7 1 8 1 10 100 1 11 10 12 1 10 10 12 1 10 12 1 1 10 12 1 1 10 12 1 1 10 12 1 10 12 1 10 10 12 1 10 12 1 10 12 1 10 10 12 1 1 10 12 1 1 10 10 12 1 10 12 1 10 12 1 10 12 1 10 12 1 1 10 12 1 1 10 12 1 10 12 1 10 12 1 1 10 12 10 12 1 1 10 12 1 1 10 12 1 10 12 1 1 10 12 1 1 10 12 10 11 12 1 4 11 10 12 1 1 10 100 12 1 1 11 12 1 10 12 1 1 10 100 12 1 1 10 12 1 100 1 8 1 10 12 1 10 10 100 12 1 1 1 100 1 6 0 10 12 1 1 11 100 12 1 1 1 10 12 1 10 12 1 1 1 1 1 5 0 1 1 1 1 1 1 1 1 1 1 1 1 1 1 1 1 1 1 1 1 1 1 1 1 1 1 1 1 1 1 1 1 1 1 1 1 1 1 1 100 1 1 1 1 1 1 1 1 1 1 1 1 1 1 1 1 1 1 1 1 100 1 1 1 1 1 1 1 1 1 1 1 1 7 1 7 1 1 1 1 1 100 1 1 1 1 1 1 1 1 1 1 1 1 1 1 1 1 1 1 1 1 1 1 1 1 1 1 1 1 1 1 1 1 1 1 1 1 1 1 1 1 1 1 1 1 1 1 1 1 1 1 1 1 1 1 1 1 1 1 1 1 1 1 1 1 1 1 1 1 1 1 1 1 1 1 1 1 1 7 1 1 1 1 1 1 1 1 1 1 1 100 1 1
staticfield java/util/Properties UNSAFE Ljdk/internal/misc/Unsafe; jdk/internal/misc/Unsafe
instanceKlass java/util/Hashtable
ciInstanceKlass java/util/Dictionary 1 1 36 10 7 12 1 1 1 100 1 1 1 1 1 1 1 1 1 1 1 1 1 1 1 1 1 1 1 1 1 1 1 1 1 1 1 1
instanceKlass java/util/Properties
ciInstanceKlass java/util/Hashtable 1 1 516 7 1 10 7 12 1 1 1 9 7 12 1 1 1 100 1 7 1 10 8 1 10 12 1 1 10 12 1 10 12 1 1 10 12 1 10 7 12 1 1 1 8 1 10 12 1 9 12 1 1 7 1 9 12 1 1 4 10 7 12 1 1 1 9 12 1 4 10 12 1 11 7 12 1 1 1 10 12 1 1 10 12 1 1 9 12 1 10 12 1 1 100 1 10 9 12 1 1 10 7 12 1 1 1 9 12 1 1 10 12 1 10 12 1 3 9 12 1 9 12 1 3 10 12 1 10 12 1 10 12 1 1 11 12 1 1 11 100 12 1 1 1 11 7 12 1 1 1 11 12 1 100 1 11 12 1 11 12 1 10 12 1 1 10 12 1 1 10 12 1 9 12 1 1 9 12 9 12 1 1 10 100 1 7 1 10 12 1 10 8 1 10 10 12 1 8 1 10 8 1 10 100 12 1 1 1 7 1 10 12 1 10 12 1 100 1 10 12 1 10 12 1 1 100 1 10 100 1 10 10 12 1 1 11 12 1 1 11 12 1 7 1 10 10 10 100 12 1 1 11 100 12 1 1 1 100 1 10 11 100 12 1 1 11 100 12 1 10 12 1 10 12 1 1 10 100 12 1 1 10 12 1 1 10 12 1 1 10 12 1 1 10 100 12 1 1 1 8 10 100 12 1 1 100 1 8 1 10 4 4 10 12 1 1 10 12 1 8 1 4 10 12 10 100 12 1 1 1 100 1 11 100 12 1 1 1 10 100 12 1 1 1 10 12 1 10 12 1 1 10 7 1 7 1 1 1 1 1 1 5 0 1 1 1 1 1 3 1 3 1 3 1 1 1 1 1 1 1 1 1 1 1 1 1 1 1 1 1 1 1 1 1 1 1 1 1 100 1 1 1 1 1 1 1 1 1 1 1 1 1 1 1 1 1 1 1 1 1 1 1 1 1 1 1 1 1 7 1 1 1 1 1 1 1 1 1 1 1 1 1 1 7 1 1 1 1 1 1 1 1 1 1 1 1 1 1 1 1 1 1 1 1 1 1 1 1 1 1 1 1 1 1 1 1 1 1 1 1 1 1 1 1 1 1 1 1 100 1 1 1 7 1 1 1 1 1 7 1 1 1 1 1 1 1 1 1 1 1 1 1 1 1 1 1 1
ciInstanceKlass java/lang/String 1 1 1444 10 7 12 1 1 1 8 1 9 7 12 1 1 1 9 12 1 1 9 12 1 1 9 12 1 1 10 12 1 10 12 1 1 10 12 1 1 9 12 1 10 7 12 1 1 1 10 7 1 10 7 12 1 1 1 10 12 1 1 10 12 1 1 10 12 1 10 12 1 1 10 12 1 10 7 12 1 1 1 7 1 9 7 12 1 1 1 10 7 12 1 1 1 10 7 12 1 1 1 10 12 1 1 10 12 1 1 10 12 1 1 10 12 1 1 9 7 12 1 1 10 12 9 7 12 1 1 10 12 1 1 3 10 12 1 1 7 1 11 12 1 1 11 12 1 11 12 1 1 10 7 12 1 1 1 10 12 1 1 9 7 12 1 1 1 10 12 1 1 10 12 1 11 12 1 1 10 12 1 1 10 12 10 12 1 1 10 7 12 1 1 1 10 12 1 1 10 12 1 1 100 1 7 1 10 12 1 10 12 1 10 12 1 1 100 1 10 12 1 1 100 1 10 12 1 1 10 12 1 1 10 12 1 10 10 12 1 100 1 100 1 100 1 10 12 1 10 12 1 1 10 12 1 1 10 12 1 10 12 1 1 10 12 1 1 10 100 12 1 1 100 1 11 10 100 12 1 1 11 12 1 11 12 1 10 12 1 1 10 12 1 10 12 10 12 1 1 10 10 7 12 1 1 1 10 7 12 1 1 10 12 1 1 10 7 12 1 1 10 12 1 10 12 1 1 10 12 1 1 10 12 1 10 12 1 10 12 1 1 100 1 10 12 1 1 10 12 10 12 1 10 12 1 1 10 12 1 1 10 7 12 1 1 1 10 12 1 10 12 1 1 10 12 1 10 12 1 3 3 10 12 1 1 10 12 1 10 12 1 1 10 12 1 1 10 12 1 1 10 12 1 10 12 1 1 10 12 1 1 10 12 1 10 12 1 10 12 1 10 12 1 1 10 12 1 10 12 1 10 12 1 10 12 1 10 12 1 10 12 1 10 7 1 10 8 1 10 12 1 1 10 12 1 8 1 10 12 1 1 10 12 10 12 1 8 1 10 10 12 1 1 10 12 1 1 10 12 1 1 10 7 1 10 10 12 1 10 12 1 10 12 1 10 10 12 1 10 12 1 10 12 1 10 12 1 10 12 1 10 12 1 10 12 1 1 10 12 1 1 10 12 1 1 10 10 12 1 1 10 10 12 1 100 1 10 10 12 1 1 10 12 1 1 10 7 1 10 12 1 10 12 1 10 7 12 1 1 1 10 12 1 10 12 1 1 10 12 1 11 7 1 11 12 10 12 1 10 12 1 1 10 12 1 1 10 10 12 1 10 12 1 9 12 1 1 11 7 12 1 1 1 10 12 10 10 12 1 10 12 1 1 10 10 12 1 10 12 1 10 12 1 1 10 12 1 1 10 10 12 1 1 10 12 1 10 10 12 1 10 12 10 10 12 10 10 12 1 10 12 1 10 10 12 10 7 12 1 1 1 10 12 10 10 12 10 12 1 10 12 10 12 10 10 12 1 10 12 1 1 10 12 1 1 10 10 12 1 10 7 12 1 1 1 10 12 1 1 10 10 7 12 1 1 1 11 10 12 1 10 12 1 1 10 12 1 1 10 7 12 1 1 1 10 12 1 10 12 1 10 12 1 10 12 1 10 12 1 10 12 1 100 1 7 1 8 1 10 10 10 12 1 10 12 1 1 8 1 10 12 1 3 3 10 12 1 10 12 1 1 10 12 7 1 10 10 12 1 1 10 12 1 10 12 1 10 12 1 1 10 12 1 1 11 7 12 1 1 1 7 1 10 12 1 10 12 1 1 8 1 10 12 1 1 10 12 1 11 7 12 1 1 1 11 7 12 1 1 11 12 1 10 12 1 10 12 1 1 10 10 7 12 1 1 1 10 12 1 10 12 1 10 10 12 10 12 1 1 10 10 12 1 10 10 12 1 10 10 12 1 10 10 12 1 10 12 1 1 10 10 12 1 8 1 10 12 1 1 18 12 1 1 11 100 12 1 1 1 7 1 3 18 12 1 18 12 1 8 1 10 100 12 1 1 1 11 12 1 1 10 12 10 10 12 1 10 11 12 1 1 10 12 1 1 11 12 1 18 3 11 10 12 1 11 11 10 12 1 10 12 1 1 8 1 10 12 1 10 12 1 10 12 1 1 10 10 12 1 11 100 12 1 100 1 100 1 10 12 100 1 10 10 100 12 1 1 1 100 1 10 100 1 10 10 12 1 10 10 12 1 8 1 10 10 12 1 8 1 8 1 10 12 1 10 12 1 10 10 12 10 7 12 1 1 10 7 12 1 1 10 7 12 1 1 8 1 10 12 1 10 12 1 10 9 12 1 10 12 9 7 12 1 1 1 10 12 1 10 12 1 10 12 1 10 12 1 10 12 1 8 1 10 100 12 1 1 1 10 12 10 12 1 1 10 12 10 10 12 10 12 7 1 9 12 1 1 7 1 10 7 1 7 1 7 1 7 1 1 1 1 1 1 5 0 1 1 1 1 1 3 1 3 1 1 1 1 1 1 1 1 1 1 1 1 1 1 1 100 1 1 1 1 1 1 1 1 1 1 1 1 1 1 1 1 1 1 1 1 1 1 1 1 1 1 1 1 1 1 1 100 1 1 1 1 1 1 1 1 1 1 1 7 1 1 1 1 1 1 1 1 1 1 1 1 1 1 1 1 1 1 1 1 1 1 1 1 1 1 1 1 1 1 1 1 1 1 1 1 1 1 1 1 1 1 1 1 1 1 1 1 1 1 1 1 1 1 1 1 1 1 1 1 1 1 1 1 1 1 1 1 1 1 1 1 1 1 1 1 1 1 1 1 1 1 1 1 1 1 1 1 1 1 1 1 1 1 1 1 1 1 1 1 1 1 1 1 1 1 1 1 1 1 1 1 1 1 1 1 1 1 1 1 1 1 1 1 1 1 1 1 1 1 1 1 1 1 1 1 1 1 1 1 1 1 1 1 1 1 1 1 1 1 1 1 1 1 1 1 1 1 1 1 1 1 1 1 1 1 1 1 1 1 1 1 1 1 1 100 1 1 1 1 1 1 1 1 1 1 1 1 1 1 1 1 1 1 1 1 1 1 1 100 1 1 1 1 1 1 1 1 1 1 1 1 1 1 1 7 1 1 1 1 1 1 1 1 1 1 1 1 1 1 1 16 15 10 12 16 15 10 12 15 10 12 15 10 12 15 10 100 12 1 1 1 1 1 1 1 100 1 100 1 1 1
staticfield java/lang/String COMPACT_STRINGS Z 1
staticfield java/lang/String serialPersistentFields [Ljava/io/ObjectStreamField; 0 [Ljava/io/ObjectStreamField;
staticfield java/lang/String CASE_INSENSITIVE_ORDER Ljava/util/Comparator; java/lang/String$CaseInsensitiveComparator
ciMethod java/lang/String length ()I 972 0 505936 0 112
ciInstanceKlass java/lang/constant/ConstantDesc 1 0 37 100 1 100 1 1 1 1 100 1 1 1 1 100 1 100 1 100 1 100 1 100 1 100 1 100 1 100 1 100 1 1 100 1 100 1 1
ciInstanceKlass java/lang/InternalError 0 0 34 10 100 12 1 1 1 10 12 1 10 12 1 10 12 1 100 1 1 1 1 5 0 1 1 1 1 1 1 1 1 1 1 1
instanceKlass java/lang/AssertionError
instanceKlass java/lang/VirtualMachineError
instanceKlass java/lang/LinkageError
ciInstanceKlass java/lang/Error 1 1 40 10 7 12 1 1 1 10 12 1 10 12 1 10 12 1 10 12 1 100 1 1 1 1 5 0 1 1 1 1 1 1 1 1 1 1 1 1 1 1
instanceKlass java/lang/StackOverflowError
instanceKlass java/lang/OutOfMemoryError
instanceKlass java/lang/InternalError
ciInstanceKlass java/lang/VirtualMachineError 1 1 34 10 100 12 1 1 1 10 12 1 10 12 1 10 12 1 100 1 1 1 1 5 0 1 1 1 1 1 1 1 1 1 1 1
ciInstanceKlass java/util/Iterator 1 1 53 100 1 8 1 10 12 1 1 10 7 12 1 1 1 11 7 12 1 1 1 11 12 1 1 11 7 12 1 1 1 7 1 1 1 1 1 1 1 1 1 1 1 1 1 1 1 1 1 1 1 1 1
instanceKlass com/sun/javafx/iio/png/PNGIDATChunkInputStream
instanceKlass java/io/SequenceInputStream
instanceKlass java/util/zip/ZipFile$ZipFileInputStream
instanceKlass java/io/FilterInputStream
instanceKlass java/io/FileInputStream
instanceKlass java/io/ByteArrayInputStream
ciInstanceKlass java/io/InputStream 1 1 195 7 1 10 7 12 1 1 1 100 1 10 10 7 12 1 1 1 10 7 12 1 1 1 10 12 1 100 1 3 10 12 1 1 100 1 8 1 10 12 1 10 7 12 1 1 1 3 7 1 8 1 10 10 7 12 1 1 1 7 1 10 11 7 12 1 1 1 10 12 1 1 11 12 1 1 11 7 12 1 1 1 11 12 1 1 7 1 10 7 12 1 1 1 5 0 10 12 1 10 12 1 1 100 1 10 8 1 10 8 1 8 1 10 12 1 1 10 100 12 1 1 1 7 1 5 0 10 12 1 100 1 7 1 1 1 1 3 1 3 1 1 1 1 1 1 1 1 1 1 1 1 1 1 1 1 1 1 1 1 1 1 1 1 1 1 1 1 1 1 1 1 1 1 1 1 1 1 1 1 1 1 1 1 1 1 1 1 1 1 1 1 1 1 1
ciInstanceKlass jdk/internal/misc/Unsafe 1 1 1287 10 7 12 1 1 1 9 7 12 1 1 1 9 12 1 1 10 12 1 1 10 7 12 1 1 1 10 12 1 1 10 12 1 1 10 12 1 1 10 12 1 1 10 12 1 1 10 12 1 1 10 12 1 1 10 12 1 1 10 12 1 1 10 12 1 1 10 12 1 1 10 12 1 1 10 12 1 1 10 12 1 10 12 1 100 1 10 10 12 1 1 10 12 1 1 5 0 10 12 1 1 10 12 1 1 10 7 12 1 1 1 10 12 1 1 10 12 1 10 12 1 10 12 1 1 10 12 1 1 10 12 1 10 12 1 7 1 7 1 10 8 1 10 12 1 1 10 12 1 8 1 10 12 1 1 10 12 1 10 12 1 10 12 1 1 10 12 1 10 12 1 1 10 12 1 1 10 12 1 10 12 1 10 12 1 10 12 1 1 10 12 1 10 12 1 10 12 1 1 10 12 1 5 0 5 0 5 0 10 12 1 10 12 1 10 12 1 10 12 1 10 12 1 10 12 1 10 12 1 10 12 1 10 12 1 1 10 12 1 10 12 1 7 1 8 1 10 100 1 10 10 12 1 1 10 12 1 1 10 12 1 10 12 1 1 10 12 1 1 10 12 1 10 12 1 1 10 12 1 9 7 12 1 1 9 12 1 100 1 10 10 12 1 1 8 1 10 8 1 8 1 10 12 1 1 9 7 12 1 1 1 9 7 1 9 7 1 9 7 1 9 9 7 1 9 7 1 9 7 1 10 12 1 1 10 12 1 1 10 12 1 1 10 12 1 1 5 0 5 0 9 12 1 1 10 12 1 10 12 1 10 12 1 1 10 12 1 1 10 12 1 8 1 3 10 12 1 1 10 12 1 1 10 12 1 10 12 1 1 10 12 1 1 10 12 1 10 12 1 10 12 1 10 12 1 10 12 1 10 12 1 1 10 12 1 1 10 12 1 10 12 1 10 12 1 10 12 1 10 12 1 10 12 1 1 10 12 1 1 10 12 1 10 12 1 10 12 1 10 12 1 10 12 1 10 12 1 1 10 12 1 1 10 12 1 1 10 12 1 1 10 12 1 10 12 1 10 12 1 10 12 1 10 12 1 10 12 1 10 12 1 1 10 12 1 1 10 12 1 10 12 1 10 12 1 10 12 1 10 12 1 10 12 1 10 12 1 1 10 12 1 1 10 12 1 10 12 1 10 12 1 10 12 1 10 12 1 10 12 1 10 12 1 10 12 1 1 10 12 1 10 12 1 10 12 1 10 12 1 10 12 1 1 10 12 1 10 12 1 10 12 1 10 12 1 10 12 1 10 12 1 10 12 1 10 12 1 1 10 12 1 10 12 1 10 12 1 10 12 1 10 12 1 10 12 1 1 10 12 1 10 12 1 10 12 1 1 10 12 1 10 12 1 10 12 1 10 12 1 10 12 1 10 12 1 10 12 1 10 12 1 10 12 1 10 12 1 10 12 1 10 12 1 10 12 1 10 12 1 10 12 1 10 12 1 10 12 1 10 12 1 10 12 1 10 12 1 10 12 1 10 12 1 10 12 1 100 1 10 100 1 10 9 12 1 5 0 10 12 1 1 5 0 10 12 1 5 0 10 12 1 10 12 1 10 12 1 1 10 12 1 1 10 12 1 10 12 1 10 12 1 10 12 1 1 10 12 1 10 12 1 10 12 1 10 12 1 10 12 1 1 10 12 1 10 12 1 10 12 1 10 12 1 1 10 12 1 10 12 1 10 12 1 1 10 12 1 10 12 1 10 12 1 10 12 1 1 10 12 1 10 10 12 1 1 10 12 1 10 12 1 1 10 12 1 10 12 5 0 5 0 5 0 10 12 1 1 10 12 1 10 12 1 10 12 10 100 12 1 1 8 1 100 1 11 12 1 1 8 1 11 12 1 1 10 100 12 1 1 10 12 1 10 12 1 10 12 1 10 12 1 10 12 1 1 10 12 1 10 12 1 10 12 1 10 12 1 10 12 1 10 12 1 10 7 1 10 12 1 9 12 1 7 1 9 12 1 7 1 9 12 1 7 1 9 12 1 7 1 9 12 1 7 1 9 12 1 7 1 9 12 1 7 1 9 12 1 7 1 9 12 1 10 12 1 9 12 1 9 12 1 9 12 1 9 12 1 9 12 1 9 12 1 9 12 1 9 12 1 9 12 1 9 12 1 1 1 3 1 1 1 1 1 1 1 1 1 1 1 1 1 1 1 1 1 1 1 1 1 1 1 1 1 1 1 1 1 1 1 1 1 1 1 1 1 1 1 1 1 1 1 1 1 1 1 1 1 1 1 1 1 1 1 1 1 1 1 1 1 1 1 1 1 1 1 1 1 1 1 1 1 1 1 1 1 1 1 1 1 1 1 1 1 1 1 1 1 100 1 1 1 1 1 1 1 1 1 1 1 1 1 1 1 1 1 1 1 1 1 1 1 1 1 1 1 1 1 1 1 1 1 1 1 1 1 1 1 1 1 1 1 1 1 1 1 1 1 1 1 1 1 1 1 1 1 1 1 1 1 1 1 1 1 1 1 1 1 1 1 1 1 1 1 1 1 1 1 1 1 1 1 1 1 1 1 1 1 1 1 1 1 1 1 1 1 1 1 1 1 1 1 1 1 1 1 1 1 1 1 1 1 1 1 1 1 1 1 1 1 1 1 1 1 1 1 1 1 1 1 1 1 1 1 1 1 1 1 1 1 1 1 1 1 1 1 1 1 1 1 1 1 1 1 1 1 1 1 1 1 1 1 1 1 1 1 1 1 1 1 1 1 1 1 1 1 1 1 1 1 1 1 1 1 1 1 1 1 1 1 1 1 1 1 1 1 1 1 1 1 1 1 1 1 1 3 1 1 1 1 1 1 1 1 1 1 1 1 1 1 1 1 1 1 1 1 1
staticfield jdk/internal/misc/Unsafe theUnsafe Ljdk/internal/misc/Unsafe; jdk/internal/misc/Unsafe
staticfield jdk/internal/misc/Unsafe ARRAY_BOOLEAN_BASE_OFFSET I 16
staticfield jdk/internal/misc/Unsafe ARRAY_BYTE_BASE_OFFSET I 16
staticfield jdk/internal/misc/Unsafe ARRAY_SHORT_BASE_OFFSET I 16
staticfield jdk/internal/misc/Unsafe ARRAY_CHAR_BASE_OFFSET I 16
staticfield jdk/internal/misc/Unsafe ARRAY_INT_BASE_OFFSET I 16
staticfield jdk/internal/misc/Unsafe ARRAY_LONG_BASE_OFFSET I 16
staticfield jdk/internal/misc/Unsafe ARRAY_FLOAT_BASE_OFFSET I 16
staticfield jdk/internal/misc/Unsafe ARRAY_DOUBLE_BASE_OFFSET I 16
staticfield jdk/internal/misc/Unsafe ARRAY_OBJECT_BASE_OFFSET I 16
staticfield jdk/internal/misc/Unsafe ARRAY_BOOLEAN_INDEX_SCALE I 1
staticfield jdk/internal/misc/Unsafe ARRAY_BYTE_INDEX_SCALE I 1
staticfield jdk/internal/misc/Unsafe ARRAY_SHORT_INDEX_SCALE I 2
staticfield jdk/internal/misc/Unsafe ARRAY_CHAR_INDEX_SCALE I 2
staticfield jdk/internal/misc/Unsafe ARRAY_INT_INDEX_SCALE I 4
staticfield jdk/internal/misc/Unsafe ARRAY_LONG_INDEX_SCALE I 8
staticfield jdk/internal/misc/Unsafe ARRAY_FLOAT_INDEX_SCALE I 4
staticfield jdk/internal/misc/Unsafe ARRAY_DOUBLE_INDEX_SCALE I 8
staticfield jdk/internal/misc/Unsafe ARRAY_OBJECT_INDEX_SCALE I 4
staticfield jdk/internal/misc/Unsafe ADDRESS_SIZE I 8
instanceKlass jdk/internal/reflect/DelegatingClassLoader
instanceKlass java/security/SecureClassLoader
ciInstanceKlass java/lang/ClassLoader 1 1 1108 9 7 12 1 1 1 10 7 12 1 1 1 9 12 1 1 10 7 12 1 1 1 7 1 10 12 1 1 10 12 1 1 9 12 1 1 10 12 1 1 100 1 10 12 1 10 12 1 1 10 7 12 1 1 1 100 1 8 1 10 12 1 10 7 12 1 1 1 10 7 12 1 10 7 1 10 7 1 7 1 7 1 10 12 1 10 12 1 9 12 1 1 10 10 7 12 1 1 1 9 12 1 1 9 12 1 9 12 1 1 9 12 1 9 12 1 1 9 12 1 1 7 1 10 12 1 9 12 1 1 10 12 1 1 10 7 12 1 1 1 9 12 1 9 12 1 1 9 12 1 10 12 1 1 9 12 10 12 1 1 7 1 10 8 1 10 12 1 1 10 12 1 10 7 1 7 1 10 12 1 1 10 7 12 1 1 1 8 1 10 12 1 10 12 1 10 12 1 1 10 12 1 1 10 12 1 1 10 12 1 1 10 12 1 1 10 12 1 7 1 10 12 1 10 100 12 1 1 1 10 12 1 1 10 12 1 10 12 1 10 12 1 10 12 1 10 12 1 1 10 10 12 1 10 12 1 10 100 12 1 1 10 12 1 1 10 12 1 1 10 12 1 100 1 10 12 1 7 1 10 12 1 10 7 12 1 1 1 10 10 12 1 1 10 12 1 1 7 1 8 1 10 8 1 10 12 1 10 12 1 100 1 8 1 10 12 1 1 10 12 1 1 10 10 12 1 1 10 12 1 1 10 12 1 1 10 7 1 10 12 1 1 10 12 1 1 10 12 1 1 10 12 1 1 10 12 1 1 10 12 1 1 10 12 1 10 7 12 1 1 1 10 12 1 10 12 1 10 12 1 1 10 12 1 10 12 1 10 12 1 10 12 1 1 10 12 1 10 12 1 1 8 1 9 12 1 10 12 1 1 8 1 8 1 10 7 12 1 1 100 1 10 10 12 10 12 1 10 12 1 10 12 1 10 12 1 1 10 7 12 1 1 10 12 1 10 7 1 7 1 10 12 1 1 10 12 1 10 7 1 10 12 1 100 1 18 12 1 10 100 12 1 1 1 10 100 12 1 1 1 10 7 12 1 1 10 12 1 10 12 1 100 1 10 12 1 8 1 10 10 12 1 1 10 12 1 10 12 1 1 100 1 10 12 1 10 12 1 1 10 7 12 1 1 10 12 1 8 1 100 1 10 10 12 1 9 12 1 10 7 12 1 1 10 12 1 7 1 8 1 10 12 1 10 8 1 8 1 10 12 1 1 10 12 1 1 10 12 1 1 10 7 12 1 1 7 1 100 1 10 12 1 1 7 1 7 1 10 7 12 1 1 10 12 1 10 12 1 1 10 12 1 10 12 1 1 10 12 1 1 9 100 12 1 1 1 10 12 1 1 10 12 1 10 12 1 10 12 1 1 10 12 1 8 1 7 1 18 12 1 1 10 12 1 1 10 12 1 10 12 1 10 12 1 8 1 10 12 1 10 12 1 18 12 1 11 100 12 1 1 1 100 1 10 12 1 1 10 12 1 10 11 12 1 1 10 18 10 12 1 1 11 7 12 1 18 12 1 11 12 1 1 10 12 10 12 1 1 10 12 1 1 7 1 8 1 10 10 12 1 8 1 8 1 10 100 12 1 1 10 12 1 100 1 10 10 12 1 8 1 8 1 8 1 10 12 1 10 12 1 1 10 12 1 10 7 12 1 1 1 11 7 12 1 1 100 1 10 11 10 12 1 10 12 1 10 12 1 1 9 7 12 1 1 9 12 1 1 9 12 9 12 1 9 12 1 9 12 1 8 10 12 1 1 10 7 12 1 1 1 10 12 1 1 10 12 1 1 10 12 1 10 10 12 1 11 12 1 1 10 100 12 1 1 1 100 1 10 12 1 10 12 1 10 12 1 1 1 1 1 1 1 1 1 1 1 1 1 1 1 1 1 1 1 1 1 1 1 1 1 1 1 1 100 1 1 1 1 1 1 1 1 1 1 1 1 1 1 1 1 1 1 1 1 1 100 1 1 1 1 1 1 1 1 1 1 100 1 1 1 1 1 1 1 1 1 1 1 1 1 1 1 1 1 1 1 1 1 1 1 1 1 1 1 1 1 1 1 1 1 1 1 1 1 1 1 1 1 100 1 1 1 1 1 1 1 1 1 1 1 1 1 1 1 1 1 1 1 7 1 1 1 1 1 1 1 1 1 1 1 1 1 1 1 1 1 1 1 1 1 1 1 1 1 1 1 1 1 1 1 1 1 1 1 1 1 1 1 1 1 1 1 1 1 1 1 1 1 1 100 1 1 1 1 1 1 1 1 1 1 1 1 1 1 1 1 1 1 1 1 1 1 1 1 1 1 1 1 1 1 1 1 1 1 1 1 1 1 1 1 1 1 1 1 1 1 16 1 15 10 12 16 1 16 15 10 12 16 1 16 1 15 10 12 16 15 10 12 16 15 10 12 16 15 10 7 12 1 1 1 1 1 100 1 100 1 1
staticfield java/lang/ClassLoader nocerts [Ljava/security/cert/Certificate; 0 [Ljava/security/cert/Certificate;
staticfield java/lang/ClassLoader $assertionsDisabled Z 1
ciInstanceKlass java/lang/reflect/Constructor 1 1 439 10 100 12 1 1 1 10 100 12 1 1 9 7 12 1 1 1 10 12 1 1 10 12 1 1 10 100 12 1 1 9 12 1 1 10 7 12 1 1 1 9 12 1 1 9 12 1 1 9 12 1 9 12 1 1 9 12 1 9 12 1 1 9 12 1 1 9 12 1 100 1 8 1 10 12 1 10 12 1 9 12 1 1 10 7 12 1 1 10 7 12 1 1 1 10 12 1 1 10 12 1 1 10 12 1 7 1 100 1 8 1 10 10 12 1 10 12 1 10 12 1 1 10 12 1 1 9 100 12 1 1 1 10 7 12 1 1 10 12 1 1 10 12 1 10 12 1 1 10 7 12 1 1 1 10 100 12 1 1 10 12 1 1 10 12 1 10 7 12 1 1 1 8 1 10 10 12 1 100 1 8 1 10 12 1 10 12 1 1 10 12 1 1 10 12 1 10 12 1 10 12 1 1 10 12 1 1 9 12 1 1 10 12 1 1 10 12 1 1 10 12 1 1 11 7 12 1 1 1 10 12 1 1 10 12 1 10 12 1 10 12 1 8 1 9 12 1 1 10 7 12 1 1 1 10 7 12 1 1 10 12 1 1 10 12 1 1 10 12 1 1 10 12 1 1 10 12 1 9 7 12 1 1 10 12 1 10 12 1 10 12 1 100 1 8 1 10 10 12 1 1 10 12 1 10 10 12 1 1 10 12 1 1 10 100 12 1 1 1 11 100 12 1 1 1 10 12 1 1 9 100 12 1 1 1 10 100 12 1 1 1 10 12 1 1 1 1 1 1 1 1 1 1 1 1 1 1 1 1 1 1 1 1 1 1 1 1 1 1 1 1 1 1 1 1 1 1 1 1 1 1 1 1 1 1 1 1 1 1 1 1 1 1 1 1 100 1 100 1 100 1 100 1 1 1 1 1 1 1 1 1 1 1 1 1 1 1 1 1 1 1 1 1 1 1 1 1 1 1 1 1 1 1 1 1 100 1 1
instanceKlass java/lang/reflect/Executable
instanceKlass java/lang/reflect/Field
ciInstanceKlass java/lang/reflect/AccessibleObject 1 1 400 10 7 12 1 1 1 9 100 12 1 1 1 10 7 12 1 1 1 10 7 12 1 1 10 7 12 1 1 1 10 100 12 1 1 1 10 12 1 1 10 12 1 1 9 12 1 1 7 1 10 7 12 1 1 1 11 12 1 7 1 10 12 1 7 1 100 1 10 12 1 10 12 1 1 10 12 1 1 10 12 1 1 10 12 1 1 7 1 10 7 12 1 1 1 10 12 1 1 11 10 7 12 1 1 1 10 12 1 1 10 12 1 10 12 1 10 12 1 1 10 12 1 8 1 7 1 7 1 10 10 12 1 1 8 1 10 12 1 10 12 1 8 1 8 1 8 1 8 1 8 1 8 1 8 1 8 1 8 1 100 1 10 12 1 10 12 1 9 12 1 1 10 12 1 1 10 12 1 10 7 1 100 1 8 1 10 8 1 10 12 1 8 1 10 12 1 10 12 1 1 10 100 1 8 1 10 11 7 12 1 1 1 10 12 1 1 10 12 1 1 10 12 1 1 9 12 1 1 100 1 10 12 1 7 1 10 12 1 10 12 1 1 10 100 1 10 12 1 10 12 10 12 1 10 12 1 10 12 1 1 10 12 1 9 12 1 10 100 12 1 1 8 1 10 100 12 1 1 1 8 1 10 7 12 1 1 1 9 12 1 7 1 10 7 1 10 10 7 12 1 1 1 7 1 10 10 7 12 1 1 1 7 1 9 12 1 1 1 1 1 1 1 1 1 1 1 1 1 1 1 1 1 1 1 1 1 1 1 1 1 1 1 1 1 1 1 1 1 1 1 1 1 1 1 1 1 1 1 1 1 1 1 1 1 1 1 1 1 1 1 1 1 1 1 1 1 1 1 1 1 1 1 1 1 1 1 1 1 1 1 1 1 1 1 1 1 1 1 1
staticfield java/lang/reflect/AccessibleObject reflectionFactory Ljdk/internal/reflect/ReflectionFactory; jdk/internal/reflect/ReflectionFactory
instanceKlass java/lang/reflect/Constructor
instanceKlass java/lang/reflect/Method
ciInstanceKlass java/lang/reflect/Executable 1 1 581 10 7 12 1 1 1 10 7 12 1 1 1 10 7 12 1 1 1 11 7 12 1 1 1 10 7 12 1 1 1 10 12 1 1 10 7 12 1 1 1 10 7 12 1 1 1 10 12 1 8 1 10 10 12 1 1 10 12 1 1 10 100 12 1 1 1 18 12 1 1 11 100 12 1 1 1 8 1 8 1 8 1 10 100 12 1 1 1 11 12 1 1 7 1 8 1 8 1 10 12 1 7 1 8 1 10 12 1 8 1 11 100 12 1 1 1 7 1 11 7 12 1 1 1 11 12 1 8 1 18 8 1 10 12 1 10 12 1 1 18 8 1 10 12 1 100 1 10 12 1 10 12 1 11 12 1 10 12 1 1 8 1 8 1 10 12 1 1 10 12 1 1 10 10 12 1 9 100 12 1 1 1 10 100 12 1 1 1 10 12 1 10 12 1 1 10 100 12 1 1 10 12 1 10 12 1 10 12 1 10 7 12 1 1 7 1 10 100 12 1 1 1 10 12 1 1 10 7 12 1 1 10 12 1 10 12 1 1 9 100 12 1 1 1 10 100 10 12 1 8 1 10 12 1 10 12 1 3 100 1 8 1 10 12 1 10 12 1 10 10 12 1 10 12 1 1 8 1 8 1 8 1 9 12 1 1 9 12 1 10 12 1 100 1 8 1 10 12 1 10 12 1 10 12 1 1 10 12 1 1 10 12 1 10 12 10 12 1 7 1 10 12 1 10 12 1 1 100 1 10 7 12 1 1 1 7 1 10 7 12 1 1 1 10 12 1 1 11 7 12 1 1 10 12 1 10 100 12 1 1 1 10 12 1 1 9 12 1 10 12 1 1 10 12 1 10 12 1 1 9 100 12 1 1 1 10 100 12 1 1 1 10 12 1 10 12 1 1 9 12 1 10 10 10 10 100 12 1 1 1 10 12 1 9 12 1 10 12 1 1 9 12 1 7 1 7 1 1 1 1 1 1 1 1 1 1 1 1 1 1 1 1 1 1 1 1 1 1 1 1 1 1 1 1 1 1 1 1 1 1 1 1 100 1 1 1 1 1 1 1 1 1 1 1 1 1 1 1 1 1 1 1 100 1 1 1 1 1 1 1 1 1 1 1 1 1 1 1 1 1 1 1 1 1 1 1 1 1 1 1 1 1 1 1 1 1 1 1 1 1 1 1 1 1 1 1 7 1 1 1 1 1 1 1 1 1 1 1 1 1 1 1 1 1 1 1 1 1 1 7 1 1 16 15 16 1 16 1 15 10 12 16 15 10 100 12 1 1 1 1 1 1 100 1 1 100 1 100 1 1
ciInstanceKlass java/lang/reflect/Member 1 1 37 100 1 10 12 1 1 100 1 100 1 1 1 1 3 1 3 1 1 1 1 1 1 1 1 1 1 1 1 1 1 1 1 1 1 1 1
instanceKlass com/sun/scenario/effect/ImageData$1
instanceKlass com/sun/scenario/effect/impl/ImagePool$1
instanceKlass com/sun/prism/impl/PrismTrace$1
instanceKlass java/util/logging/LogManager$Cleaner
instanceKlass com/sun/glass/ui/InvokeLaterDispatcher
instanceKlass com/sun/javafx/tk/quantum/PerformanceTrackerHelper$1$1
instanceKlass com/sun/javafx/tk/quantum/QuantumToolkit$1
instanceKlass java/util/concurrent/ForkJoinWorkerThread
instanceKlass jdk/internal/misc/InnocuousThread
instanceKlass java/lang/ref/Finalizer$FinalizerThread
instanceKlass java/lang/ref/Reference$ReferenceHandler
instanceKlass java/lang/BaseVirtualThread
ciInstanceKlass java/lang/Thread 1 1 870 10 7 12 1 1 1 9 12 1 1 10 7 12 1 1 10 12 1 10 100 12 1 1 100 1 8 1 10 12 1 1 9 12 1 9 12 1 1 9 12 1 1 7 1 10 12 1 1 10 12 1 10 100 12 1 1 1 10 12 9 12 1 1 10 12 1 7 1 10 12 1 100 1 8 1 10 9 100 12 1 1 1 10 12 1 1 10 12 1 1 10 12 1 1 10 12 1 10 12 1 1 3 8 1 7 1 5 0 10 7 12 1 1 1 9 12 1 10 12 1 1 10 7 12 1 1 1 10 7 12 1 1 1 10 12 1 1 10 12 1 1 9 12 1 1 10 7 1 8 1 10 7 1 10 12 1 9 12 1 1 10 7 12 1 1 1 10 10 12 1 1 9 100 12 1 1 1 10 12 1 1 10 12 1 1 10 7 12 1 1 10 12 1 10 12 1 10 7 12 1 1 9 12 1 10 7 12 1 1 1 10 12 1 1 9 12 1 1 9 12 1 1 10 7 12 1 1 1 9 12 1 1 10 100 12 1 1 10 100 12 1 1 1 10 12 1 10 12 1 10 7 12 1 1 9 12 1 8 1 9 7 12 1 1 9 12 1 1 5 0 100 1 10 100 1 10 100 1 10 7 1 10 8 1 10 12 1 1 10 7 12 1 10 12 1 10 12 1 100 1 8 1 10 10 12 1 10 12 1 1 10 100 12 1 1 1 10 100 12 1 1 1 10 12 1 7 1 9 12 1 1 100 1 10 10 12 1 9 12 1 1 10 12 1 1 10 12 1 1 10 12 1 10 12 1 9 12 1 1 10 10 12 1 1 10 12 1 1 11 7 12 1 1 10 7 12 1 1 9 12 1 9 12 1 1 9 12 1 1 10 100 12 1 1 10 12 1 1 9 100 12 1 1 1 10 100 12 1 1 10 12 1 10 12 1 100 1 10 10 12 9 12 1 1 10 12 1 11 100 12 1 1 10 12 1 10 12 1 10 12 1 9 12 1 10 10 12 1 10 12 1 1 9 12 1 9 12 10 12 1 8 1 10 12 1 10 12 1 10 12 1 10 12 1 10 12 1 1 10 12 1 10 12 1 1 10 12 1 10 12 1 10 12 1 10 12 1 10 12 1 1 9 7 12 1 1 1 8 1 10 9 12 1 10 12 1 7 1 8 1 10 10 12 1 8 1 10 12 1 1 9 12 10 12 8 1 10 10 12 1 10 12 1 8 1 10 12 1 10 8 1 10 100 12 1 1 10 12 1 1 100 1 8 1 10 9 12 1 9 12 1 1 10 12 1 1 10 10 12 1 10 12 1 100 10 7 12 1 1 1 9 12 1 10 12 1 1 10 12 1 1 10 100 12 1 1 1 11 7 12 1 1 1 9 100 12 1 1 1 10 100 12 1 1 1 7 1 10 12 1 100 1 10 12 1 10 12 1 1 10 12 1 1 8 1 9 12 1 10 12 1 10 12 1 1 11 7 12 1 1 1 10 12 1 1 1 1 3 1 3 1 3 1 3 1 1 1 1 1 1 1 1 1 1 1 1 1 1 1 1 1 1 1 1 1 7 1 1 1 1 1 1 1 1 1 1 1 1 1 1 1 1 1 1 1 1 1 1 100 1 1 1 1 1 1 1 1 1 1 1 1 1 1 1 1 7 1 7 1 1 1 1 1 1 1 1 1 1 1 1 1 1 1 1 1 1 1 1 1 1 1 1 1 1 1 1 1 1 1 1 1 1 1 1 1 1 1 1 1 1 1 1 1 1 1 1 1 1 1 1 1 1 1 1 1 1 1 1 1 1 1 1 1 1 1 1 1 1 1 1 1 1 1 1 100 100 1 1 1 1 1 1 1 1 1 1 1 1 1 1 1 1 1 1 1 1 1 1 1 1 1 1 100 1 100 1 100 1 100 1 100 1 1 100 1 1 1 1 1 1 1 1 1 1 1 1 1 1 1
staticfield java/lang/Thread NEW_THREAD_BINDINGS Ljava/lang/Object; java/lang/Class
staticfield java/lang/Thread EMPTY_STACK_TRACE [Ljava/lang/StackTraceElement; 0 [Ljava/lang/StackTraceElement;
ciInstanceKlass java/lang/Runnable 1 1 11 100 1 100 1 1 1 1 1 1 1
ciInstanceKlass java/net/URL 1 1 771 10 7 12 1 1 1 10 12 1 10 7 12 1 1 9 12 1 1 9 12 1 10 7 12 1 1 1 10 12 1 1 10 12 1 1 9 12 1 1 10 7 12 1 1 1 8 1 10 12 1 1 7 1 10 10 12 1 1 8 1 10 12 1 1 9 12 1 7 1 8 1 10 12 1 10 12 1 8 1 9 12 1 10 12 1 1 9 12 1 10 12 1 10 12 1 9 12 1 9 12 1 8 1 9 12 1 10 12 1 1 8 1 9 12 1 1 10 12 1 1 10 7 12 1 1 1 8 1 10 12 1 7 1 10 12 1 10 12 1 10 12 1 10 12 1 1 10 12 1 1 8 1 10 12 1 1 10 12 1 8 1 9 12 1 8 1 10 12 1 10 7 12 1 1 1 7 1 10 12 1 10 12 1 1 10 7 12 1 1 1 100 1 8 1 10 10 12 1 8 1 10 12 1 1 10 12 1 10 12 1 10 12 1 10 12 1 10 12 1 10 12 1 8 1 10 12 1 8 1 10 10 100 1 10 10 12 1 8 1 10 7 12 1 1 1 10 12 1 9 100 12 1 1 1 10 7 12 1 1 1 9 12 1 1 10 12 1 10 100 12 1 1 1 100 1 100 1 10 12 1 10 12 1 10 12 1 10 12 1 10 12 1 10 12 10 10 12 1 10 12 1 10 12 1 1 8 1 9 100 12 1 1 1 10 100 12 1 1 1 10 12 1 1 9 100 12 1 1 1 10 12 1 1 100 1 10 12 1 10 12 1 10 10 12 1 1 10 12 1 1 10 12 1 10 12 1 10 12 1 10 7 12 1 1 1 10 12 1 1 10 12 1 9 12 1 1 9 12 1 1 7 1 8 1 10 10 12 1 9 12 1 1 10 7 12 1 1 8 1 10 7 12 1 1 8 1 10 12 1 1 10 12 1 8 1 8 1 10 7 12 1 1 1 7 1 10 7 12 1 1 1 10 12 1 10 12 1 100 1 10 9 100 12 1 1 1 10 100 12 1 1 10 12 1 1 10 12 1 8 1 100 1 10 10 7 12 1 1 1 10 12 1 8 9 100 12 1 1 1 10 12 1 1 10 12 1 10 12 1 1 10 7 12 1 1 11 7 12 1 1 10 12 1 10 12 1 9 12 1 10 12 1 1 10 100 12 1 1 10 100 12 1 1 1 8 10 100 12 1 1 100 1 10 8 8 10 12 1 8 8 8 100 1 10 12 1 9 12 1 1 10 12 1 10 12 1 1 10 12 1 10 12 10 12 1 1 10 12 1 1 10 10 10 12 1 10 12 1 10 12 1 10 12 1 10 12 1 10 10 12 1 100 1 8 1 10 10 10 12 1 1 10 12 1 10 12 1 1 8 1 7 1 10 10 7 1 10 12 1 9 7 12 1 1 1 9 12 1 1 7 1 10 10 7 12 1 1 1 7 1 1 1 1 1 5 0 1 1 1 1 1 1 1 1 1 1 1 1 1 1 1 1 1 1 1 1 1 1 1 1 1 1 1 1 1 1 1 1 1 1 1 1 1 1 1 1 1 1 1 1 1 1 1 1 7 1 1 1 1 1 1 1 1 1 1 1 1 1 1 1 1 1 1 1 1 1 1 1 1 1 1 1 1 1 1 1 1 1 1 1 1 1 100 1 1 1 1 1 1 1 1 1 1 1 1 1 1 1 1 1 100 1 1 1 1 1 1 1 1 1 1 1 1 1 1 1 1 1 1 1
staticfield java/net/URL defaultFactory Ljava/net/URLStreamHandlerFactory; java/net/URL$DefaultFactory
staticfield java/net/URL streamHandlerLock Ljava/lang/Object; java/lang/Object
staticfield java/net/URL serialPersistentFields [Ljava/io/ObjectStreamField; 7 [Ljava/io/ObjectStreamField;
ciInstanceKlass java/lang/Module 1 1 1070 10 7 12 1 1 1 9 7 12 1 1 1 10 7 12 1 1 1 9 12 1 9 12 1 1 9 12 1 1 10 12 1 1 10 12 1 10 12 1 1 10 7 12 1 1 1 7 1 10 7 12 1 1 1 10 12 1 1 11 7 12 1 1 1 10 12 1 1 10 7 12 1 1 1 10 12 1 1 10 7 12 1 1 1 9 100 12 1 1 1 10 7 12 1 1 1 10 12 1 8 1 10 7 12 1 1 1 10 7 12 1 1 1 10 7 12 1 1 1 10 12 1 10 12 1 9 12 1 1 10 100 12 1 1 100 1 7 1 10 8 1 10 12 1 1 10 12 1 10 12 10 12 1 10 7 12 1 1 8 1 8 1 10 8 1 8 1 9 12 1 1 8 1 10 100 12 1 1 1 10 12 1 9 12 1 1 11 12 1 9 7 12 1 1 10 7 12 1 1 1 10 7 12 1 1 1 10 12 1 1 8 1 10 12 1 1 10 12 1 10 12 1 1 9 7 12 1 1 1 10 12 1 1 10 12 1 1 9 12 1 10 12 1 10 12 1 9 12 1 1 11 7 12 1 1 10 12 1 1 9 12 1 9 12 1 10 12 1 10 12 1 100 1 8 1 10 10 12 1 1 10 12 1 8 1 10 12 1 1 8 1 8 1 10 12 1 1 10 12 1 10 12 1 1 18 12 1 1 10 12 1 1 11 12 1 9 12 1 11 12 10 100 12 1 1 100 1 8 1 10 11 12 1 1 10 7 12 1 1 1 10 12 1 10 12 1 1 11 12 1 1 11 7 12 1 1 11 12 1 1 9 12 1 11 12 1 10 12 1 1 10 12 1 1 9 12 1 10 12 10 7 12 1 1 10 7 1 18 12 1 1 11 100 12 1 1 1 18 12 1 11 12 1 1 10 100 12 1 1 1 11 12 1 1 10 7 12 1 1 7 1 11 12 1 7 1 7 1 10 12 1 10 7 12 1 1 1 10 11 7 12 1 8 1 10 10 12 1 1 10 7 12 1 1 10 12 1 10 12 1 7 1 10 12 1 10 11 12 1 1 10 12 10 12 1 1 9 12 1 1 100 1 10 10 12 1 1 11 7 1 10 12 1 1 11 12 1 10 10 12 1 11 10 12 1 1 10 12 1 1 10 12 1 1 10 7 12 1 1 10 12 1 10 12 1 1 10 10 12 1 1 10 12 1 18 12 1 11 12 1 18 12 1 10 12 1 10 12 1 10 12 7 1 10 12 1 10 12 1 10 12 1 9 12 1 7 1 10 10 10 10 12 1 10 12 1 10 12 1 10 12 1 1 10 12 1 1 10 12 1 9 12 1 18 12 1 1 10 7 12 1 1 1 100 1 8 1 10 12 1 1 10 12 1 1 10 7 12 1 1 7 1 10 12 1 1 7 1 8 1 10 12 1 1 100 1 11 12 1 1 10 100 12 1 1 1 18 12 1 1 11 100 12 1 1 1 100 1 10 12 1 10 12 1 1 7 1 7 1 10 12 8 1 10 12 1 1 10 12 1 1 10 7 12 1 1 10 12 1 1 10 12 1 10 12 10 12 1 1 7 1 10 10 12 1 1 10 7 12 1 1 1 100 1 10 12 1 1 10 7 12 1 1 8 1 18 12 1 1 100 1 100 1 9 12 1 1 9 12 1 9 12 1 11 100 12 1 1 1 100 1 11 12 1 1 100 1 10 12 1 8 1 10 12 1 10 12 10 12 1 8 1 10 10 100 12 1 1 7 1 10 10 12 1 10 7 12 1 1 9 12 1 9 12 1 9 12 1 9 12 1 10 12 11 12 1 10 12 1 7 1 1 1 1 1 1 1 1 1 1 1 1 1 1 1 1 1 1 1 100 1 1 1 1 1 1 1 1 1 1 1 1 1 1 1 1 1 1 1 1 1 1 1 1 1 1 1 1 1 1 1 1 1 1 1 1 1 1 1 1 1 1 1 1 1 1 1 1 1 1 1 1 1 1 1 1 1 1 1 1 1 1 1 1 1 1 1 1 1 1 1 1 1 1 1 1 1 1 1 1 1 1 1 1 1 1 1 1 1 1 1 1 1 1 1 100 100 1 1 1 1 1 1 1 1 1 1 1 1 1 1 1 1 1 1 1 1 1 1 1 1 1 1 1 100 1 7 1 1 1 1 1 1 1 1 1 1 1 1 1 1 1 1 1 1 1 1 100 1 1 1 1 1 1 1 1 1 1 1 1 1 1 1 1 1 1 1 1 1 1 1 16 15 10 12 16 16 15 10 12 16 16 15 10 16 1 15 10 12 16 1 15 10 12 16 1 16 15 10 12 16 16 1 15 10 12 16 15 10 7 12 1 1 1 15 10 100 12 1 1 1 1 1 1 1 1 1 1 1 100 1 100 1 1 100 1 100 1 1
staticfield java/lang/Module ALL_UNNAMED_MODULE Ljava/lang/Module; java/lang/Module
staticfield java/lang/Module ALL_UNNAMED_MODULE_SET Ljava/util/Set; java/util/ImmutableCollections$Set12
staticfield java/lang/Module EVERYONE_MODULE Ljava/lang/Module; java/lang/Module
staticfield java/lang/Module EVERYONE_SET Ljava/util/Set; java/util/ImmutableCollections$Set12
staticfield java/lang/Module $assertionsDisabled Z 1
ciInstanceKlass java/lang/Math 1 1 460 7 1 10 7 12 1 1 1 10 7 12 1 1 1 10 12 1 10 12 1 10 12 1 10 12 1 10 12 1 6 0 6 0 10 12 1 10 12 1 10 12 1 10 12 1 10 12 1 10 12 1 1 10 12 1 10 12 1 10 12 1 10 12 1 10 12 1 10 7 12 1 1 1 100 1 3 3 3 10 7 12 1 1 1 100 1 5 0 5 0 5 0 5 0 5 0 9 100 12 1 1 1 10 100 12 1 1 1 100 1 8 1 10 12 1 8 1 10 12 1 1 10 12 1 1 7 1 5 0 5 0 7 1 3 5 0 3 5 0 10 12 1 10 12 1 10 12 1 10 12 1 10 12 1 8 1 10 12 1 8 1 10 12 1 1 10 12 1 1 9 12 1 1 9 12 1 100 1 7 1 10 10 12 1 1 8 1 10 12 1 10 12 1 1 10 10 12 1 10 12 1 10 12 1 10 12 1 1 8 1 8 1 10 12 1 1 10 12 1 10 12 10 12 10 12 1 10 12 1 10 12 1 10 12 1 10 12 6 0 10 12 1 9 12 1 1 100 1 10 10 12 1 100 1 10 12 1 10 12 1 1 10 12 1 10 12 1 10 12 10 12 1 1 10 12 1 1 10 12 1 1 10 12 6 0 10 12 1 1 10 12 10 12 1 4 10 12 1 10 12 1 10 12 10 12 1 10 12 1 10 12 1 10 12 1 10 12 1 10 12 1 5 0 6 0 4 6 0 4 6 0 4 10 12 1 9 12 1 1 10 12 9 12 1 10 7 12 1 1 1 4 6 0 1 1 6 0 1 6 0 1 6 0 1 1 1 1 1 1 1 1 1 1 1 1 1 1 1 1 1 1 1 1 1 1 1 1 1 1 1 1 1 1 1 1 1 1 1 1 1 1 1 1 1 1 1 1 1 1 1 1 1 1 1 1 1 1 1 1 1 1 1 1 1 1 1 1 1 1 1 1 1 1 1 1 1 1 1 1 1 1 1 1 1 1 1 1 1 1 1 1 1 1 1 1 1 1 1 1
staticfield java/lang/Math negativeZeroFloatBits J -2147483648
staticfield java/lang/Math negativeZeroDoubleBits J -9223372036854775808
staticfield java/lang/Math $assertionsDisabled Z 1
ciInstanceKlass jdk/internal/util/ArraysSupport 1 1 378 7 1 7 1 8 1 10 12 1 1 10 12 1 1 10 7 12 1 1 9 7 12 1 1 1 9 12 1 1 10 7 12 1 1 1 9 12 1 1 10 7 12 1 1 1 9 12 1 10 12 9 12 1 10 12 1 1 10 12 7 1 10 12 1 1 10 12 1 100 1 10 12 1 1 10 12 100 1 10 12 1 100 1 10 12 1 100 1 7 1 10 8 1 10 12 1 1 10 12 1 10 12 1 1 10 9 12 1 1 11 7 12 1 1 1 9 12 1 9 12 1 10 12 1 1 9 12 1 9 12 1 9 12 1 9 12 1 9 12 1 9 12 1 9 12 1 10 12 1 1 10 7 12 1 1 1 9 12 1 9 12 1 10 12 1 1 10 12 1 9 12 1 10 12 1 10 7 12 1 1 1 9 12 1 9 12 1 10 12 1 10 12 1 10 7 12 1 1 1 3 10 12 1 7 1 8 1 8 1 8 1 10 10 100 12 1 1 1 11 7 12 1 1 1 10 12 1 10 7 12 1 1 1 10 12 1 1 10 12 1 1 9 12 1 10 12 1 9 12 1 9 12 1 9 12 1 9 12 1 9 12 1 9 12 1 9 12 1 7 1 10 7 12 1 1 1 1 1 3 1 3 1 3 1 3 1 3 1 3 1 3 1 3 1 1 1 1 1 1 1 1 1 1 1 1 1 1 1 1 1 1 1 1 1 1 1 1 1 1 1 1 1 1 1 1 1 1 1 1 1 1 1 1 1 1 1 1 1 1 1 1 1 1 1 1 1 1 1 1 1 1 1 1 1 1 1 1 1 1 1 1 1 1 1 1 1 1 1 1 1 1 1 100 1 1 1 1
staticfield jdk/internal/util/ArraysSupport U Ljdk/internal/misc/Unsafe; jdk/internal/misc/Unsafe
staticfield jdk/internal/util/ArraysSupport BIG_ENDIAN Z 0
staticfield jdk/internal/util/ArraysSupport LOG2_ARRAY_BOOLEAN_INDEX_SCALE I 0
staticfield jdk/internal/util/ArraysSupport LOG2_ARRAY_BYTE_INDEX_SCALE I 0
staticfield jdk/internal/util/ArraysSupport LOG2_ARRAY_CHAR_INDEX_SCALE I 1
staticfield jdk/internal/util/ArraysSupport LOG2_ARRAY_SHORT_INDEX_SCALE I 1
staticfield jdk/internal/util/ArraysSupport LOG2_ARRAY_INT_INDEX_SCALE I 2
staticfield jdk/internal/util/ArraysSupport LOG2_ARRAY_LONG_INDEX_SCALE I 3
staticfield jdk/internal/util/ArraysSupport LOG2_ARRAY_FLOAT_INDEX_SCALE I 2
staticfield jdk/internal/util/ArraysSupport LOG2_ARRAY_DOUBLE_INDEX_SCALE I 3
staticfield jdk/internal/util/ArraysSupport LOG2_BYTE_BIT_SIZE I 3
staticfield jdk/internal/util/ArraysSupport JLA Ljdk/internal/access/JavaLangAccess; java/lang/System$2
ciInstanceKlass java/lang/Character 1 1 604 7 1 7 1 100 1 9 12 1 1 8 1 9 12 1 1 7 1 9 12 1 1 10 7 12 1 1 1 10 100 12 1 1 1 10 100 12 1 1 1 10 7 12 1 1 1 9 7 12 1 1 1 10 12 1 10 12 1 1 10 12 1 1 10 7 12 1 1 10 12 1 1 3 3 3 3 3 10 12 1 1 10 12 1 3 11 7 12 1 1 1 11 12 1 1 10 12 1 1 10 12 1 1 100 1 10 10 12 1 3 10 12 1 1 10 12 1 10 12 1 1 100 1 8 1 10 12 1 1 10 12 1 10 12 1 10 12 1 10 100 12 1 1 1 10 12 1 10 12 1 10 12 1 1 10 12 1 10 7 12 1 1 10 10 12 1 10 10 12 1 10 12 1 1 10 12 1 10 10 12 1 10 12 1 10 12 1 10 12 1 10 12 1 10 12 1 10 12 1 10 12 10 10 12 10 10 12 1 10 10 12 1 10 10 12 1 10 10 12 1 10 12 1 10 12 1 10 12 1 10 12 1 10 12 1 10 12 1 10 10 12 1 10 10 12 1 10 10 12 1 1 10 10 12 1 10 5 0 10 12 1 10 12 1 10 10 12 1 10 10 12 1 1 10 10 12 1 10 10 12 1 9 12 1 1 100 1 10 10 12 1 10 12 1 1 3 10 100 12 1 1 1 10 12 1 10 100 12 1 1 7 1 10 10 12 1 1 10 12 1 1 10 12 1 1 8 1 10 12 1 9 100 12 1 1 1 10 12 1 10 10 12 1 10 12 1 1 10 12 1 10 10 12 1 1 10 10 12 1 1 7 1 8 1 10 12 1 1 10 7 12 1 1 1 8 1 10 12 1 1 9 12 1 1 7 1 7 1 7 1 1 1 1 3 1 3 1 3 1 3 1 1 1 1 1 3 1 1 3 1 3 1 3 1 3 1 3 1 3 1 3 1 3 1 3 1 3 1 3 1 3 1 3 1 3 1 3 1 3 1 3 1 3 1 3 1 3 1 3 1 3 1 3 1 3 1 3 1 3 1 3 1 3 1 1 1 1 1 1 1 1 1 1 1 1 1 1 1 1 1 1 1 3 1 1 1 1 1 1 1 3 1 1 3 1 1 1 1 1 3 1 1 5 0 1 1 1 1 1 1 1 1 1 1 1 1 1 1 1 1 1 1 1 1 1 1 1 1 1 1 1 1 1 1 1 1 1 1 1 1 1 1 1 1 1 1 1 1 1 1 1 1 1 1 1 1 1 1 1 1 1 1 1 1 1 1 1 1 1 1 1 1 1 1 1 1 1 1 1 1 1 1 1 1 1 1 1 1 1 1 1 1 1 1 100 1 100 1 1 1 1 1 1
staticfield java/lang/Character TYPE Ljava/lang/Class; java/lang/Class
staticfield java/lang/Character $assertionsDisabled Z 1
ciInstanceKlass java/lang/OutOfMemoryError 1 1 26 10 100 12 1 1 1 10 12 1 100 1 1 1 1 5 0 1 1 1 1 1 1 1 1 1
ciInstanceKlass java/lang/StringUTF16 1 1 604 7 1 7 1 10 7 12 1 1 1 100 1 10 7 1 3 7 1 7 1 10 8 1 10 12 1 1 10 12 1 8 1 10 12 1 1 10 12 1 9 12 1 1 10 12 1 1 100 1 8 1 10 12 1 9 12 1 1 9 12 1 10 10 12 1 1 10 12 1 1 10 7 12 1 1 1 10 12 1 10 12 1 1 10 12 1 1 10 12 1 1 10 12 1 1 10 12 1 10 12 1 1 10 12 1 1 10 12 1 1 10 12 1 1 10 12 1 10 12 1 10 12 1 1 10 12 1 100 1 10 12 1 10 10 12 1 1 10 12 1 10 12 1 1 10 12 1 10 7 12 1 1 1 10 7 12 1 1 1 10 12 10 12 1 1 10 12 1 10 12 1 1 10 12 1 1 10 12 1 10 12 1 10 12 1 7 1 10 12 1 1 10 12 1 3 10 12 1 1 10 12 1 10 12 1 10 12 1 10 12 1 10 12 1 10 12 1 1 9 12 1 10 12 1 10 12 1 10 12 1 10 12 1 10 12 1 10 10 12 10 12 10 10 12 1 1 10 7 12 1 1 1 10 12 1 10 12 1 100 1 8 1 8 1 10 12 1 1 100 1 10 10 7 12 1 1 1 10 100 12 1 1 8 1 8 1 8 1 10 12 1 1 10 12 1 1 10 12 10 12 1 10 100 12 1 1 10 12 1 1 10 12 1 1 10 12 1 10 12 10 12 10 12 1 10 12 10 12 1 10 12 1 10 12 1 10 12 1 10 12 1 10 100 12 1 1 1 10 100 12 1 1 1 10 12 1 1 10 12 1 1 11 7 12 1 1 10 12 1 10 12 1 10 12 1 1 9 12 1 1 9 12 1 5 0 5 0 10 12 1 10 12 10 12 10 7 12 1 1 1 10 12 1 1 1 1 1 1 1 1 1 1 1 1 1 1 1 1 1 1 1 1 1 1 1 1 1 1 1 1 1 1 1 100 1 1 1 1 1 1 1 1 1 1 1 1 1 1 1 1 1 1 1 1 1 1 1 1 1 1 1 1 1 1 1 1 1 1 1 1 1 1 1 1 1 1 1 1 1 1 1 1 1 1 1 1 1 1 1 1 1 1 1 1 1 1 1 1 1 1 1 1 1 1 1 1 1 1 1 1 1 1 1 1 1 100 1 1 1 1 1 1 1 1 1 1 1 1 1 1 1 1 1 100 1 1 1 1 1 1 1 1 1 1 1 1 1 1 1 1 1 1 1 1 1 1 1 1 1 1 1 1 1 1 1 1 1 1 1 1 1 1 1 1 1 1 1 1 1 1 1 1 1 1 1 1 1 1 1 1 1 1 1 1 1 100 1 100 1 1 1 1 1
staticfield java/lang/StringUTF16 HI_BYTE_SHIFT I 0
staticfield java/lang/StringUTF16 LO_BYTE_SHIFT I 8
staticfield java/lang/StringUTF16 $assertionsDisabled Z 1
ciInstanceKlass java/lang/Integer 1 1 453 7 1 7 1 7 1 7 1 10 12 1 1 9 12 1 1 9 12 1 1 10 100 12 1 1 1 10 12 1 1 10 100 12 1 1 1 10 10 12 1 1 10 7 12 1 1 1 10 12 1 10 12 1 1 10 7 12 1 1 1 10 12 1 1 10 12 1 1 10 12 1 10 12 1 10 12 1 1 10 10 12 1 9 12 1 1 9 12 1 7 1 8 1 10 12 1 7 1 10 12 1 8 1 10 12 1 1 10 12 1 8 1 10 12 1 8 1 10 12 1 1 3 10 12 1 1 3 10 12 1 1 10 12 1 1 10 7 12 1 1 1 11 7 1 10 12 1 1 11 10 12 1 1 8 1 10 12 1 1 8 1 7 1 10 12 1 1 10 12 1 1 5 0 8 1 10 12 1 10 12 1 10 12 1 10 12 1 1 7 1 9 12 1 1 9 12 1 1 10 12 1 10 7 1 9 12 1 10 12 1 10 12 1 10 12 1 1 10 7 12 1 1 1 100 1 100 1 10 12 1 1 10 12 1 1 8 1 8 1 10 12 1 1 8 1 8 1 8 1 8 1 8 1 8 1 10 12 1 10 12 1 5 0 3 3 3 3 10 12 1 10 12 1 3 10 12 1 10 100 12 1 1 1 10 12 1 1 10 12 1 1 8 1 10 7 12 1 1 1 9 12 1 1 7 1 7 1 7 1 1 1 1 3 1 1 1 3 1 3 1 1 5 0 1 1 1 1 1 1 1 1 1 100 1 1 1 1 1 1 1 1 1 1 1 1 1 1 1 1 1 1 1 1 1 1 1 1 1 1 1 1 1 1 1 1 1 1 1 1 1 1 1 1 3 1 1 1 1 1 1 1 1 1 1 1 1 1 1 1 1 7 1 1 1 1 1 1 1 1 1 1 1 1 1 1 1 1 1 1 1 1 1 1 1 1 1 1 1 1 1 1 1 1 1 1 1 1 1 1 1 1 1 1 1 1 1 1 7 1 1 1 1 1 1 1 1 1 100 1 100 1 1
staticfield java/lang/Integer TYPE Ljava/lang/Class; java/lang/Class
staticfield java/lang/Integer digits [C 36
staticfield java/lang/Integer DigitTens [B 100
staticfield java/lang/Integer DigitOnes [B 100
instanceKlass java/math/BigDecimal
instanceKlass java/math/BigInteger
instanceKlass java/util/concurrent/atomic/AtomicLong
instanceKlass java/util/concurrent/atomic/AtomicInteger
instanceKlass java/lang/Long
instanceKlass java/lang/Integer
instanceKlass java/lang/Short
instanceKlass java/lang/Byte
instanceKlass java/lang/Double
instanceKlass java/lang/Float
ciInstanceKlass java/lang/Number 1 1 37 10 7 12 1 1 1 10 100 12 1 1 1 100 1 1 1 1 5 0 1 1 1 1 1 1 1 1 1 1 1 1 1 1 1 1 1
ciMethod java/lang/StringUTF16 getChar ([BI)C 864 0 12721 0 -1
ciInstanceKlass java/lang/Thread$FieldHolder 1 1 48 10 7 12 1 1 1 9 7 12 1 1 1 9 12 1 1 9 12 1 1 9 12 1 1 9 12 1 1 1 1 1 1 1 1 1 1 100 1 100 1 1 1 1 100 1 1 1
ciInstanceKlass java/lang/Thread$Constants 0 0 59 7 1 10 7 12 1 1 1 100 1 10 10 7 12 1 1 1 7 1 8 1 10 12 1 9 7 12 1 1 1 7 1 7 1 10 12 1 10 12 1 9 12 1 1 1 1 1 1 1 1 1 1 1 1 1 1 1 1
ciInstanceKlass java/lang/ThreadGroup 1 1 411 10 7 12 1 1 1 9 7 12 1 1 1 8 1 9 12 1 1 7 1 9 12 1 1 9 12 1 1 10 7 12 1 1 1 10 12 1 1 10 12 1 10 12 1 10 12 1 10 12 1 1 10 12 1 1 10 12 1 10 12 1 1 10 12 1 10 12 1 10 100 12 1 1 1 10 12 1 1 18 12 1 1 11 7 12 1 1 1 10 7 12 1 1 1 10 7 12 1 10 12 1 1 10 12 1 1 10 12 1 1 10 100 12 1 1 1 10 12 1 11 12 1 1 11 7 12 1 1 11 12 1 1 10 12 1 1 10 12 1 10 12 1 11 12 1 11 12 1 1 100 1 10 10 12 1 100 1 10 18 12 1 1 11 7 12 1 1 1 11 12 1 1 9 12 1 1 10 12 1 1 8 1 10 7 12 1 1 1 10 100 12 1 1 1 10 12 1 1 11 12 10 12 1 1 10 12 1 1 11 7 1 9 12 1 7 1 10 8 1 10 12 1 1 10 12 1 1 8 1 10 12 1 10 7 12 1 1 1 10 12 1 1 10 7 1 8 1 10 8 1 10 12 1 10 12 1 8 1 9 12 1 1 9 12 1 10 100 12 1 1 1 100 9 12 1 1 7 1 9 12 1 10 12 10 12 1 1 100 10 12 9 12 1 10 12 1 100 1 10 11 12 1 1 7 1 10 10 12 1 10 12 1 1 1 1 1 1 1 1 1 1 1 1 1 1 1 1 1 1 3 1 1 1 1 1 1 1 1 1 1 1 1 100 1 1 1 1 1 1 1 1 1 1 1 1 1 1 1 1 1 1 1 1 1 1 1 1 1 1 1 1 1 1 1 1 1 1 1 1 1 1 1 1 1 1 1 16 15 10 12 16 16 15 10 12 16 15 10 100 12 1 1 1 1 1 100 1 100 1 1
staticfield java/lang/ThreadGroup $assertionsDisabled Z 1
ciInstanceKlass java/lang/Thread$UncaughtExceptionHandler 1 0 16 100 1 100 1 1 1 1 1 1 1 1 100 1 1 1
ciInstanceKlass java/security/AccessControlContext 1 1 374 9 7 12 1 1 1 9 12 1 1 10 100 12 1 1 1 8 1 10 100 12 1 1 1 10 7 12 1 1 1 9 12 1 9 12 1 1 9 12 1 1 10 7 12 1 1 7 1 10 12 1 11 7 12 1 1 1 11 12 1 11 12 1 11 12 1 1 7 1 11 12 1 1 10 12 1 10 7 12 1 1 1 9 100 12 1 1 1 10 7 12 1 1 1 11 100 12 1 1 1 10 7 1 100 1 8 1 10 12 1 10 12 1 1 7 1 10 7 12 1 1 1 9 12 1 9 12 1 9 12 1 9 12 1 1 9 12 1 1 9 12 1 9 12 1 10 7 12 1 1 1 9 12 1 10 12 1 1 10 12 1 1 8 1 10 12 1 1 10 12 1 1 10 7 12 1 1 1 7 1 10 10 12 1 1 10 7 12 1 1 1 10 8 1 10 7 12 1 1 8 1 10 7 12 1 1 8 1 8 1 10 12 1 8 1 10 12 1 8 1 10 12 1 10 12 1 10 12 1 1 8 1 8 1 100 1 10 12 1 10 12 1 1 100 1 10 12 1 8 1 10 12 1 10 12 1 10 8 1 10 12 1 1 10 12 1 1 10 12 1 1 10 12 1 1 10 12 1 10 12 1 11 10 12 1 10 12 1 1 10 10 10 12 1 1 1 1 1 1 1 1 1 1 1 1 1 1 1 1 1 1 1 1 1 1 1 1 100 1 1 1 1 1 1 1 1 1 1 1 1 1 1 1 1 1 1 1 1 1 1 1 1 1 1 1 1 1 1 1 1 1 1 1 1 1 1 1 1 1 1 1 1 1 1 1 1 1 1 1 1 3 1 1
instanceKlass java/lang/ThreadBuilders$BoundVirtualThread
instanceKlass java/lang/VirtualThread
ciInstanceKlass java/lang/BaseVirtualThread 0 0 36 10 100 12 1 1 1 100 1 1 1 1 1 1 1 1 1 1 1 1 1 1 1 1 1 1 1 1 100 1 100 1 1 100 1 1
ciInstanceKlass java/lang/VirtualThread 0 0 907 9 7 12 1 1 1 10 7 12 1 1 1 10 100 12 1 1 1 10 7 12 1 1 1 9 12 1 1 9 12 1 1 100 1 10 12 1 9 12 1 1 18 12 1 1 9 12 1 1 10 12 1 1 100 1 10 12 1 10 12 1 1 10 12 1 1 10 12 1 1 10 12 1 10 7 12 1 10 12 1 10 12 1 10 12 1 10 12 1 11 100 12 1 1 1 100 1 10 12 1 1 10 100 12 1 1 1 10 100 12 1 1 1 10 12 1 100 1 10 10 12 1 10 12 1 1 9 12 1 1 10 12 1 1 9 12 1 1 10 12 1 9 12 1 1 9 12 1 100 1 10 10 12 1 10 100 12 1 1 10 9 10 10 12 1 1 10 12 1 1 10 100 12 1 1 10 100 1 10 9 10 10 12 1 7 1 10 12 1 1 10 12 1 10 12 1 10 12 1 1 9 12 1 10 12 1 10 12 1 9 12 1 1 10 12 1 10 12 1 9 12 1 1 10 12 1 10 12 1 10 12 1 11 100 12 1 1 10 12 1 1 10 12 1 1 10 12 1 1 9 12 1 10 100 1 10 12 1 1 10 12 1 1 10 12 1 10 12 1 10 12 1 10 12 9 12 1 1 10 100 12 1 1 10 12 1 10 12 1 1 10 100 12 1 1 10 12 1 100 1 8 1 10 12 1 10 12 1 1 10 12 1 10 12 1 10 100 12 1 1 10 12 1 10 12 1 1 10 12 1 10 12 1 1 10 7 12 1 1 10 12 1 1 10 12 1 1 100 1 10 10 12 1 7 1 9 12 1 1 10 7 12 1 1 10 9 12 1 1 18 9 100 12 1 1 1 11 100 12 1 1 1 11 100 1 11 12 10 12 1 10 12 1 1 10 12 1 100 1 10 10 12 1 10 12 1 1 10 12 1 1 10 12 1 10 12 1 10 12 1 9 12 1 1 11 100 12 1 1 10 12 9 100 12 1 1 1 9 12 1 10 12 1 1 9 12 1 9 12 1 9 12 1 7 1 10 10 12 1 1 10 12 1 10 12 7 1 7 1 10 8 1 10 12 1 1 10 12 1 10 12 1 10 10 12 1 8 1 10 10 12 1 10 12 1 10 7 12 1 1 8 1 8 1 10 9 100 12 1 1 1 10 12 1 1 10 12 1 10 10 10 12 9 12 1 10 12 1 1 9 12 1 10 12 1 1 9 12 1 10 12 1 1 18 12 1 1 18 12 1 10 7 12 1 1 1 8 1 10 100 12 1 1 1 10 7 12 1 1 1 18 12 1 10 100 12 1 1 1 100 1 10 12 1 8 1 10 12 1 8 1 10 12 1 1 8 1 8 1 10 100 12 1 1 8 1 10 12 1 8 1 8 1 10 100 12 1 1 1 10 12 1 10 12 1 1 10 12 1 18 12 1 1 18 12 1 1 5 0 9 12 1 10 12 1 18 12 1 100 1 10 12 10 7 12 1 1 10 12 1 1 7 1 8 1 10 10 12 1 10 12 1 1 10 12 1 9 12 1 8 10 12 1 1 8 8 9 12 1 8 10 12 1 1 3 1 3 1 3 1 3 1 3 1 3 1 3 1 3 1 3 1 3 1 3 1 3 3 1 3 1 1 1 1 1 1 1 1 1 1 1 1 1 1 7 1 1 1 1 1 1 1 1 1 1 1 1 1 1 7 1 1 1 1 1 1 1 1 1 1 1 7 1 1 1 1 1 1 1 1 1 1 1 1 1 1 1 1 1 1 1 1 1 1 1 1 1 1 1 1 1 1 1 1 1 1 1 1 1 1 1 100 1 1 1 1 1 1 1 1 1 1 1 1 1 1 1 1 1 1 1 1 1 1 1 1 1 1 1 1 1 1 1 1 1 1 1 100 1 1 1 1 1 1 1 1 1 1 1 1 1 1 100 1 1 16 15 10 12 15 16 15 10 12 16 15 10 12 16 16 15 10 12 16 15 10 12 16 15 10 12 16 15 10 12 16 1 15 10 100 12 1 1 1 1 1 1 1 7 1 1 100 1 100 1 1
ciInstanceKlass java/lang/ThreadBuilders$BoundVirtualThread 0 0 132 10 7 12 1 1 1 9 7 12 1 1 1 10 7 12 1 1 1 9 12 1 1 10 12 1 1 10 12 1 1 9 12 1 1 10 7 12 1 1 1 10 12 1 1 7 1 8 1 10 12 1 10 12 1 1 10 12 1 1 10 12 1 1 10 7 12 1 1 1 8 1 10 12 1 8 1 10 12 1 1 10 100 12 1 1 9 100 12 1 1 1 10 12 1 1 10 10 12 1 1 1 1 1 1 1 1 1 1 1 1 1 1 1 1 1 1 1 1 1 1 1 1 1 1 1 1 100 1 1 1 1
ciInstanceKlass jdk/internal/vm/ContinuationScope 0 0 50 10 100 12 1 1 1 10 100 12 1 1 1 100 1 9 100 12 1 1 1 10 12 1 1 10 100 12 1 1 1 10 12 1 1 10 12 1 1 1 1 1 1 1 1 1 1 1 1 1
ciInstanceKlass jdk/internal/vm/StackChunk 0 0 32 10 100 12 1 1 1 9 100 12 1 1 1 9 12 1 1 9 12 1 1 1 1 1 1 1 1 1 1 1 1 1
ciInstanceKlass java/lang/Float 1 1 279 7 1 7 1 10 7 12 1 1 1 10 7 12 1 1 1 4 7 1 10 12 1 1 10 12 1 1 8 1 8 1 10 7 12 1 1 1 10 12 1 1 10 12 1 1 10 7 1 4 10 7 12 1 1 9 12 1 1 10 12 1 1 10 12 1 10 10 12 1 1 10 12 1 10 12 1 3 3 100 1 4 4 4 3 10 12 1 1 9 12 1 1 100 1 10 3 3 4 4 10 12 1 3 3 3 10 12 1 1 10 12 1 1 10 12 1 10 100 12 1 1 1 10 12 1 1 10 12 1 1 10 7 12 1 1 1 8 1 10 12 1 1 9 12 1 1 7 1 7 1 7 1 1 1 1 4 1 4 1 1 1 4 1 1 3 1 3 1 3 1 3 1 3 1 1 1 1 5 0 1 1 1 1 1 1 1 1 1 1 100 1 1 1 1 1 1 1 1 1 1 1 1 1 3 1 1 1 1 1 1 1 1 1 1 1 1 1 1 1 1 1 1 1 1 1 1 1 1 1 1 1 1 1 1 1 1 1 1 1 1 1 1 1 1 1 1 1 1 1 1 1 1 1 1 1 1 1 1 1 1 1 1 1 1 1 7 1 1 1 1 1 1 1 100 1 100 1 1
staticfield java/lang/Float TYPE Ljava/lang/Class; java/lang/Class
staticfield java/lang/Float $assertionsDisabled Z 1
ciInstanceKlass java/lang/Double 1 1 290 7 1 7 1 10 7 12 1 1 1 10 12 1 1 10 7 1 10 12 1 1 10 7 12 1 1 1 6 0 8 1 10 12 1 1 8 1 10 12 1 1 8 1 6 0 10 12 1 1 100 1 5 0 5 0 8 1 8 1 10 7 12 1 1 1 10 7 12 1 1 1 8 1 10 12 1 1 8 1 8 1 8 1 10 12 1 1 10 12 1 10 12 1 1 10 12 1 10 12 1 10 12 1 1 10 12 1 10 7 1 6 0 10 7 12 1 1 9 12 1 1 10 12 1 10 12 1 10 12 1 10 12 1 10 12 1 5 0 10 12 1 1 10 12 1 10 12 1 10 100 12 1 1 1 10 12 1 1 10 12 1 1 8 1 10 7 12 1 1 1 9 12 1 1 7 1 7 1 7 1 1 1 6 0 1 6 0 1 6 0 1 1 1 6 0 1 1 3 1 3 1 3 1 3 1 3 1 1 1 1 5 0 1 1 1 1 1 1 1 1 1 1 1 1 1 1 1 1 100 1 1 1 1 1 1 1 1 1 1 1 1 3 1 1 1 1 1 1 1 1 1 1 1 1 1 1 1 1 1 1 1 1 1 1 1 1 1 1 1 1 1 1 1 1 1 1 7 1 1 1 1 1 1 1 100 1 100 1 1
staticfield java/lang/Double TYPE Ljava/lang/Class; java/lang/Class
ciInstanceKlass java/lang/Byte 1 1 213 7 1 100 1 10 7 12 1 1 1 9 12 1 1 8 1 9 12 1 1 7 1 10 12 1 1 10 12 1 1 10 100 12 1 1 1 10 100 12 1 1 1 9 7 12 1 1 1 10 12 1 1 100 1 7 1 10 12 1 1 8 1 10 12 1 1 8 1 10 12 1 10 12 1 10 12 1 10 12 1 1 10 12 1 10 12 1 10 12 1 1 10 8 1 8 1 10 7 1 9 12 1 1 10 12 1 1 10 12 1 1 10 12 1 1 10 12 1 5 0 10 12 1 1 8 1 10 7 12 1 1 1 9 12 1 1 7 1 7 1 1 1 3 1 3 1 1 1 1 3 1 3 1 1 5 0 1 1 1 1 1 1 1 1 1 1 1 1 1 1 1 1 1 1 1 1 1 1 1 1 1 1 1 1 1 1 1 1 1 1 1 1 1 1 1 1 1 1 1 1 1 1 1 1 1 1 1 1 1 1 1 1
staticfield java/lang/Byte TYPE Ljava/lang/Class; java/lang/Class
ciInstanceKlass java/lang/Short 1 1 222 7 1 7 1 100 1 10 7 12 1 1 1 10 12 1 1 100 1 7 1 10 12 1 1 8 1 10 12 1 1 8 1 10 12 1 10 12 1 10 12 1 10 12 1 1 10 12 1 1 10 12 1 9 12 1 1 8 1 9 12 1 1 7 1 10 12 1 1 10 12 1 10 100 12 1 1 1 10 100 12 1 1 1 9 7 12 1 1 1 10 12 1 10 12 1 1 10 8 1 8 1 10 7 1 9 12 1 1 10 12 1 1 10 12 1 1 10 12 1 1 10 12 1 3 3 5 0 10 12 1 1 8 1 10 7 12 1 1 1 9 12 1 1 7 1 7 1 1 1 3 1 3 1 1 1 1 3 1 3 1 1 5 0 1 1 1 1 1 1 1 1 1 1 1 1 1 1 1 1 1 1 1 1 1 1 1 1 1 1 1 3 1 1 1 1 1 1 1 1 1 1 1 1 1 1 1 1 1 1 1 1 1 1 1 1 1 1 1 1 1 1
staticfield java/lang/Short TYPE Ljava/lang/Class; java/lang/Class
ciInstanceKlass java/lang/Long 1 1 524 7 1 7 1 7 1 7 1 10 12 1 1 9 12 1 1 9 7 12 1 1 1 10 100 12 1 1 1 10 12 1 1 10 100 12 1 1 1 10 10 12 10 12 1 10 12 1 10 12 1 5 0 5 0 7 1 10 12 1 1 10 12 1 1 10 12 1 10 12 1 10 12 1 10 12 1 1 10 100 12 1 1 10 12 1 10 12 1 1 10 12 1 1 10 12 1 1 10 12 1 1 10 100 12 1 1 1 10 12 1 1 10 12 1 10 12 1 10 12 1 10 12 1 1 10 10 12 1 5 0 5 0 9 12 1 1 9 12 1 5 0 100 1 8 1 10 12 1 8 1 10 12 1 8 1 8 1 10 12 1 1 5 0 10 12 1 1 5 0 10 12 1 1 10 12 1 1 10 100 12 1 1 1 11 7 1 10 12 1 1 11 10 12 1 1 8 1 10 12 1 1 8 1 7 1 10 12 1 1 10 12 1 8 1 8 1 11 12 1 1 10 12 1 10 12 1 10 12 1 5 0 5 0 9 7 12 1 1 1 10 12 1 10 12 1 1 8 1 8 1 10 12 1 1 8 1 8 1 8 1 8 1 8 1 8 1 10 12 1 10 7 1 9 12 1 1 10 12 1 10 12 1 1 10 12 1 1 10 7 12 1 1 1 100 1 100 1 10 12 1 1 10 12 1 1 5 0 10 12 1 10 12 1 5 0 5 0 5 0 10 12 1 1 10 12 1 5 0 5 0 10 12 1 10 12 1 10 100 12 1 1 1 10 12 1 1 10 12 1 1 8 1 10 7 12 1 1 1 9 12 1 1 7 1 7 1 7 1 1 1 1 5 0 1 1 1 1 3 1 3 1 5 0 1 1 1 1 1 1 1 1 1 100 1 1 1 1 1 1 1 1 1 1 1 1 1 1 1 1 1 1 1 1 1 1 1 1 1 1 1 1 1 1 1 1 1 1 1 1 1 1 1 1 1 1 1 1 1 1 1 1 1 1 1 1 1 1 1 3 1 1 1 1 1 1 1 1 1 1 1 1 1 1 1 7 1 1 1 1 1 1 1 1 1 1 1 1 1 1 1 1 1 1 1 1 1 1 1 1 1 1 1 1 1 1 1 1 1 1 1 1 1 1 1 1 1 1 1 7 1 1 1 1 1 1 1 1 1 100 1 100 1 1
staticfield java/lang/Long TYPE Ljava/lang/Class; java/lang/Class
ciInstanceKlass jdk/internal/vm/vector/VectorSupport 0 0 573 100 1 10 100 12 1 1 1 9 12 1 1 10 12 1 1 100 1 10 12 1 11 100 12 1 1 1 11 100 12 1 1 1 11 100 12 1 1 11 100 12 1 1 11 100 12 1 1 1 11 100 12 1 1 11 100 12 1 1 11 100 12 1 1 11 100 12 1 1 11 100 12 1 1 11 100 12 1 1 11 100 12 1 1 1 11 100 12 1 1 11 100 12 1 1 1 11 100 12 1 1 1 11 100 12 1 1 11 100 12 1 1 1 11 100 12 1 1 100 1 10 12 1 1 11 100 12 1 1 11 100 12 1 1 11 100 12 1 1 11 100 12 1 1 11 100 12 1 1 11 100 12 1 1 9 12 1 1 10 100 12 1 1 11 100 12 1 1 10 12 1 1 10 100 12 1 1 1 10 12 1 10 12 1 1 10 12 1 1 1 1 1 3 1 3 1 3 1 3 1 3 1 3 1 3 1 3 1 3 1 3 1 3 1 3 1 3 1 3 1 3 1 3 1 3 1 3 1 3 1 3 1 3 1 3 1 3 1 3 1 3 1 3 1 3 1 3 1 3 1 3 1 3 1 3 1 3 1 3 1 3 1 3 1 3 1 3 1 3 1 3 1 3 1 3 1 3 1 3 1 3 1 3 1 3 1 3 1 3 1 3 1 3 1 3 1 3 1 1 1 1 1 1 1 1 1 1 1 1 1 1 1 1 1 1 1 1 1 1 1 1 1 1 1 1 1 1 1 1 1 1 1 1 1 1 1 1 1 1 1 1 1 1 1 1 1 1 1 1 1 1 1 1 1 1 1 1 1 1 1 1 1 1 1 1 1 1 1 1 1 1 1 1 1 1 1 1 1 1 1 1 1 1 1 1 1 1 1 1 1 1 1 1 1 1 1 1 1 1 1 1 1 1 1 1 1 1 1 1 1 1 1 1 1 1 1 1 1 1 1 1 1 1 1 1 1 1 1 1 1 1 1 1 1 1 1 1 1 1 1 1 1 1 1 1 1 1 1 1 1 1 1 1 1 1 1 1 1 1 1 1 1 1 1 1 1 1 1 1 1 1 1 1 1 1 1 1 1 1 1 1 1 1 1 1 1 1 1 1 1 1 1 1 1 1 1 1 1 1 1 1 1 1 1 1 1 1 1 1 1 1 1 1 1 1 1 1 1 1 1 1 1 1 1 1 1 1 1 1 1 1 1 100 1 100 1 100 1 100 1 100 1 1 1 1 1 1 1 1 1 1 1 1 1 1 1 1 1 1 1 1 1 1 1 1 1 1 1 1 1 1 1
instanceKlass jdk/internal/vm/vector/VectorSupport$VectorShuffle
instanceKlass jdk/internal/vm/vector/VectorSupport$VectorMask
instanceKlass jdk/internal/vm/vector/VectorSupport$Vector
ciInstanceKlass jdk/internal/vm/vector/VectorSupport$VectorPayload 0 0 32 10 100 12 1 1 1 9 100 12 1 1 1 10 100 12 1 1 1 1 1 1 1 1 1 1 1 1 1 1 1 1
ciInstanceKlass jdk/internal/vm/vector/VectorSupport$Vector 0 0 28 10 100 12 1 1 1 100 1 1 1 1 1 1 1 1 1 1 1 1 1 1 1 100 1 1 1 1
ciInstanceKlass jdk/internal/vm/vector/VectorSupport$VectorMask 0 0 28 10 100 12 1 1 1 100 1 1 1 1 1 1 1 1 1 1 1 1 1 1 1 100 1 1 1 1
ciInstanceKlass jdk/internal/vm/vector/VectorSupport$VectorShuffle 0 0 28 10 100 12 1 1 1 100 1 1 1 1 1 1 1 1 1 1 1 1 1 1 1 100 1 1 1 1
ciInstanceKlass jdk/internal/vm/FillerObject 0 0 16 10 100 12 1 1 1 100 1 1 1 1 1 1 1 1
instanceKlass java/lang/ref/PhantomReference
instanceKlass java/lang/ref/FinalReference
instanceKlass java/lang/ref/WeakReference
instanceKlass java/lang/ref/SoftReference
ciInstanceKlass java/lang/ref/Reference 1 1 190 9 7 12 1 1 1 9 7 12 1 1 10 12 1 1 10 12 1 1 9 12 1 1 10 12 1 1 9 12 1 1 9 12 1 1 7 1 10 12 1 10 7 12 1 1 10 12 1 10 12 1 1 10 12 1 7 1 8 1 10 12 1 1 7 1 10 12 1 1 10 12 1 1 10 12 1 9 12 1 10 12 1 1 10 12 1 10 12 1 9 12 1 7 1 100 1 10 12 9 12 1 9 12 1 100 1 10 10 12 1 10 10 7 12 1 1 7 1 10 10 7 12 1 1 1 1 1 1 1 1 1 1 1 1 1 1 1 1 1 1 1 7 1 1 1 100 1 1 1 1 1 1 1 1 1 1 1 1 1 1 1 1 1 1 1 1 1 1 1 1 1 1 1 1 1 1 1 1 1 1 1 7 1 7 1 7 1 1 1
staticfield java/lang/ref/Reference processPendingLock Ljava/lang/Object; java/lang/Object
staticfield java/lang/ref/Reference $assertionsDisabled Z 1
ciMethod java/lang/ref/Reference get ()Ljava/lang/Object; 0 0 1 0 -1
ciMethod java/lang/ref/Reference clear ()V 514 0 2404 0 -1
instanceKlass sun/util/locale/provider/LocaleResources$ResourceReference
instanceKlass sun/util/resources/Bundles$BundleReference
instanceKlass java/util/ResourceBundle$BundleReference
instanceKlass sun/util/locale/LocaleObjectCache$CacheEntry
instanceKlass java/lang/invoke/LambdaFormEditor$Transform
ciInstanceKlass java/lang/ref/SoftReference 1 1 47 10 7 12 1 1 1 9 7 12 1 1 1 9 12 1 10 12 1 10 12 1 1 1 1 1 1 1 1 1 1 1 1 1 1 1 1 1 1 1 1 100 1 1 1 1 1
instanceKlass com/sun/util/reentrant/ReentrantContextProvider$HardReference
instanceKlass com/sun/javafx/util/WeakReferenceQueue$ListEntry
instanceKlass java/util/logging/LogManager$LoggerWeakRef
instanceKlass java/util/logging/Level$KnownLevel
instanceKlass java/util/ResourceBundle$KeyElementReference
instanceKlass java/lang/WeakPairMap$WeakRefPeer
instanceKlass java/lang/ClassValue$Entry
instanceKlass java/lang/ThreadLocal$ThreadLocalMap$Entry
instanceKlass java/lang/invoke/MethodType$ConcurrentWeakInternSet$WeakEntry
instanceKlass java/util/WeakHashMap$Entry
ciInstanceKlass java/lang/ref/WeakReference 1 1 31 10 7 12 1 1 1 10 12 1 100 1 1 1 1 1 1 1 1 1 1 1 1 1 1 1 1 1 1 1 1
instanceKlass java/lang/ref/Finalizer
ciInstanceKlass java/lang/ref/FinalReference 1 1 50 10 7 12 1 1 1 10 7 12 1 1 1 10 12 1 1 7 1 8 1 10 12 1 1 1 1 1 1 1 1 1 1 1 1 1 1 1 1 1 1 1 1 1 1 1 1 1 7 1
instanceKlass jdk/internal/ref/PhantomCleanable
instanceKlass jdk/internal/ref/Cleaner
ciInstanceKlass java/lang/ref/PhantomReference 1 1 39 10 100 12 1 1 1 10 7 12 1 1 1 1 1 1 1 1 1 1 1 1 1 1 1 1 1 1 1 1 1 1 1 1 1 1 1 1 1
ciInstanceKlass java/lang/ref/Finalizer 1 1 155 9 7 12 1 1 1 10 7 12 1 1 1 9 12 1 1 9 12 1 1 9 12 1 9 12 1 9 12 1 1 10 12 1 7 1 8 1 10 12 1 10 12 1 1 9 12 1 100 1 10 12 1 7 1 11 100 12 1 1 10 12 1 7 1 10 12 1 100 1 10 12 1 10 7 12 1 1 1 10 100 12 1 1 1 100 1 10 10 12 1 7 1 10 12 1 7 1 10 12 1 1 10 12 1 1 10 12 1 10 7 12 1 1 1 7 1 10 7 1 10 10 12 1 1 1 1 1 1 1 1 1 1 1 1 1 1 1 1 1 1 1 1 1 1 1 1 1 1 1 1 1 1 1 1
staticfield java/lang/ref/Finalizer lock Ljava/lang/Object; java/lang/Object
staticfield java/lang/ref/Finalizer ENABLED Z 1
staticfield java/lang/ref/Finalizer $assertionsDisabled Z 1
instanceKlass javafx/scene/input/ScrollEvent$VerticalTextScrollUnits
instanceKlass javafx/scene/input/ScrollEvent$HorizontalTextScrollUnits
instanceKlass sun/util/locale/provider/LocaleProviderAdapter$Type
instanceKlass com/sun/prism/shape/ShapeRep$InvalidationType
instanceKlass com/sun/javafx/animation/KeyValueType
instanceKlass com/sun/scenario/effect/impl/state/LinearConvolveRenderState$PassType
instanceKlass javafx/scene/Scene$DragDetectedState
instanceKlass com/sun/scenario/effect/impl/state/RenderState$EffectCoordinateSpace
instanceKlass com/sun/javafx/geom/Path2D$CornerPrefix
instanceKlass com/sun/javafx/sg/prism/NGNode$RenderRootResult
instanceKlass com/sun/scenario/effect/impl/Renderer$RendererState
instanceKlass com/sun/scenario/effect/Effect$AccelType
instanceKlass com/sun/prism/CompositeMode
instanceKlass com/sun/prism/Texture$Usage
instanceKlass com/sun/prism/Texture$WrapMode
instanceKlass com/sun/javafx/sg/prism/CacheFilter$ScrollCacheState
instanceKlass com/sun/javafx/sg/prism/NodeEffectInput$RenderType
instanceKlass com/sun/scenario/effect/AbstractShadow$ShadowMode
instanceKlass com/sun/javafx/geom/transform/BaseTransform$Degree
instanceKlass javafx/scene/shape/FillRule
instanceKlass javafx/scene/control/ScrollPane$ScrollBarPolicy
instanceKlass com/sun/javafx/geom/BaseBounds$BoundsType
instanceKlass javafx/stage/PopupWindow$AnchorLocation
instanceKlass com/sun/javafx/cursor/CursorType
instanceKlass javafx/scene/control/SelectionMode
instanceKlass com/sun/javafx/scene/control/inputmap/KeyBinding$OptionalBoolean
instanceKlass javafx/scene/control/skin/ComboBoxMode
instanceKlass javafx/scene/text/FontSmoothingType
instanceKlass com/sun/prism/paint/Paint$Type
instanceKlass com/sun/scenario/effect/Blend$Mode
instanceKlass com/sun/javafx/sg/prism/NGNode$DirtyFlag
instanceKlass com/sun/javafx/tk/quantum/SwipeGestureRecognizer$SwipeRecognitionState
instanceKlass com/sun/glass/ui/GestureSupport$GestureState$StateId
instanceKlass com/sun/javafx/tk/FocusCause
instanceKlass javafx/scene/input/KeyCombination$ModifierValue
instanceKlass javafx/geometry/Side
instanceKlass sun/security/util/KnownOIDs
instanceKlass java/lang/System$Logger$Level
instanceKlass com/sun/javafx/logging/PlatformLogger$Level
instanceKlass javafx/scene/text/FontWeight
instanceKlass javafx/scene/text/FontPosture
instanceKlass jdk/internal/logger/BootstrapLogger$LoggingBackend
instanceKlass javafx/scene/input/MouseButton
instanceKlass javafx/scene/Scene$DirtyBits
instanceKlass javafx/animation/Animation$Status
instanceKlass com/sun/javafx/effect/EffectDirtyBits
instanceKlass javafx/fxml/FXMLLoader$SupportedType
instanceKlass java/lang/invoke/MethodHandleImpl$ArrayAccess
instanceKlass javafx/scene/control/ContentDisplay
instanceKlass javafx/scene/layout/BackgroundRepeat
instanceKlass javafx/scene/effect/BlurType
instanceKlass javafx/scene/paint/CycleMethod
instanceKlass javafx/css/SizeUnits
instanceKlass com/sun/javafx/css/Combinator
instanceKlass javafx/scene/control/OverrunStyle
instanceKlass javafx/scene/text/TextAlignment
instanceKlass javafx/scene/text/TextBoundsType
instanceKlass javafx/scene/input/KeyCode
instanceKlass com/sun/prism/PixelFormat$DataType
instanceKlass com/sun/prism/PixelFormat
instanceKlass javafx/scene/image/PixelFormat$Type
instanceKlass com/sun/javafx/iio/ImageStorage$ImageType
instanceKlass javafx/css/StyleOrigin
instanceKlass com/sun/javafx/sg/prism/NGShape$Mode
instanceKlass javafx/scene/shape/StrokeLineCap
instanceKlass javafx/scene/shape/StrokeLineJoin
instanceKlass javafx/scene/shape/StrokeType
instanceKlass javafx/scene/AccessibleAttribute$ToggleState
instanceKlass javafx/geometry/Pos
instanceKlass javafx/scene/layout/Priority
instanceKlass java/lang/reflect/ProxyGenerator$PrimitiveTypeInfo
instanceKlass java/lang/annotation/RetentionPolicy
instanceKlass javafx/geometry/Orientation
instanceKlass javafx/scene/input/TransferMode
instanceKlass javafx/scene/effect/BlendMode
instanceKlass javafx/scene/AccessibleAction
instanceKlass com/sun/javafx/scene/traversal/TraversalMethod
instanceKlass com/sun/javafx/scene/traversal/Direction
instanceKlass javafx/scene/AccessibleAttribute
instanceKlass javafx/geometry/VPos
instanceKlass javafx/geometry/HPos
instanceKlass javafx/scene/AccessibleRole
instanceKlass com/sun/javafx/scene/LayoutFlags
instanceKlass com/sun/javafx/scene/DirtyBits
instanceKlass javafx/scene/DepthTest
instanceKlass javafx/scene/CacheHint
instanceKlass com/sun/javafx/scene/CssFlags
instanceKlass cc/cmartin/system/model/Script
instanceKlass com/sun/org/apache/xerces/internal/impl/XMLScanner$NameType
instanceKlass jdk/xml/internal/JdkProperty$ImplPropMap
instanceKlass javax/xml/catalog/CatalogFeatures$Feature
instanceKlass com/sun/org/apache/xerces/internal/utils/XMLSecurityPropertyManager$Property
instanceKlass com/sun/org/apache/xerces/internal/utils/XMLSecurityPropertyManager$State
instanceKlass com/sun/org/apache/xerces/internal/utils/XMLSecurityManager$NameMap
instanceKlass jdk/xml/internal/JdkProperty$State
instanceKlass com/sun/org/apache/xerces/internal/utils/XMLSecurityManager$Limit
instanceKlass javafx/geometry/NodeOrientation
instanceKlass com/sun/javafx/application/PlatformImpl$HighContrastScheme
instanceKlass javafx/application/ConditionalFeature
instanceKlass javafx/stage/Modality
instanceKlass javafx/stage/StageStyle
instanceKlass com/sun/prism/impl/ps/BaseShaderContext$SpecialShaderType
instanceKlass com/sun/prism/impl/ps/BaseShaderContext$MaskType
instanceKlass com/sun/prism/GraphicsPipeline$ShaderType
instanceKlass com/sun/prism/GraphicsPipeline$ShaderModel
instanceKlass com/sun/prism/impl/PrismSettings$RasterizerType
instanceKlass java/lang/StackStreamFactory$WalkerState
instanceKlass java/lang/StackWalker$ExtendedOption
instanceKlass java/lang/StackWalker$Option
instanceKlass java/util/regex/Pattern$Qtype
instanceKlass java/util/zip/ZipCoder$Comparison
instanceKlass java/nio/file/AccessMode
instanceKlass java/util/concurrent/TimeUnit
instanceKlass java/nio/file/LinkOption
instanceKlass java/util/stream/Collector$Characteristics
instanceKlass java/util/stream/StreamShape
instanceKlass java/lang/invoke/MethodHandles$Lookup$ClassOption
instanceKlass java/lang/invoke/VarHandle$AccessType
instanceKlass java/lang/invoke/VarHandle$AccessMode
instanceKlass java/lang/invoke/MethodHandleImpl$Intrinsic
instanceKlass java/lang/invoke/LambdaForm$BasicType
instanceKlass java/lang/invoke/LambdaForm$Kind
instanceKlass sun/invoke/util/Wrapper
instanceKlass java/util/stream/StreamOpFlag$Type
instanceKlass java/util/stream/StreamOpFlag
instanceKlass java/io/File$PathStatus
instanceKlass java/lang/module/ModuleDescriptor$Requires$Modifier
instanceKlass java/lang/reflect/AccessFlag$Location
instanceKlass java/lang/reflect/AccessFlag
instanceKlass java/lang/module/ModuleDescriptor$Modifier
instanceKlass sun/nio/fs/WindowsPathType
instanceKlass java/nio/file/StandardOpenOption
instanceKlass java/lang/reflect/ClassFileFormatVersion
instanceKlass java/lang/Thread$State
ciInstanceKlass java/lang/Enum 1 1 204 9 7 12 1 1 1 9 12 1 1 10 7 12 1 1 1 9 12 1 10 7 12 1 1 1 100 1 10 10 12 1 1 10 12 1 7 1 10 10 7 12 1 1 10 12 1 1 18 12 1 1 10 100 12 1 1 1 10 12 1 1 11 7 12 1 1 1 100 1 8 1 10 12 1 100 1 7 1 10 8 1 10 12 1 1 10 12 1 1 8 1 10 12 1 10 100 1 8 1 10 10 12 1 1 10 100 12 1 1 1 7 1 7 1 7 1 1 1 1 1 1 1 1 1 1 1 1 1 1 1 1 1 1 1 1 1 1 1 1 1 1 1 1 1 1 1 1 1 1 1 1 1 1 1 1 1 1 1 1 1 1 1 3 1 1 1 1 100 1 7 1 1 100 1 1 1 1 1 1 1 1 1 1 1 16 15 10 12 16 15 10 100 12 1 1 1 1 1 100 1 100 1 1
instanceKlass java/lang/ref/ReferenceQueue$Null
instanceKlass java/lang/ref/NativeReferenceQueue
ciInstanceKlass java/lang/ref/ReferenceQueue 1 1 183 9 7 12 1 1 1 11 7 12 1 1 1 11 12 1 9 7 12 1 1 1 11 12 1 10 7 12 1 1 9 12 1 1 7 1 10 9 12 1 1 10 12 1 1 9 7 12 1 1 1 9 12 1 9 12 1 9 12 1 1 100 1 10 9 12 1 1 9 12 1 7 1 10 100 12 1 1 1 10 12 1 10 12 1 1 10 7 12 1 1 1 10 12 1 5 0 10 10 12 10 12 1 1 10 12 1 10 12 1 1 100 1 8 1 10 12 1 10 12 1 10 12 1 1 10 12 11 100 12 1 1 1 10 7 12 1 1 7 1 10 1 1 1 1 1 1 1 1 1 1 100 1 1 1 1 1 1 1 1 1 1 1 1 1 1 1 7 1 1 1 1 1 1 1 1 1 1 1 1 1 1 1
staticfield java/lang/ref/ReferenceQueue NULL Ljava/lang/ref/ReferenceQueue; java/lang/ref/ReferenceQueue$Null
staticfield java/lang/ref/ReferenceQueue ENQUEUED Ljava/lang/ref/ReferenceQueue; java/lang/ref/ReferenceQueue$Null
staticfield java/lang/ref/ReferenceQueue $assertionsDisabled Z 1
ciInstanceKlass java/lang/reflect/Method 1 1 472 9 7 12 1 1 1 10 7 12 1 1 1 10 7 12 1 1 9 12 1 1 10 12 1 1 10 12 1 1 10 7 12 1 1 10 7 12 1 1 1 9 12 1 1 9 12 1 9 12 1 1 9 12 1 9 12 1 9 12 1 1 9 12 1 9 12 1 1 9 12 1 9 12 1 9 12 1 1 100 1 8 1 10 12 1 10 12 1 9 12 1 1 8 1 10 7 12 1 1 10 7 12 1 1 1 10 12 1 1 10 12 1 1 10 12 1 10 12 1 1 10 12 1 1 9 100 12 1 1 1 10 12 1 1 10 12 10 7 12 1 1 10 12 1 1 10 12 1 10 12 1 10 12 1 10 7 12 1 1 1 10 12 1 1 10 7 1 10 7 12 1 1 1 10 7 12 1 1 10 12 1 1 10 12 1 1 10 12 1 10 7 12 1 1 1 10 12 1 10 8 1 10 12 1 10 12 1 7 1 8 1 8 1 8 1 10 12 1 10 12 1 1 10 12 1 1 10 10 12 1 1 10 12 1 11 7 1 10 12 1 9 12 1 1 10 12 1 1 10 12 1 10 12 1 1 10 12 1 1 11 7 12 1 1 1 11 12 1 9 12 1 1 10 12 1 10 12 1 10 12 1 10 12 1 10 12 1 10 12 1 9 12 1 1 10 7 12 1 1 1 10 7 12 1 1 10 12 1 1 10 7 12 1 1 1 10 7 12 1 1 1 10 7 12 1 1 1 11 7 12 1 1 1 10 7 12 1 1 1 7 1 100 1 100 1 10 12 1 10 12 1 1 10 12 1 100 1 8 1 10 12 1 10 10 12 1 1 10 12 1 1 10 12 1 1 10 12 1 1 8 1 10 12 1 1 1 1 1 1 1 1 1 1 1 1 1 1 1 1 1 1 1 1 1 1 1 1 1 1 1 1 1 1 1 1 1 1 1 1 1 1 1 1 1 1 1 1 1 1 1 1 1 1 1 1 1 100 1 100 1 100 1 1 1 1 1 1 1 1 1 1 1 1 1 1 1 1 1 1 1 1 1 1 1 1 1 1 1 1 1 1
ciInstanceKlass java/lang/reflect/Field 1 1 457 9 7 12 1 1 1 10 12 1 1 10 100 12 1 1 1 10 100 12 1 1 9 12 1 1 10 12 1 1 10 12 1 1 10 100 12 1 1 10 7 12 1 1 1 9 12 1 1 9 12 1 9 12 1 9 12 1 1 9 12 1 1 9 12 1 9 12 1 1 9 12 1 1 100 1 8 1 10 12 1 10 12 1 9 12 1 1 9 12 1 10 12 1 10 7 12 1 1 10 12 1 1 10 12 1 1 10 12 1 10 12 1 1 9 100 12 1 1 1 10 100 12 1 1 1 100 1 10 12 1 1 10 12 1 1 10 12 1 1 10 12 1 10 12 1 10 7 1 10 7 12 1 1 7 1 10 8 1 10 12 1 1 10 12 1 1 8 1 10 12 10 12 1 8 1 8 1 10 11 7 1 9 12 1 10 12 1 1 10 12 1 1 11 7 12 1 1 1 10 12 1 11 12 1 1 11 12 1 1 11 12 1 1 11 12 1 1 11 12 1 1 11 12 1 1 11 12 1 1 11 12 1 1 11 12 1 1 11 12 1 1 11 12 1 1 11 12 1 1 11 12 1 1 11 12 1 1 11 12 1 1 11 12 1 1 11 12 1 1 10 12 1 10 7 12 1 1 10 12 1 10 12 1 10 12 1 9 12 1 1 10 7 12 1 1 1 10 12 1 1 10 12 1 10 7 12 1 1 10 12 1 1 11 7 1 10 12 1 7 1 10 100 12 1 1 1 10 7 12 1 1 1 9 12 1 10 7 12 1 1 1 11 7 12 1 1 1 10 12 1 1 10 12 1 1 9 100 12 1 1 10 100 12 1 1 1 10 12 1 1 7 1 1 1 1 1 1 1 1 1 1 1 1 1 1 1 1 1 1 1 1 1 1 1 1 1 1 1 1 1 1 1 1 1 1 1 1 1 1 1 100 1 1 1 1 1 1 1 1 1 1 1 1 1 1 1 1 1 1 1 1 1 1 1 1 1 1 1 1 1 1 1 1 7 1 1 1 1 1 1 1 1 1 100 1 1
ciInstanceKlass java/lang/reflect/Parameter 0 0 243 10 7 12 1 1 1 9 7 12 1 1 1 9 12 1 1 9 12 1 1 9 12 1 10 12 1 1 10 12 1 1 10 7 12 1 1 1 7 1 10 10 12 1 1 11 7 12 1 1 1 10 12 1 10 100 12 1 1 1 10 12 1 1 10 12 1 10 12 1 8 1 8 1 10 7 12 1 1 1 10 12 1 10 12 9 100 12 1 1 1 10 100 12 1 1 1 10 12 1 8 1 10 12 1 9 12 1 1 10 12 1 1 9 12 1 1 10 12 1 1 10 12 1 1 10 12 1 1 10 12 1 10 10 12 1 10 100 12 1 1 1 10 12 1 1 11 7 12 1 1 10 7 12 1 1 7 1 10 100 12 1 1 1 10 12 1 1 10 12 1 1 10 12 1 1 10 12 1 1 9 12 1 100 1 10 11 12 1 1 11 12 1 1 7 1 1 1 1 1 1 1 1 1 1 1 1 1 1 1 1 1 1 1 1 1 1 1 1 1 1 1 1 1 1 1 1 1 1 1 1 1 1 1 1 1 100 1 1 1 1 1 1
ciInstanceKlass java/lang/reflect/RecordComponent 0 0 196 10 7 12 1 1 1 9 7 12 1 1 1 9 12 1 1 9 12 1 10 12 1 1 10 12 1 1 10 100 12 1 1 1 10 12 1 1 9 12 1 1 10 12 1 1 10 12 1 1 10 12 1 10 100 12 1 1 10 100 12 1 1 9 12 1 1 10 100 12 1 1 1 11 100 12 1 1 1 10 9 100 12 1 1 1 10 100 12 1 1 1 9 12 1 1 10 100 12 1 1 1 10 12 1 1 11 7 12 1 1 10 7 12 1 1 7 1 9 12 1 9 12 1 1 9 12 1 10 100 12 1 1 1 10 12 1 1 10 12 1 1 7 1 10 10 12 1 10 12 1 1 8 1 10 12 1 10 12 1 9 12 1 7 1 1 1 1 1 1 1 1 1 1 1 1 1 1 1 1 1 1 1 1 1 1 7 1 1 1 1 1 1 100 1 1
ciInstanceKlass java/lang/StringBuffer 0 0 483 10 7 12 1 1 1 10 12 1 10 12 1 10 12 1 1 9 7 12 1 1 1 10 12 1 1 10 12 1 10 12 1 1 9 12 1 1 10 12 1 10 12 1 1 10 12 1 1 10 12 1 10 12 1 1 10 12 1 10 12 1 1 10 12 1 1 10 7 12 1 1 1 10 12 1 1 10 12 1 10 12 1 10 12 1 10 12 1 10 12 1 10 12 1 10 12 1 10 12 1 10 12 1 10 12 1 10 12 1 10 12 1 10 12 1 10 12 1 1 10 12 1 10 12 1 1 10 12 1 1 10 10 12 1 1 10 12 1 10 12 1 10 12 1 10 12 1 10 12 1 10 12 1 10 12 10 12 1 10 12 1 10 12 1 10 12 1 1 10 12 1 10 12 1 10 10 12 1 1 10 12 1 10 12 1 10 12 1 10 10 100 12 1 1 1 10 10 12 1 1 9 12 1 1 10 100 12 1 1 10 100 1 8 10 100 12 1 1 1 8 10 12 1 8 1 10 12 1 10 12 1 10 100 12 1 1 1 10 100 12 1 1 1 100 1 10 12 100 1 8 1 10 10 12 1 1 10 12 1 1 10 12 1 10 12 1 10 12 1 1 10 12 1 10 12 1 10 12 1 10 12 1 10 12 1 10 12 10 12 1 10 12 1 10 12 1 10 12 1 10 12 1 10 12 1 10 12 1 10 12 1 10 12 1 10 12 1 10 12 10 12 10 12 1 10 12 1 10 12 1 10 12 10 12 1 10 12 1 10 12 1 10 12 1 10 12 1 10 12 1 10 12 1 10 12 1 10 12 1 10 12 1 10 12 1 100 1 10 12 1 9 7 12 1 1 1 9 7 1 9 12 1 1 7 1 7 1 7 1 7 1 1 1 1 5 0 1 1 1 1 1 1 1 1 1 1 1 1 1 1 1 1 1 1 1 1 1 1 1 1 1 1 1 1 1 1 1 1 1 1 1 1 1 1 1 1 1 1 1 1 1 1 1 1 1 1 1 1 1 1 1 1 1 1 1 1 1 100 1 1 1 1 1 7 1 1 1 1 1 1 1 1 1 1 1 1 1 1 1 1 1 1
instanceKlass com/sun/javafx/reflect/MethodUtil
instanceKlass jdk/internal/loader/BuiltinClassLoader
instanceKlass java/net/URLClassLoader
ciInstanceKlass java/security/SecureClassLoader 1 1 102 10 7 12 1 1 1 7 1 10 12 1 9 7 12 1 1 1 10 12 1 10 12 1 10 12 1 1 10 12 1 1 10 12 1 7 1 10 7 1 10 12 1 7 1 10 12 1 11 7 12 1 1 1 7 1 11 12 1 10 12 1 1 1 1 1 1 1 1 1 1 1 1 1 1 1 1 1 1 1 1 1 1 1 1 1 1 1 1 1 1 1 1 1 1 1 1 100 1 1 1 1
ciInstanceKlass java/net/URLClassLoader 0 0 600 10 7 12 1 1 1 100 1 10 12 1 9 7 12 1 1 1 10 7 12 1 1 1 9 12 1 1 100 1 10 12 1 9 12 1 1 10 12 1 10 10 12 1 10 100 12 1 1 1 10 12 1 1 10 7 12 1 1 1 10 100 12 1 1 1 100 1 10 12 1 1 10 12 1 1 10 12 1 1 100 1 100 1 10 7 12 1 1 1 100 1 8 1 10 12 1 10 7 12 1 1 1 10 12 1 1 10 12 1 1 11 100 12 1 1 1 11 7 12 1 1 1 11 12 1 1 7 1 11 12 1 11 7 12 1 1 10 12 1 11 12 1 11 12 1 1 11 10 12 1 1 10 12 1 1 10 12 1 1 100 1 10 12 1 10 12 1 1 7 1 100 1 10 12 1 1 7 1 10 10 12 1 1 10 100 12 1 1 10 12 1 100 1 7 1 10 8 1 10 12 1 1 8 1 10 12 1 1 10 10 12 1 8 1 8 1 10 12 1 1 10 7 12 1 1 1 10 100 12 1 1 1 10 12 1 1 10 12 1 1 10 12 1 1 10 12 1 10 12 1 100 1 100 1 8 1 10 12 1 10 12 1 1 10 12 1 1 7 1 10 12 1 10 100 12 1 1 1 10 12 1 1 10 12 1 1 10 12 1 1 10 12 1 10 100 12 1 1 1 10 12 1 1 8 1 10 12 1 1 11 100 12 1 1 1 9 100 12 1 1 1 10 100 12 1 1 1 9 12 1 9 12 1 9 12 1 9 12 1 9 12 1 9 12 1 10 7 12 1 1 1 8 1 10 12 1 1 100 1 10 10 12 1 10 12 1 1 10 12 1 1 100 1 10 12 1 10 12 1 1 10 12 1 10 12 1 1 100 1 10 100 12 1 1 9 100 12 1 1 1 10 12 1 8 1 100 1 8 1 10 12 1 10 12 1 8 1 10 12 1 10 12 1 9 12 1 1 10 100 12 1 1 10 12 1 10 12 1 10 100 1 8 1 10 100 1 10 12 1 10 100 12 1 100 1 10 12 1 10 12 1 100 1 10 10 7 12 1 1 1 1 1 1 1 1 1 1 1 1 1 1 1 1 1 1 1 1 1 1 1 1 1 1 1 1 1 1 1 1 1 1 1 1 1 7 1 100 1 7 1 7 1 1 1 1 1 1 1 1 1 1 1 1 1 1 1 1 1 1 1 1 1 1 1 1 1 1 1 1 1 1 1 1 1 1 1 1 1 1 1 1 1 1 1 1 1 1 100 1 1 1 1 1 1 1 1 1 1 1 1 1 1 1 1 1 1 1 1 1 1 1 1 1 1 1 1 1 1 1 1 1 1 1 1 1 100 1 1 1
ciInstanceKlass java/util/jar/Manifest 1 1 339 10 7 12 1 1 1 7 1 10 9 7 12 1 1 1 7 1 10 9 12 1 1 9 12 1 1 10 12 1 10 12 1 1 10 12 1 1 10 12 1 1 10 12 1 1 11 7 1 11 12 1 1 10 12 1 1 10 100 12 1 1 1 100 1 7 1 10 8 1 10 12 1 1 10 12 1 1 10 12 1 10 12 1 11 100 1 10 12 1 10 12 1 1 11 12 1 1 10 12 1 11 12 1 1 11 100 12 1 1 1 11 7 12 1 1 11 12 1 1 100 1 10 12 1 8 1 11 12 1 7 1 10 12 1 1 11 12 1 10 12 1 10 12 1 10 7 12 1 1 1 8 1 10 12 1 1 10 9 100 12 1 1 1 10 12 1 1 10 100 12 1 10 12 1 10 12 1 9 100 12 1 1 1 8 1 10 12 1 8 1 8 1 7 1 10 12 1 10 12 1 10 12 1 1 100 1 8 1 10 12 1 1 8 1 10 10 12 1 1 8 1 10 12 1 1 10 7 12 1 1 1 10 12 1 10 11 12 1 1 10 12 1 10 100 12 1 1 1 10 12 1 1 10 12 1 10 12 1 1 11 10 12 1 11 10 12 1 7 1 1 1 1 1 1 1 1 1 1 1 1 1 1 1 1 1 1 1 1 1 1 1 1 1 1 1 1 1 1 1 1 1 1 1 1 1 1 1 1 1 1 1 100 1 1 1 1 1 1 1 1 1 1 1 1 1 1 7 1 1 1 1 1 1 1 1 1 1 1
ciInstanceKlass java/io/ByteArrayInputStream 1 1 117 10 7 12 1 1 1 9 7 12 1 1 1 9 12 1 1 9 12 1 9 12 1 10 100 12 1 1 1 10 7 12 1 1 1 10 7 12 1 1 1 10 7 12 1 1 1 10 12 1 1 3 10 100 1 10 100 12 1 1 1 9 12 1 1 100 1 10 10 7 12 1 1 1 1 1 1 1 1 1 1 1 1 1 1 1 1 1 1 1 1 1 1 1 1 1 1 1 1 1 1 1 100 1 1 1 1 1 1 1 1 1 1 1 1 1 1
staticfield java/io/ByteArrayInputStream $assertionsDisabled Z 1
instanceKlass java/nio/DoubleBuffer
instanceKlass java/nio/ShortBuffer
instanceKlass java/nio/FloatBuffer
instanceKlass java/nio/CharBuffer
instanceKlass java/nio/IntBuffer
instanceKlass java/nio/LongBuffer
instanceKlass java/nio/ByteBuffer
ciInstanceKlass java/nio/Buffer 1 1 256 100 1 10 7 12 1 1 1 9 7 12 1 1 1 9 12 1 9 12 1 1 9 12 1 9 12 1 1 10 12 1 1 10 12 1 1 10 12 100 1 7 1 10 8 1 10 12 1 1 10 12 1 8 1 8 1 10 12 1 1 10 12 1 8 1 9 12 1 1 100 1 8 1 10 12 1 8 1 8 1 9 12 10 12 1 8 1 8 1 8 1 10 12 1 8 1 8 1 8 1 100 1 10 100 1 10 100 1 10 9 12 1 1 10 7 12 1 1 1 100 1 10 12 1 1 10 12 1 10 100 12 1 1 10 7 12 1 1 1 10 7 12 1 1 1 9 12 1 1 10 7 12 1 1 1 9 12 1 1 7 1 10 10 12 1 1 7 1 10 10 7 12 1 1 1 1 1 3 1 1 1 1 1 1 1 1 1 1 1 1 1 1 100 1 1 1 1 1 1 1 7 1 1 1 1 1 1 1 1 1 1 1 1 1 1 1 1 1 1 1 1 1 1 1 1 1 1 1 1 1 1 1 1 1 1 1 1 1 1 1 100 1 100 1 100 1 100 1 100 1 100 1 100 1 1
staticfield java/nio/Buffer UNSAFE Ljdk/internal/misc/Unsafe; jdk/internal/misc/Unsafe
staticfield java/nio/Buffer SCOPED_MEMORY_ACCESS Ljdk/internal/misc/ScopedMemoryAccess; jdk/internal/misc/ScopedMemoryAccess
staticfield java/nio/Buffer IOOBE_FORMATTER Ljava/util/function/BiFunction; jdk/internal/util/Preconditions$4
staticfield java/nio/Buffer $assertionsDisabled Z 1
ciInstanceKlass java/util/Objects 1 1 184 10 7 12 1 1 1 100 1 8 1 10 12 1 10 12 1 1 10 7 12 1 1 1 10 12 1 1 10 12 1 10 7 12 1 1 1 10 12 1 1 10 7 12 1 1 1 7 1 10 10 12 1 1 10 7 12 1 1 10 12 1 1 8 1 10 7 12 1 1 1 10 7 12 1 1 1 10 11 100 12 1 1 1 100 1 10 10 12 1 8 1 10 12 1 8 1 100 1 11 12 1 1 8 1 10 7 12 1 1 1 10 12 1 1 10 12 1 10 12 1 10 12 1 10 12 1 1 1 1 1 1 1 1 1 1 1 1 1 1 1 1 1 1 1 1 1 1 1 1 1 1 1 1 1 1 1 1 1 1 1 1 1 1 1 1 1 1 1 1 1 1 1 1 1 1 1 1 1 1 1 1 1 1
ciMethod java/util/Objects requireNonNull (Ljava/lang/Object;)Ljava/lang/Object; 768 0 130917 0 -1
instanceKlass javafx/scene/control/skin/VirtualFlow$ArrayLinkedList
instanceKlass com/sun/javafx/UnmodifiableArrayList
instanceKlass sun/security/jca/ProviderList$3
instanceKlass javafx/scene/control/TextArea$ParagraphList
instanceKlass java/util/AbstractList$SubList
instanceKlass java/util/Collections$SingletonList
instanceKlass java/util/Vector
instanceKlass javafx/collections/ObservableListBase
instanceKlass javafx/collections/FXCollections$EmptyObservableList
instanceKlass java/util/Arrays$ArrayList
instanceKlass java/util/AbstractSequentialList
instanceKlass java/util/ArrayList$SubList
instanceKlass java/util/Collections$EmptyList
instanceKlass java/util/ArrayList
ciInstanceKlass java/util/AbstractList 1 1 218 10 7 12 1 1 1 9 7 12 1 1 1 10 12 1 1 10 12 1 1 100 1 10 10 12 1 1 11 7 12 1 1 1 11 12 1 1 11 12 1 10 7 12 1 1 1 10 12 1 11 12 1 11 12 1 11 12 1 10 12 1 1 10 12 1 1 11 7 12 1 1 1 11 7 1 11 7 1 10 12 1 7 1 10 12 1 10 12 1 1 7 1 7 1 10 12 1 100 1 10 100 1 7 1 10 8 1 10 12 1 1 10 12 1 10 12 1 1 10 12 1 8 1 100 1 8 1 8 1 8 1 10 7 1 11 10 10 12 1 11 12 1 10 12 1 1 8 1 8 1 1 1 1 1 1 1 1 1 1 1 1 1 1 1 1 1 1 1 1 1 1 1 1 1 1 1 1 1 1 1 1 1 1 1 1 1 1 1 1 1 1 1 1 1 1 1 1 1 1 1 1 1 1 1 1 1 1 100 1 100 1 1 1 1 1 1 1
ciInstanceKlass java/lang/Iterable 1 1 62 10 7 12 1 1 1 11 7 12 1 1 1 11 7 12 1 1 1 11 12 1 1 11 7 12 1 1 1 10 100 12 1 1 1 100 1 1 1 1 1 1 1 1 1 1 1 1 1 1 1 1 1 1 1 1 1 1 1 1 1 1
ciInstanceKlass java/util/Collection 1 1 115 11 100 12 1 1 1 100 1 11 7 12 1 1 1 10 100 12 1 1 1 11 12 1 1 11 100 12 1 1 1 11 12 1 1 11 100 12 1 1 1 11 12 1 1 10 100 12 1 1 1 11 12 1 10 7 12 1 1 1 100 1 100 1 1 1 1 1 1 1 1 1 1 1 1 1 1 1 1 1 1 1 1 1 1 1 1 1 1 1 1 1 1 1 1 1 1 1 1 1 1 1 1 1 1 1 1 1 1 1 1 1 1 1 1
ciInstanceKlass java/util/SequencedCollection 1 1 109 100 1 10 12 1 1 11 7 12 1 1 1 11 7 12 1 1 1 11 12 1 1 11 12 1 7 1 7 1 1 1 1 1 1 1 1 1 1 1 1 1 1 1 1 1 1 1 1 1 1 1 1 1 1 1 1 1 100 1 8 1 1 12 10 1 1 1 8 1 1 1 8 1 1 1 8 1 1 1 8 1 1 8 1 1 1 8 1 1 8 1 1 1 8 1 1 8 1 1 1 8 1 1 8 1 1 8 1
ciInstanceKlass java/util/List 1 1 251 10 100 12 1 1 1 11 100 12 1 1 1 11 100 12 1 1 1 11 12 1 1 11 100 12 1 1 11 12 1 1 11 12 1 1 10 100 12 1 1 1 7 1 7 1 10 12 1 1 100 1 10 100 12 1 1 1 11 12 1 1 11 12 1 11 12 1 100 1 10 12 1 11 12 1 1 11 12 1 1 11 12 1 10 100 12 1 1 1 9 7 12 1 1 1 7 1 10 12 10 12 1 7 1 10 12 1 1 10 12 1 10 12 1 1 11 12 1 1 100 1 1 1 1 1 1 1 1 1 1 1 1 1 1 1 1 1 1 1 1 1 1 1 1 1 1 1 1 1 1 1 1 1 1 1 1 1 1 1 1 1 1 1 1 100 1 100 1 1 1 1 1 1 1 1 1 1 1 1 1 1 1 1 1 1 1 1 1 1 1 1 1 1 1 1 1 1 1 1 1 1 1 1 1 1 1 1 1 1 1 1 1 1 1 1 1 1 1 1 1 1 1 1 1 1 1 1 1 1 1 1 1 1 1 1 1 1 1 1 1 1 1 1 100 1 1 100 1 1 1
instanceKlass java/util/EnumMap$Values
instanceKlass java/util/IdentityHashMap$Values
instanceKlass java/util/WeakHashMap$Values
instanceKlass java/util/LinkedHashMap$LinkedValues
instanceKlass java/util/AbstractQueue
instanceKlass java/util/HashMap$Values
instanceKlass java/util/ArrayDeque
instanceKlass java/util/AbstractSet
instanceKlass java/util/ImmutableCollections$AbstractImmutableCollection
instanceKlass java/util/AbstractList
ciInstanceKlass java/util/AbstractCollection 1 1 160 10 7 12 1 1 1 10 7 12 1 1 1 10 12 1 1 11 7 12 1 1 1 11 12 1 1 10 12 1 1 10 100 12 1 1 1 10 12 1 1 10 12 1 1 10 7 12 1 1 10 7 12 1 1 1 7 1 10 7 12 1 1 1 10 100 12 1 1 1 100 1 10 11 12 1 11 7 1 10 12 1 10 12 1 10 100 12 1 1 1 11 8 1 7 1 10 10 12 1 1 8 1 10 12 1 10 12 1 1 1 1 1 1 1 1 1 1 1 1 1 1 1 1 1 1 1 1 1 1 1 1 1 1 1 1 1 1 1 1 1 1 1 1 1 1 1 1 1 1 1 1 1 1 1 1 1 1 1 1
ciMethod java/util/AbstractCollection size ()I 0 0 1 0 -1
ciMethod java/util/AbstractCollection isEmpty ()Z 934 0 14823 0 120
ciInstanceKlass java/lang/AssertionStatusDirectives 0 0 24 10 100 12 1 1 1 100 1 1 1 1 1 1 1 1 1 1 1 1 1 1 1 1
instanceKlass java/util/ConcurrentModificationException
instanceKlass com/sun/javafx/geom/IllegalPathStateException
instanceKlass java/lang/reflect/UndeclaredThrowableException
instanceKlass com/sun/javafx/fxml/PropertyNotFoundException
instanceKlass java/io/UncheckedIOException
instanceKlass java/util/NoSuchElementException
instanceKlass java/lang/IndexOutOfBoundsException
instanceKlass com/sun/javafx/geom/transform/SingularMatrixException
instanceKlass java/lang/UnsupportedOperationException
instanceKlass java/lang/SecurityException
instanceKlass java/lang/IllegalStateException
instanceKlass java/lang/IllegalArgumentException
instanceKlass java/lang/ArithmeticException
instanceKlass java/lang/NullPointerException
instanceKlass java/lang/IllegalMonitorStateException
instanceKlass java/lang/ArrayStoreException
instanceKlass java/lang/ClassCastException
ciInstanceKlass java/lang/RuntimeException 1 1 40 10 7 12 1 1 1 10 12 1 10 12 1 10 12 1 10 12 1 100 1 1 1 1 5 0 1 1 1 1 1 1 1 1 1 1 1 1 1 1
instanceKlass java/nio/DirectByteBuffer$Deallocator
instanceKlass java/lang/reflect/Proxy$ProxyBuilder$ProxyClassContext
instanceKlass java/security/SecureClassLoader$CodeSourceKey
instanceKlass jdk/internal/module/ModuleReferenceImpl$CachedHash
instanceKlass java/util/stream/Collectors$CollectorImpl
instanceKlass jdk/internal/reflect/ReflectionFactory$Config
instanceKlass jdk/internal/foreign/abi/UpcallLinker$CallRegs
instanceKlass jdk/internal/foreign/abi/VMStorage
ciInstanceKlass java/lang/Record 1 1 22 10 7 12 1 1 1 100 1 1 1 1 1 1 1 1 1 1 1 1 1 1
ciInstanceKlass java/lang/invoke/MethodType 1 1 780 7 1 10 7 12 1 1 1 9 12 1 1 9 12 1 1 9 12 1 1 10 7 12 1 1 1 9 7 12 1 1 8 1 10 100 12 1 1 1 9 7 1 9 7 1 10 12 1 1 7 1 10 8 1 10 12 1 1 10 12 1 10 12 1 1 7 1 8 1 10 12 1 100 1 10 10 12 1 10 12 1 1 10 12 1 1 11 7 12 1 1 1 9 12 1 11 12 1 1 7 10 12 1 1 10 12 1 1 7 1 7 1 10 7 12 1 1 1 10 12 1 10 12 1 9 12 1 1 10 7 12 1 1 10 12 1 1 10 7 12 1 1 1 10 7 12 1 1 1 10 12 1 9 12 1 1 10 12 1 1 10 12 1 1 10 12 1 1 10 12 1 1 10 12 1 1 10 12 1 10 12 1 10 12 1 1 10 12 1 8 1 8 1 10 12 1 1 9 12 1 1 100 1 10 10 12 1 1 10 12 1 10 12 1 1 10 12 1 1 10 12 1 10 12 1 10 12 1 8 1 10 12 1 1 10 100 12 1 1 1 10 12 1 10 12 1 1 10 12 1 10 12 1 10 12 1 1 10 12 1 10 12 1 9 12 1 10 12 1 10 10 12 1 1 10 12 1 9 12 1 1 10 12 1 1 11 12 1 1 10 12 1 1 7 1 10 12 10 12 1 10 12 1 100 1 8 1 8 1 8 1 10 12 1 10 12 1 10 12 1 10 10 12 1 11 12 1 1 11 12 1 10 100 12 1 1 1 9 12 1 10 12 1 10 12 1 1 10 12 1 1 10 12 1 10 12 1 10 100 12 1 1 1 10 12 1 1 10 12 1 10 12 1 10 12 1 10 9 12 1 1 7 1 10 12 1 10 12 1 1 9 100 12 1 1 1 10 7 12 1 1 1 10 7 12 1 1 1 10 12 1 1 10 7 12 1 1 1 10 12 1 1 8 1 10 7 12 1 1 1 11 12 1 1 9 12 1 1 10 12 1 1 10 12 1 10 12 1 1 10 12 1 1 10 100 12 1 1 100 1 10 12 1 1 11 100 12 1 1 18 12 1 1 11 12 1 1 18 12 1 11 12 1 100 1 11 100 12 1 1 10 12 1 100 1 10 12 1 10 100 12 1 1 10 12 1 1 9 12 1 1 9 100 12 1 1 1 10 7 12 1 1 1 9 12 1 10 100 12 1 1 10 12 1 100 10 12 1 1 10 12 1 10 7 1 7 1 9 12 1 1 7 1 7 1 7 1 1 1 5 0 1 1 1 1 1 1 1 3 1 3 1 3 1 1 1 1 1 1 1 1 1 1 1 1 1 1 1 1 1 1 1 1 1 1 1 1 1 1 1 1 1 1 1 1 1 1 1 1 1 1 1 1 1 1 1 1 1 1 1 1 1 1 1 1 1 1 1 1 1 1 1 1 1 1 1 1 1 1 1 1 1 1 1 1 1 1 1 1 1 1 1 1 1 1 1 1 1 1 1 1 1 1 1 1 1 1 1 1 1 1 1 1 1 1 1 1 1 1 1 1 1 1 1 1 1 1 1 1 1 1 1 1 1 1 1 1 1 1 1 1 1 1 1 100 1 100 1 1 1 1 1 1 1 1 1 1 1 1 1 100 1 1 1 7 1 1 1 1 1 1 1 1 1 1 1 1 1 1 1 1 1 1 1 1 1 1 16 15 10 12 16 16 15 10 12 16 15 10 100 12 1 1 1 1 1 1 1 7 1 1 7 1 1 100 1 100 1 1
staticfield java/lang/invoke/MethodType internTable Ljava/lang/invoke/MethodType$ConcurrentWeakInternSet; java/lang/invoke/MethodType$ConcurrentWeakInternSet
staticfield java/lang/invoke/MethodType NO_PTYPES [Ljava/lang/Class; 0 [Ljava/lang/Class;
staticfield java/lang/invoke/MethodType objectOnlyTypes [Ljava/lang/invoke/MethodType; 20 [Ljava/lang/invoke/MethodType;
staticfield java/lang/invoke/MethodType METHOD_HANDLE_ARRAY [Ljava/lang/Class; 1 [Ljava/lang/Class;
staticfield java/lang/invoke/MethodType serialPersistentFields [Ljava/io/ObjectStreamField; 0 [Ljava/io/ObjectStreamField;
staticfield java/lang/invoke/MethodType $assertionsDisabled Z 1
ciInstanceKlass java/lang/invoke/TypeDescriptor$OfMethod 1 0 43 100 1 100 1 100 1 1 1 1 1 1 1 1 1 1 1 1 1 1 1 1 1 1 1 1 1 1 1 1 1 1 1 1 1 1 1 1 1 1 100 1 1
instanceKlass java/lang/InstantiationException
instanceKlass java/lang/reflect/InvocationTargetException
instanceKlass java/lang/IllegalAccessException
instanceKlass java/lang/NoSuchFieldException
instanceKlass java/lang/NoSuchMethodException
instanceKlass java/lang/ClassNotFoundException
ciInstanceKlass java/lang/ReflectiveOperationException 1 1 34 10 7 12 1 1 1 10 12 1 10 12 1 10 12 1 100 1 1 1 1 5 0 1 1 1 1 1 1 1 1 1 1 1
instanceKlass java/lang/invoke/DelegatingMethodHandle
instanceKlass java/lang/invoke/BoundMethodHandle
instanceKlass java/lang/invoke/DirectMethodHandle
ciInstanceKlass java/lang/invoke/MethodHandle 1 1 733 100 1 9 7 12 1 1 1 10 7 12 1 1 1 10 7 12 1 1 1 7 1 7 1 10 12 1 1 9 12 1 1 10 12 1 10 12 1 1 10 12 1 1 10 100 12 1 1 1 10 12 1 1 10 12 1 1 11 7 12 1 1 1 10 12 1 1 10 12 1 10 12 1 10 12 1 1 9 12 1 1 9 12 1 1 10 7 12 1 1 1 10 12 1 1 10 12 1 10 12 1 100 1 7 1 10 8 1 10 12 1 1 10 12 1 8 1 10 12 1 1 10 12 1 10 7 12 1 1 1 10 12 1 1 10 12 1 1 10 12 1 1 10 7 12 1 1 1 10 12 1 1 10 12 1 1 10 12 1 10 12 1 1 10 7 12 1 1 10 7 12 1 1 10 12 1 10 12 1 10 12 1 1 10 12 1 1 10 12 1 1 10 12 1 1 10 7 12 1 1 1 10 7 12 1 1 1 10 12 1 1 10 12 1 1 10 12 1 1 8 1 10 7 12 1 1 1 8 1 10 12 1 10 12 1 1 10 12 1 1 10 12 1 8 1 10 12 1 1 8 1 10 12 1 8 1 10 7 12 1 1 1 9 12 1 1 100 1 10 9 7 12 1 1 1 9 7 1 8 1 10 12 1 1 10 12 1 10 12 1 1 10 12 1 10 12 1 1 10 12 1 10 12 1 1 10 12 1 10 12 1 1 10 12 1 1 8 1 10 12 1 1 8 1 10 12 1 10 12 1 1 10 12 1 10 12 1 10 12 1 1 9 100 12 1 1 1 10 12 1 1 11 12 1 10 12 1 10 12 1 1 10 100 12 1 1 100 1 11 12 1 10 100 1 11 12 1 7 1 10 12 1 11 12 1 9 100 12 1 1 1 11 12 1 1 11 100 12 1 1 1 10 12 1 1 9 12 1 11 12 1 9 12 1 9 12 1 9 12 1 11 12 1 1 9 12 1 9 12 1 9 12 1 9 12 1 9 12 1 9 12 1 9 12 1 8 1 10 12 1 10 12 1 8 1 10 12 1 10 12 1 10 12 1 1 10 10 10 7 12 1 1 10 12 1 1 100 1 100 1 8 1 8 1 10 10 12 1 1 10 12 1 10 12 1 7 1 10 100 12 1 1 1 10 9 7 12 1 1 1 10 12 1 1 10 12 1 1 8 1 8 1 10 7 12 1 1 9 12 1 9 12 1 1 9 12 1 1 10 12 1 7 1 10 12 1 10 12 1 1 9 12 1 1 9 12 1 1 10 7 12 1 1 1 11 7 12 1 1 9 12 1 10 12 1 1 9 12 1 10 12 1 8 10 12 1 1 8 1 1 1 1 1 1 1 1 7 1 1 1 1 1 1 1 1 1 1 1 1 1 1 1 1 1 1 1 1 1 1 1 1 1 1 1 1 1 1 100 1 1 1 1 1 1 1 1 1 1 1 1 1 1 1 1 1 1 1 1 1 1 1 1 1 1 1 1 1 1 1 1 1 1 1 1 1 1 1 1 1 1 1 1 1 1 1 1 1 1 1 1 1 1 1 1 1 1 1 1 1 1 1 1 1 1 1 1 1 1 1 1 1 1 1 1 1 1 1 1 1 1 1 1 1 1 100 1 1 100 1 7 1 100 1 1 100 1 1 100 1 1 1 1
staticfield java/lang/invoke/MethodHandle FORM_OFFSET J 20
staticfield java/lang/invoke/MethodHandle UPDATE_OFFSET J 13
staticfield java/lang/invoke/MethodHandle $assertionsDisabled Z 1
ciInstanceKlass java/util/concurrent/ConcurrentHashMap 1 1 1210 7 1 7 1 3 10 12 1 1 3 7 1 10 7 12 1 1 1 7 1 10 7 12 1 1 1 100 1 11 12 1 1 11 12 1 11 12 1 1 9 12 1 1 9 12 1 1 9 12 1 10 7 12 1 1 1 7 1 10 12 1 1 10 12 1 1 10 7 12 1 1 1 4 10 12 1 9 12 1 10 12 1 1 100 1 10 5 0 10 12 1 10 12 1 1 5 0 10 12 1 1 10 12 1 9 12 1 1 10 12 1 1 9 12 1 9 12 1 1 10 12 1 1 9 12 1 10 12 1 1 9 12 1 1 10 12 1 1 100 1 10 100 1 10 12 1 10 12 1 1 10 12 1 1 10 12 1 1 10 12 1 10 12 1 1 10 12 1 1 100 1 10 12 1 1 7 1 100 1 8 1 10 12 1 10 12 1 1 10 12 1 1 11 7 12 1 1 10 12 1 1 11 12 1 1 11 7 12 1 1 1 11 7 12 1 1 1 11 12 1 7 1 11 12 1 11 12 1 10 12 1 1 10 12 1 1 9 12 1 1 10 100 12 1 1 1 9 10 12 1 1 9 12 1 10 12 1 1 5 0 9 12 1 1 7 1 10 12 1 9 12 1 1 7 1 10 12 1 9 12 1 7 1 10 7 1 10 10 12 1 1 8 1 10 12 1 10 12 1 1 11 100 1 10 12 1 10 100 12 1 1 1 8 1 10 100 12 1 1 1 8 1 10 12 1 8 1 10 12 1 10 12 1 1 10 100 12 1 1 10 12 1 10 12 1 10 12 1 9 12 1 9 10 12 1 9 12 1 1 11 100 12 1 1 1 11 7 12 1 1 1 100 1 10 12 11 100 12 1 1 10 11 7 12 1 10 12 1 100 1 10 12 1 100 1 10 10 9 7 12 1 1 1 10 12 3 10 7 12 1 1 9 12 1 10 12 1 1 9 12 1 1 9 12 1 10 12 1 1 10 100 12 1 1 9 12 1 9 7 12 1 1 10 12 1 1 10 12 1 3 9 12 1 9 12 1 10 12 1 1 7 1 9 3 9 12 1 7 1 10 12 1 9 12 1 10 12 1 9 12 1 10 12 1 9 12 1 10 100 12 1 1 1 100 10 12 1 7 1 5 0 10 100 12 1 1 100 1 10 12 1 1 10 12 1 10 12 1 100 1 10 12 1 10 100 1 100 1 10 10 12 1 10 100 1 10 12 1 10 100 1 10 12 1 10 7 1 10 12 1 1 100 1 10 12 1 10 10 12 1 100 1 10 12 1 10 10 12 1 100 1 10 12 1 10 100 1 10 12 1 10 100 1 10 12 1 10 100 1 10 12 1 10 100 1 10 12 1 10 100 1 10 12 1 10 100 1 10 12 1 10 100 1 10 12 1 10 100 1 10 10 100 1 10 10 100 1 10 10 100 1 10 12 1 10 100 1 10 12 1 10 100 1 10 12 1 10 100 1 10 12 1 10 100 1 10 12 1 10 100 1 10 10 100 1 10 10 100 1 10 10 100 1 10 12 1 10 100 1 10 12 1 10 100 1 10 12 1 10 100 1 10 12 1 10 100 1 10 12 1 10 10 12 1 10 7 12 1 1 1 10 12 1 7 1 7 1 10 12 1 9 12 1 1 9 12 1 1 10 12 1 1 8 10 12 1 1 8 8 8 8 7 10 12 1 1 10 12 1 100 1 8 1 10 7 1 7 1 7 1 1 1 5 0 1 1 3 1 3 1 1 1 1 3 1 3 1 3 1 1 1 1 1 3 1 3 1 3 1 1 1 1 1 1 1 1 1 1 1 1 1 1 1 1 1 1 1 1 1 1 1 1 1 100 1 1 1 1 1 1 1 1 1 1 1 1 1 1 1 1 1 1 1 1 1 1 1 1 1 1 1 1 1 1 1 1 1 1 1 1 1 1 1 1 1 1 1 1 1 1 1 1 1 1 1 1 1 1 1 1 1 1 1 1 1 1 1 1 1 1 1 1 1 1 1 1 1 1 1 1 1 1 1 1 1 1 1 1 100 1 1 1 1 1 1 1 1 1 1 1 7 1 1 1 1 1 1 1 1 1 1 1 1 1 1 1 1 1 1 1 1 1 1 1 1 1 1 1 1 1 1 1 1 1 1 1 1 1 1 1 1 1 1 1 1 1 1 1 1 1 1 1 1 1 1 1 1 1 1 1 1 1 1 1 1 1 1 1 1 1 1 1 1 1 1 1 1 1 1 1 1 1 1 1 1 1 1 1 1 1 1 1 1 1 1 1 1 1 1 1 1 1 1 1 1 1 1 1 1 1 1 1 1 1 1 1 1 1 1 1 1 1 1 1 1 1 1 1 1 1 1 1 1 1 1 1 1 1 1 1 1 1 1 1 1 1 1 1 1 1 1 1 1 1 1 1 1 1 1 1 1 1 1 1 1 1 1 1 1 1 1 1 1 1 1 1 1 1 1 1 1 1 1 1 1 1 1 1 1 1 1 1 1 1 1 1 1 1 1 1 1 1 1 1 1 1 1 1 1 1 1 1 1 1 1 1 1 1 1 1 1 1 1 1 100 1 100 1 100 1 100 1 100 1 100 1 100 1 100 1 100 1 1 1 1 1 1 1 1 1 1 1 1 1 1 1 1 1 1 1 1 1 1 1 1 1 1 1 1 1 1 1 1 1 1 1 1 1 1 1 1 1 1 1 1 1 1 1 1 1 1 1 1 1 1 1 1 1 1
staticfield java/util/concurrent/ConcurrentHashMap NCPU I 8
staticfield java/util/concurrent/ConcurrentHashMap serialPersistentFields [Ljava/io/ObjectStreamField; 3 [Ljava/io/ObjectStreamField;
staticfield java/util/concurrent/ConcurrentHashMap U Ljdk/internal/misc/Unsafe; jdk/internal/misc/Unsafe
staticfield java/util/concurrent/ConcurrentHashMap SIZECTL J 20
staticfield java/util/concurrent/ConcurrentHashMap TRANSFERINDEX J 32
staticfield java/util/concurrent/ConcurrentHashMap BASECOUNT J 24
staticfield java/util/concurrent/ConcurrentHashMap CELLSBUSY J 36
staticfield java/util/concurrent/ConcurrentHashMap CELLVALUE J 144
staticfield java/util/concurrent/ConcurrentHashMap ABASE I 16
staticfield java/util/concurrent/ConcurrentHashMap ASHIFT I 2
ciInstanceKlass java/util/concurrent/ConcurrentMap 1 1 208 11 7 12 1 1 1 10 100 12 1 1 11 12 1 1 11 100 12 1 1 1 11 7 12 1 1 1 11 12 1 1 100 1 11 12 1 11 12 1 100 1 11 100 12 1 1 1 18 12 1 11 12 1 1 11 100 12 1 1 11 12 1 1 11 100 12 1 11 12 1 1 11 12 1 1 7 1 7 1 1 1 1 1 1 1 1 1 1 1 1 1 1 1 1 1 1 1 1 1 1 1 1 1 1 1 1 1 1 1 1 1 1 1 1 1 1 1 1 1 1 1 1 1 1 1 1 1 1 1 1 1 1 1 1 1 1 1 1 16 15 11 12 15 10 100 12 1 1 1 1 1 100 1 100 1 1 1 100 1 8 1 1 12 10 1 1 1 8 1 1 1 8 1 1 8 1 1 1 8 1 1 1 8 1 1 1 8 1 1 1 8 1 1 1 8 1 1 1 8 1 1 1 8 1 1 8 1
instanceKlass com/sun/javafx/fxml/builder/ProxyBuilder
instanceKlass com/sun/javafx/fxml/builder/JavaFXImageBuilder
instanceKlass com/sun/javafx/fxml/BeanAdapter
instanceKlass javafx/collections/FXCollections$EmptyObservableMap
instanceKlass java/util/TreeMap
instanceKlass java/util/stream/Collectors$Partition
instanceKlass java/util/IdentityHashMap
instanceKlass java/util/EnumMap
instanceKlass java/util/WeakHashMap
instanceKlass java/util/Collections$EmptyMap
instanceKlass sun/util/PreHashedMap
instanceKlass java/util/HashMap
instanceKlass java/util/ImmutableCollections$AbstractImmutableMap
instanceKlass java/util/concurrent/ConcurrentHashMap
ciInstanceKlass java/util/AbstractMap 1 1 196 10 7 12 1 1 1 10 7 12 1 1 1 11 7 12 1 1 1 10 11 12 1 1 11 7 12 1 1 1 11 12 1 1 7 1 11 12 1 10 12 1 1 11 12 1 100 1 10 11 12 1 11 7 1 10 12 1 1 11 12 1 9 12 1 1 100 1 10 12 1 9 12 1 1 100 1 10 11 11 12 1 1 11 12 1 7 1 100 1 11 12 1 8 1 7 1 10 10 12 1 1 8 1 10 12 1 10 12 1 1 10 12 1 1 1 1 1 1 1 1 1 1 1 1 1 1 1 1 1 1 1 1 1 1 1 1 1 1 1 1 1 1 1 1 1 1 1 1 1 1 1 1 7 1 1 1 1 1 1 1 7 1 1 1 1 1 1 1 1 1 100 1 1 1 1 1 1 1 1 1 100 1 100 1 100 1 100 1 100 1 1 1 1 1 1
ciInstanceKlass jdk/internal/loader/ClassLoaders 1 1 183 10 7 12 1 1 1 10 7 12 1 1 1 10 12 1 1 10 100 12 1 1 1 9 7 12 1 1 1 9 12 1 1 9 12 1 1 7 1 11 100 12 1 1 1 100 1 11 12 1 1 11 12 1 1 10 100 12 1 1 1 10 100 12 1 1 1 100 1 100 1 10 7 12 1 1 1 9 12 1 1 10 12 1 1 7 1 10 12 1 1 10 12 1 7 1 8 1 10 7 12 1 1 1 10 12 1 1 7 1 10 12 1 10 12 1 10 12 1 8 1 10 7 12 1 1 8 1 8 1 10 12 1 7 1 10 12 1 10 12 1 10 12 1 1 1 1 1 1 1 1 1 1 1 1 1 1 1 1 1 1 1 1 7 1 1 1 1 1 1 1 1 1 1 1 1 1 1 1 1 1 1 1
staticfield jdk/internal/loader/ClassLoaders JLA Ljdk/internal/access/JavaLangAccess; java/lang/System$2
staticfield jdk/internal/loader/ClassLoaders BOOT_LOADER Ljdk/internal/loader/ClassLoaders$BootClassLoader; jdk/internal/loader/ClassLoaders$BootClassLoader
staticfield jdk/internal/loader/ClassLoaders PLATFORM_LOADER Ljdk/internal/loader/ClassLoaders$PlatformClassLoader; jdk/internal/loader/ClassLoaders$PlatformClassLoader
staticfield jdk/internal/loader/ClassLoaders APP_LOADER Ljdk/internal/loader/ClassLoaders$AppClassLoader; jdk/internal/loader/ClassLoaders$AppClassLoader
instanceKlass jdk/internal/loader/ClassLoaders$BootClassLoader
instanceKlass jdk/internal/loader/ClassLoaders$PlatformClassLoader
instanceKlass jdk/internal/loader/ClassLoaders$AppClassLoader
ciInstanceKlass jdk/internal/loader/BuiltinClassLoader 1 1 737 9 7 12 1 1 1 10 7 12 1 1 1 10 7 12 1 1 1 9 12 1 1 9 12 1 1 7 1 10 12 1 9 12 1 10 12 1 9 12 1 10 7 12 1 1 1 10 7 12 1 1 1 10 7 12 1 1 1 11 7 12 1 1 1 7 1 7 1 10 10 12 1 1 8 1 10 12 1 10 12 7 1 10 12 1 10 12 1 1 11 7 12 1 1 1 11 7 12 1 1 1 11 12 1 1 7 1 8 1 8 1 10 9 12 1 1 10 7 12 1 1 11 12 1 1 10 12 1 1 10 12 1 1 10 12 1 1 10 7 12 1 1 1 10 12 1 10 7 12 1 1 1 10 12 1 1 11 7 12 1 1 1 10 7 12 1 1 7 1 10 7 12 1 1 1 10 12 1 100 1 8 1 10 12 1 1 10 8 1 10 12 1 1 10 12 1 1 10 12 1 1 11 7 12 1 1 11 12 1 7 1 10 11 12 1 1 11 10 12 1 1 7 1 10 12 1 10 7 12 1 10 12 1 7 1 10 12 1 10 7 12 1 1 1 100 1 10 12 1 1 11 12 1 7 1 100 1 10 12 1 10 12 1 1 100 1 100 1 10 12 1 10 12 1 18 12 1 1 10 12 1 10 12 1 1 18 100 1 10 7 12 1 1 1 7 1 10 10 12 1 1 10 12 1 1 10 12 1 1 10 12 1 9 12 1 1 100 1 10 10 12 1 1 10 12 1 1 10 12 1 10 12 10 12 1 1 10 12 1 1 10 12 1 1 10 12 1 10 12 1 1 18 12 1 7 1 10 12 1 1 10 12 1 10 12 1 1 10 12 1 100 1 10 12 1 7 1 10 12 1 10 7 12 1 1 1 10 12 1 11 12 1 7 1 10 12 1 7 1 100 1 10 12 1 10 12 1 11 12 1 1 10 12 1 1 10 12 1 1 10 12 1 1 10 12 1 1 10 12 1 10 12 1 10 12 1 10 12 1 8 1 10 12 1 1 10 7 12 1 1 10 12 1 100 1 8 1 8 1 10 10 12 1 8 1 8 1 10 7 12 1 1 1 11 7 12 1 1 1 9 7 12 1 1 1 10 7 12 1 1 1 9 12 1 9 12 1 9 12 1 9 12 1 9 12 1 9 12 1 10 7 12 1 1 1 8 1 10 12 1 7 1 10 12 1 1 10 12 1 7 1 10 11 12 1 1 10 12 10 12 1 10 12 1 100 1 10 12 1 10 12 1 10 10 12 1 10 7 12 1 1 8 1 10 7 12 1 1 10 12 1 1 1 1 1 1 1 1 1 1 1 1 1 1 1 1 1 1 1 1 1 1 1 1 1 1 1 1 1 1 1 1 1 1 1 1 1 1 1 1 1 1 1 1 1 1 1 1 1 1 1 1 1 1 1 1 7 1 1 1 1 1 1 1 1 1 1 1 1 1 1 1 1 1 1 7 1 7 1 1 1 1 1 1 1 1 1 1 1 1 1 1 1 1 1 1 1 1 1 1 1 1 1 1 1 1 1 1 1 1 1 1 1 1 1 1 1 1 1 1 1 1 1 1 1 1 1 1 1 100 1 1 16 15 10 12 16 15 10 12 16 15 10 12 16 1 15 10 100 12 1 1 1 1 1 100 1 1 1 1 1 100 1 100 1 1
staticfield jdk/internal/loader/BuiltinClassLoader packageToModule Ljava/util/Map; java/util/concurrent/ConcurrentHashMap
staticfield jdk/internal/loader/BuiltinClassLoader $assertionsDisabled Z 1
ciInstanceKlass jdk/internal/loader/ClassLoaders$AppClassLoader 1 1 119 8 1 10 7 12 1 1 1 10 7 12 1 1 1 10 7 12 1 1 1 10 12 1 1 10 7 12 1 1 1 10 12 1 1 10 12 1 1 7 1 8 1 10 12 10 7 12 1 1 1 10 7 12 1 1 10 12 1 1 10 12 1 1 10 7 12 1 1 1 7 1 10 12 1 1 1 1 1 1 1 1 1 1 1 1 1 1 1 1 1 1 1 1 1 7 1 1 1 1 1 1 1 1 1 1 1 1 1 1 1 1 1 1 1 7 1 1 1
ciInstanceKlass jdk/internal/loader/ClassLoaders$PlatformClassLoader 1 1 42 8 1 10 7 12 1 1 1 10 7 12 1 1 1 7 1 10 12 1 7 1 1 1 1 1 1 1 1 1 1 1 1 1 1 7 1 1 1 100 1 1
ciInstanceKlass java/lang/ArithmeticException 1 1 26 10 100 12 1 1 1 10 12 1 100 1 1 1 1 5 0 1 1 1 1 1 1 1 1 1
ciInstanceKlass java/lang/ArrayStoreException 1 1 26 10 100 12 1 1 1 10 12 1 100 1 1 1 1 5 0 1 1 1 1 1 1 1 1 1
ciInstanceKlass java/lang/ClassCastException 1 1 26 10 100 12 1 1 1 10 12 1 100 1 1 1 1 5 0 1 1 1 1 1 1 1 1 1
ciInstanceKlass java/lang/ClassNotFoundException 1 1 96 7 1 10 7 12 1 1 1 10 12 1 10 12 1 1 10 100 12 1 1 1 8 1 10 100 12 1 1 1 10 7 12 1 1 10 100 12 1 1 1 10 100 12 1 1 1 10 12 1 1 7 1 10 12 1 9 12 1 1 1 1 1 5 0 1 1 1 1 1 1 1 1 1 1 1 1 1 1 1 1 1 1 100 1 1 1 1 1 1 1 1 1 1 1 1
staticfield java/lang/ClassNotFoundException serialPersistentFields [Ljava/io/ObjectStreamField; 1 [Ljava/io/ObjectStreamField;
ciInstanceKlass java/lang/IllegalMonitorStateException 1 1 26 10 100 12 1 1 1 10 12 1 100 1 1 1 1 5 0 1 1 1 1 1 1 1 1 1
ciMethod java/lang/IllegalMonitorStateException <init> ()V 0 0 1 0 -1
ciInstanceKlass java/lang/BootstrapMethodError 0 0 45 10 100 12 1 1 1 10 12 1 10 12 1 10 100 12 1 1 1 10 100 12 1 1 1 1 1 1 5 0 1 1 1 1 1 1 1 1 1 1 1 100 1 1 1
instanceKlass java/lang/UnsatisfiedLinkError
instanceKlass java/lang/IncompatibleClassChangeError
instanceKlass java/lang/BootstrapMethodError
instanceKlass java/lang/NoClassDefFoundError
ciInstanceKlass java/lang/LinkageError 1 1 31 10 7 12 1 1 1 10 12 1 10 12 1 100 1 1 1 1 5 0 1 1 1 1 1 1 1 1 1 1 1
ciInstanceKlass java/lang/NullPointerException 1 1 52 10 7 12 1 1 1 10 12 1 9 7 12 1 1 1 10 12 1 1 9 12 1 1 10 12 1 1 10 12 1 1 1 1 5 0 1 1 1 1 1 1 1 1 100 1 100 1 100 1 1 1
ciInstanceKlass java/lang/NoClassDefFoundError 0 0 26 10 100 12 1 1 1 10 12 1 100 1 1 1 1 5 0 1 1 1 1 1 1 1 1 1
ciInstanceKlass java/lang/StackOverflowError 1 1 26 10 100 12 1 1 1 10 12 1 100 1 1 1 1 5 0 1 1 1 1 1 1 1 1 1
ciInstanceKlass java/lang/StackTraceElement 1 1 235 10 7 12 1 1 1 10 7 12 1 1 9 12 1 1 9 12 1 1 9 12 1 9 12 1 8 1 10 100 12 1 1 1 7 1 9 12 1 8 1 9 12 1 9 12 1 9 12 1 1 10 12 1 1 10 12 1 8 1 10 100 12 1 1 1 7 1 10 12 1 10 12 1 1 10 12 1 10 12 1 1 10 12 1 10 12 1 10 10 12 1 8 1 10 12 1 10 12 1 1 10 12 1 1 10 12 1 10 12 1 10 12 1 9 12 1 1 10 7 12 1 1 1 10 12 1 1 7 1 10 12 1 1 10 7 12 1 1 10 7 12 1 1 1 10 7 12 1 1 10 7 12 1 1 10 10 12 1 1 10 12 1 1 10 12 1 1 10 12 1 7 1 1 1 1 1 1 1 3 1 3 1 1 5 0 1 1 1 1 1 1 1 1 1 1 1 1 1 1 1 1 1 1 1 1 1 1 1 1 1 1 1 1 1 7 1 7 1 1 1 1 1 1 1 100 1 1 1 1 1 1 1 1 1
instanceKlass java/util/concurrent/locks/AbstractQueuedSynchronizer
ciInstanceKlass java/util/concurrent/locks/AbstractOwnableSynchronizer 1 1 32 10 7 12 1 1 1 9 7 12 1 1 1 100 1 1 1 1 5 0 1 1 1 1 1 1 1 1 1 1 1 1
ciMethod java/util/concurrent/locks/AbstractOwnableSynchronizer setExclusiveOwnerThread (Ljava/lang/Thread;)V 258 0 129 0 0
ciMethod java/util/concurrent/locks/AbstractOwnableSynchronizer getExclusiveOwnerThread ()Ljava/lang/Thread; 306 0 153 0 0
ciInstanceKlass jdk/internal/vm/Continuation 0 0 549 9 100 12 1 1 1 9 12 1 9 12 1 100 1 7 1 10 12 1 1 8 1 10 12 1 1 10 12 1 10 12 1 1 10 12 1 9 7 12 1 1 1 11 100 12 1 1 1 10 7 1 9 12 1 1 9 12 1 1 10 8 1 10 12 1 9 12 1 1 10 11 12 1 1 100 1 10 100 12 1 1 1 10 12 1 1 10 12 1 10 12 1 1 11 12 1 1 9 12 1 1 10 12 1 1 18 12 1 1 10 7 12 1 1 1 100 1 10 12 1 11 100 12 1 1 1 10 12 1 9 12 1 10 12 1 1 100 1 8 1 10 12 1 10 12 1 1 9 12 1 1 11 12 1 1 9 12 1 1 8 1 10 11 12 1 1 11 12 1 1 10 12 1 1 10 12 1 1 9 12 1 10 12 1 10 10 12 1 8 1 10 12 1 8 1 8 1 10 7 12 1 1 1 10 7 12 1 1 1 10 12 1 9 12 1 11 12 1 7 1 10 12 1 10 12 1 1 9 12 1 1 7 1 10 12 1 1 9 12 1 1 10 12 1 10 12 1 11 7 12 1 1 10 7 1 10 12 1 8 1 9 12 1 10 12 1 1 9 12 1 1 10 7 12 1 1 8 1 8 1 8 1 8 1 10 12 1 1 10 12 1 10 12 1 10 12 1 10 12 1 1 10 12 1 1 8 1 10 12 1 1 9 12 1 1 10 12 1 1 9 12 1 8 1 10 7 12 1 1 1 10 12 1 8 1 100 1 8 1 10 9 12 1 1 8 1 10 7 12 1 1 10 100 12 1 1 8 1 8 1 10 12 10 100 12 1 1 1 10 7 1 10 7 12 1 1 1 18 11 100 12 1 1 1 18 12 1 11 12 1 1 7 1 10 7 12 1 1 10 12 1 1 8 10 12 1 1 10 100 12 1 1 1 10 100 12 1 1 10 12 1 8 1 10 12 1 7 1 7 1 10 12 1 1 1 1 1 1 1 1 1 1 1 1 1 1 1 1 1 1 1 1 1 1 1 1 1 1 1 1 1 1 1 1 1 1 1 1 1 1 1 1 1 1 1 1 1 1 1 1 1 1 1 1 1 1 1 1 1 1 1 1 1 1 1 1 1 1 1 1 1 1 1 1 1 1 1 100 1 1 16 1 15 10 12 16 15 11 7 12 1 1 1 16 1 16 1 15 10 12 16 15 10 100 12 1 1 1 1 1 1 1 1 100 1 100 1 1
ciInstanceKlass jdk/internal/misc/UnsafeConstants 1 1 34 10 100 12 1 1 1 9 7 12 1 1 1 9 12 1 9 12 1 1 9 12 1 9 12 1 1 1 1 1 1 1 1 1
staticfield jdk/internal/misc/UnsafeConstants ADDRESS_SIZE0 I 8
staticfield jdk/internal/misc/UnsafeConstants PAGE_SIZE I 4096
staticfield jdk/internal/misc/UnsafeConstants BIG_ENDIAN Z 0
staticfield jdk/internal/misc/UnsafeConstants UNALIGNED_ACCESS Z 1
staticfield jdk/internal/misc/UnsafeConstants DATA_CACHE_LINE_FLUSH_SIZE I 0
ciInstanceKlass java/lang/invoke/MethodHandleStatics 1 1 320 10 7 12 1 1 1 9 7 12 1 1 1 9 12 1 1 10 7 12 1 1 1 9 12 1 9 12 1 9 12 1 9 12 1 9 7 12 1 1 1 7 1 10 8 1 10 12 1 1 10 7 12 1 1 1 8 1 10 7 12 1 1 1 10 12 1 1 8 1 8 1 10 12 1 10 100 12 1 1 1 10 7 12 1 1 8 1 10 12 1 1 8 1 8 1 8 1 8 1 10 12 1 1 7 1 10 12 10 12 1 10 12 1 100 1 10 10 12 1 1 100 1 10 10 12 1 7 1 7 1 8 1 8 1 10 12 1 8 1 10 7 12 1 1 1 9 12 1 1 10 7 12 1 1 1 10 12 1 1 9 12 1 1 10 7 12 1 1 1 8 1 10 7 12 1 1 10 7 12 1 1 1 8 1 8 1 8 1 8 1 8 1 10 12 1 10 7 12 1 1 1 9 12 1 8 1 8 1 8 1 8 1 9 12 1 8 1 9 12 1 8 1 8 1 9 12 1 8 1 8 1 9 12 1 8 1 9 12 1 8 1 9 12 1 8 1 8 1 9 12 1 8 1 8 1 10 12 1 1 8 1 10 12 1 1 1 1 1 1 1 1 1 1 1 1 1 1 1 1 1 1 1 1 1 1 1 7 1 7 1 7 1 1 1 1 1 1 1 1 1 1 1 1 1 1 1 1 1 1 1 1 1 1 1 1 1 1 1 1
staticfield java/lang/invoke/MethodHandleStatics UNSAFE Ljdk/internal/misc/Unsafe; jdk/internal/misc/Unsafe
staticfield java/lang/invoke/MethodHandleStatics CLASSFILE_VERSION I 65
staticfield java/lang/invoke/MethodHandleStatics DEBUG_METHOD_HANDLE_NAMES Z 0
staticfield java/lang/invoke/MethodHandleStatics TRACE_INTERPRETER Z 0
staticfield java/lang/invoke/MethodHandleStatics TRACE_METHOD_LINKAGE Z 0
staticfield java/lang/invoke/MethodHandleStatics TRACE_RESOLVE Z 0
staticfield java/lang/invoke/MethodHandleStatics COMPILE_THRESHOLD I 0
staticfield java/lang/invoke/MethodHandleStatics LOG_LF_COMPILATION_FAILURE Z 0
staticfield java/lang/invoke/MethodHandleStatics DONT_INLINE_THRESHOLD I 30
staticfield java/lang/invoke/MethodHandleStatics PROFILE_LEVEL I 0
staticfield java/lang/invoke/MethodHandleStatics PROFILE_GWT Z 1
staticfield java/lang/invoke/MethodHandleStatics CUSTOMIZE_THRESHOLD I 127
staticfield java/lang/invoke/MethodHandleStatics VAR_HANDLE_GUARDS Z 1
staticfield java/lang/invoke/MethodHandleStatics MAX_ARITY I 255
staticfield java/lang/invoke/MethodHandleStatics VAR_HANDLE_IDENTITY_ADAPT Z 0
staticfield java/lang/invoke/MethodHandleStatics DUMP_CLASS_FILES Ljdk/internal/util/ClassFileDumper; jdk/internal/util/ClassFileDumper
ciInstanceKlass java/lang/invoke/LambdaForm 1 1 1059 7 1 100 1 10 7 12 1 1 1 9 12 1 1 9 12 1 9 12 1 9 12 1 1 9 12 1 1 9 12 1 1 9 12 1 1 9 12 1 1 9 12 1 10 7 12 1 1 9 12 1 10 12 1 1 100 1 10 10 12 1 1 10 12 1 10 12 1 10 12 1 1 10 12 1 9 12 1 9 12 1 10 12 1 1 10 7 12 1 1 1 10 12 1 1 9 100 12 1 1 1 10 12 1 1 9 7 12 1 1 10 12 1 10 12 1 1 10 12 1 1 10 12 1 1 7 1 10 7 12 1 1 1 10 12 1 1 10 12 1 10 12 1 1 9 12 1 1 9 12 1 9 12 1 1 10 12 1 9 12 1 10 100 12 1 1 1 10 12 1 1 7 1 10 12 1 9 12 1 1 10 7 12 1 1 1 10 12 1 10 12 1 7 1 10 12 1 10 12 1 10 12 1 1 10 12 1 1 10 12 1 10 12 1 10 12 1 10 12 1 1 8 1 10 12 1 10 12 1 10 10 12 1 8 1 8 1 9 12 1 9 12 1 1 10 12 1 1 10 12 1 9 12 1 10 12 1 1 10 7 12 1 1 1 10 12 1 1 10 12 1 10 12 1 10 100 12 1 1 1 9 12 1 10 12 1 8 1 8 1 8 1 8 1 8 1 8 1 8 1 8 1 10 12 1 9 12 1 7 1 10 12 1 1 9 12 1 10 12 1 10 12 1 1 10 12 10 12 1 10 12 1 1 10 12 1 1 10 10 12 1 1 10 12 1 1 7 1 8 1 10 12 1 1 10 12 1 10 12 1 1 10 8 1 10 12 1 1 8 1 8 1 8 1 10 12 1 10 12 1 10 12 1 1 100 1 10 12 1 1 10 12 1 1 10 7 12 1 1 1 10 12 1 1 9 12 1 1 8 1 10 100 12 1 1 1 10 7 12 1 1 10 12 10 12 1 1 10 12 1 1 9 12 1 8 10 12 1 1 100 1 10 12 1 1 10 12 1 9 7 12 1 1 9 7 12 1 1 1 8 1 10 100 12 1 1 10 12 1 1 7 1 7 1 10 10 12 1 1 10 12 1 1 8 1 8 1 7 1 8 1 10 12 10 12 1 10 12 1 10 12 1 1 8 1 8 1 10 12 1 10 12 1 1 8 1 8 1 8 1 7 1 8 1 7 1 8 1 7 1 8 1 10 12 1 8 1 9 10 7 12 1 1 1 10 12 1 9 12 1 1 10 12 1 10 10 12 1 10 12 1 10 12 1 10 12 1 1 10 12 1 10 12 1 1 10 12 1 1 10 12 1 1 10 12 1 1 8 1 100 10 12 1 10 12 1 9 12 1 1 10 7 12 1 1 8 1 8 1 7 1 8 1 8 1 8 1 8 1 8 1 8 1 8 1 8 1 10 12 1 1 10 12 1 1 10 12 1 10 12 1 10 12 1 10 12 1 8 1 8 1 8 1 10 12 1 8 1 10 12 1 8 1 8 1 8 1 8 1 8 1 10 12 1 10 12 1 10 12 1 1 10 7 12 1 1 1 10 12 1 10 12 1 10 12 1 10 12 1 10 12 1 10 12 1 10 12 1 9 12 1 1 8 1 10 12 1 1 9 12 1 1 10 12 1 1 9 12 1 9 12 1 1 9 12 1 9 12 1 1 7 1 10 7 12 1 1 1 9 12 1 10 12 1 10 12 1 8 1 10 12 1 9 12 1 1 7 1 10 7 12 1 1 1 8 1 100 1 10 12 1 9 12 1 9 12 1 10 12 1 10 12 1 10 7 12 1 1 1 10 12 1 9 7 12 1 1 10 12 1 1 10 12 1 10 12 1 10 12 1 9 12 10 12 1 10 10 12 1 9 12 1 9 9 12 1 7 9 12 1 1 10 12 1 1 9 12 1 10 12 1 10 7 1 9 1 1 1 1 3 1 3 1 1 3 1 3 1 1 1 1 1 1 1 1 1 1 1 1 1 1 1 1 1 1 1 1 1 1 1 1 1 1 1 1 1 1 1 1 1 1 1 1 1 1 1 1 1 1 1 1 1 1 1 1 1 1 1 100 1 1 1 1 1 1 1 1 1 1 1 1 1 1 1 1 1 1 1 1 1 1 1 1 1 1 1 1 1 1 1 1 1 1 1 1 1 1 1 1 1 1 1 1 1 1 1 1 1 1 1 1 1 1 1 1 1 1 1 1 1 1 100 1 1 1 1 1 1 1 1 1 1 1 1 1 1 1 1 1 1 1 1 1 1 1 1 1 1 1 1 1 1 1 1 1 1 7 1 1 1 1 1 1 1 1 1 1 1 1 1 1 1 1 1 1 1 1 1 1 100 1 1 1 100 1 1 7 1 1 1 1 1 1 1 1 1 1 1
staticfield java/lang/invoke/LambdaForm DEFAULT_CUSTOMIZED Ljava/lang/invoke/MethodHandle; null
staticfield java/lang/invoke/LambdaForm DEFAULT_KIND Ljava/lang/invoke/LambdaForm$Kind; java/lang/invoke/LambdaForm$Kind
staticfield java/lang/invoke/LambdaForm COMPILE_THRESHOLD I 0
staticfield java/lang/invoke/LambdaForm INTERNED_ARGUMENTS [[Ljava/lang/invoke/LambdaForm$Name; 5 [[Ljava/lang/invoke/LambdaForm$Name;
staticfield java/lang/invoke/LambdaForm IMPL_NAMES Ljava/lang/invoke/MemberName$Factory; java/lang/invoke/MemberName$Factory
staticfield java/lang/invoke/LambdaForm LF_identity [Ljava/lang/invoke/LambdaForm; 6 [Ljava/lang/invoke/LambdaForm;
staticfield java/lang/invoke/LambdaForm LF_zero [Ljava/lang/invoke/LambdaForm; 6 [Ljava/lang/invoke/LambdaForm;
staticfield java/lang/invoke/LambdaForm NF_identity [Ljava/lang/invoke/LambdaForm$NamedFunction; 6 [Ljava/lang/invoke/LambdaForm$NamedFunction;
staticfield java/lang/invoke/LambdaForm NF_zero [Ljava/lang/invoke/LambdaForm$NamedFunction; 6 [Ljava/lang/invoke/LambdaForm$NamedFunction;
staticfield java/lang/invoke/LambdaForm createFormsLock Ljava/lang/Object; java/lang/Object
staticfield java/lang/invoke/LambdaForm DEBUG_NAME_COUNTERS Ljava/util/HashMap; null
staticfield java/lang/invoke/LambdaForm DEBUG_NAMES Ljava/util/HashMap; null
staticfield java/lang/invoke/LambdaForm TRACE_INTERPRETER Z 0
staticfield java/lang/invoke/LambdaForm $assertionsDisabled Z 1
ciInstanceKlass java/lang/invoke/MemberName 1 1 724 7 1 7 1 100 1 9 12 1 1 10 7 12 1 1 1 9 12 1 1 10 12 1 1 10 12 1 1 10 12 1 1 10 12 1 10 12 1 1 10 7 12 1 1 1 10 12 1 9 7 12 1 1 10 12 1 7 1 7 1 10 12 1 8 1 10 12 1 1 10 12 1 10 12 1 1 10 12 1 9 12 1 1 8 1 10 100 12 1 1 1 7 1 10 10 12 1 1 100 1 100 1 10 12 1 9 12 1 1 100 1 8 1 10 12 1 10 12 1 10 12 1 10 12 1 10 12 1 1 10 12 1 10 12 1 10 12 1 1 8 1 8 1 10 12 1 8 1 9 12 1 1 3 10 12 1 10 12 1 10 12 1 10 10 7 12 1 1 1 10 12 1 10 12 1 10 12 1 10 12 1 7 1 8 10 12 1 1 10 12 1 1 8 1 9 7 1 8 9 7 1 10 12 1 1 10 12 1 10 12 1 8 1 10 12 1 1 10 12 1 10 12 1 10 12 1 10 12 1 1 7 1 10 12 1 1 10 12 1 8 1 10 12 1 10 12 1 8 1 10 12 1 1 10 12 1 1 7 1 10 12 1 1 10 12 8 1 8 1 7 1 10 12 1 10 100 12 1 1 1 100 1 10 12 10 12 1 10 12 1 10 12 1 10 12 1 10 10 12 1 10 12 1 10 12 1 3 10 12 1 3 10 12 1 3 3 3 3 3 3 10 12 1 3 9 12 1 10 12 1 1 3 10 12 1 10 10 7 12 1 1 1 10 12 1 1 10 7 12 1 1 10 10 12 1 10 12 1 1 10 12 1 10 10 12 1 1 10 12 1 10 12 1 10 12 1 7 1 10 10 10 12 100 1 10 10 10 12 1 1 10 12 1 1 10 10 12 1 8 10 7 1 10 12 1 10 7 1 10 12 1 10 12 1 10 12 1 10 10 12 1 10 12 1 1 10 12 1 1 10 12 1 10 12 1 10 12 1 100 1 10 12 1 1 100 1 8 1 10 7 1 10 12 1 10 12 10 12 1 1 10 12 1 10 12 1 8 1 8 1 8 1 8 1 10 12 1 10 12 1 10 7 12 1 1 1 8 1 8 1 10 12 1 8 1 10 10 10 12 1 10 12 1 8 1 8 1 10 10 12 1 8 1 10 100 12 1 1 1 8 1 100 1 10 12 1 10 12 1 1 10 12 1 8 1 8 1 8 1 8 1 100 1 10 8 1 8 1 8 1 8 1 10 12 1 100 1 100 1 100 1 10 100 1 10 7 1 10 7 12 1 1 1 9 7 12 1 1 1 7 1 7 1 1 1 1 1 1 1 3 1 3 1 3 1 3 1 3 1 3 1 1 1 1 1 1 1 1 3 1 3 1 1 1 1 1 1 1 1 1 1 1 1 1 1 1 1 1 1 1 1 1 1 1 1 1 1 1 1 1 1 1 1 1 1 1 1 1 1 1 1 1 1 1 1 1 1 1 1 1 1 1 1 1 1 1 1 1 1 1 1 1 1 1 1 1 1 1 1 1 1 1 1 1 1 1 1 1 1 1 1 1 1 1 1 1 1 1 1 1 1 1 1 1 1 1 1 7 1 1 1 1 1 1 1 1 1 1 1 1 1 1 1
staticfield java/lang/invoke/MemberName $assertionsDisabled Z 1
instanceKlass java/lang/invoke/VarHandleBooleans$FieldInstanceReadOnly
instanceKlass java/lang/invoke/VarHandleReferences$FieldInstanceReadOnly
instanceKlass java/lang/invoke/VarHandleInts$FieldInstanceReadOnly
instanceKlass java/lang/invoke/VarHandleByteArrayAsDoubles$ByteArrayViewVarHandle
instanceKlass java/lang/invoke/VarHandleByteArrayAsLongs$ByteArrayViewVarHandle
instanceKlass java/lang/invoke/VarHandleByteArrayAsFloats$ByteArrayViewVarHandle
instanceKlass java/lang/invoke/VarHandleByteArrayAsInts$ByteArrayViewVarHandle
instanceKlass java/lang/invoke/VarHandleByteArrayAsChars$ByteArrayViewVarHandle
instanceKlass java/lang/invoke/VarHandleByteArrayAsShorts$ByteArrayViewVarHandle
ciInstanceKlass java/lang/invoke/VarHandle 1 1 473 10 7 12 1 1 1 10 7 12 1 1 9 12 1 1 9 12 1 1 100 1 10 8 1 10 12 1 1 10 7 12 1 1 1 10 12 1 1 10 7 12 1 1 1 9 100 12 1 1 1 10 12 1 1 10 7 12 1 1 1 10 12 1 1 9 12 1 10 12 1 9 12 1 1 10 100 12 1 1 10 12 1 9 100 12 1 1 1 9 12 1 1 10 12 1 1 100 1 7 1 10 8 1 10 12 1 1 10 12 1 8 1 10 12 1 10 12 1 9 12 1 1 9 12 1 10 12 1 10 12 1 1 10 12 1 10 10 100 12 1 1 1 10 12 1 1 10 12 1 1 10 7 12 1 1 1 10 100 12 1 1 1 10 100 12 1 1 1 9 12 1 1 9 10 12 1 10 12 1 10 12 1 1 10 12 1 10 7 12 1 1 1 9 12 1 1 10 12 1 1 9 12 1 10 12 1 10 12 1 10 7 12 1 1 100 1 10 9 7 12 1 1 1 9 12 1 1 10 7 12 1 1 1 10 12 1 10 12 1 10 12 1 10 12 1 10 12 1 10 12 1 1 8 10 12 1 1 7 1 10 12 1 1 7 1 1 1 1 1 1 1 1 1 1 1 1 1 1 1 1 1 1 1 1 1 1 1 1 1 1 1 1 1 1 1 1 1 1 1 1 1 1 1 1 1 1 1 1 1 1 1 1 1 1 1 1 1 1 1 1 1 1 1 1 1 1 1 1 1 1 1 1 100 1 1 1 1 1 1 1 1 100 1 1 1 1 1 1 1 1 1 1 1 1 100 1 100 1 1 100 1 100 1 100 1 100 1 100 1 100 1 100 1 100 1 100 1 100 1 100 1 100 1 100 1 100 1 100 1 100 1 100 1 100 1 100 1 100 1 100 1 100 1 100 1 100 1 100 1 100 1 100 1 100 1 100 1 100 1 100 1 100 1 100 1 100 1 100 1 1 1 1 1 1 100 1 1 1 100 1 1 100 1 100 1 100 1 100 1 100 1 100 1 1 1 1 100 1 100 1 100 1 100 1 100 1 100 1 100 1 100 1
staticfield java/lang/invoke/VarHandle VFORM_OFFSET J 16
staticfield java/lang/invoke/VarHandle $assertionsDisabled Z 1
ciMethod java/lang/invoke/VarHandle asDirect ()Ljava/lang/invoke/VarHandle; 0 0 1 0 -1
ciMethod java/lang/invoke/VarHandle checkAccessModeThenIsDirect (Ljava/lang/invoke/VarHandle$AccessDescriptor;)Z 1024 0 63750 0 -1
instanceKlass jdk/internal/reflect/FieldAccessorImpl
instanceKlass jdk/internal/reflect/ConstructorAccessorImpl
instanceKlass jdk/internal/reflect/MethodAccessorImpl
ciInstanceKlass jdk/internal/reflect/MagicAccessorImpl 1 1 16 10 7 12 1 1 1 100 1 1 1 1 1 1 1 1
instanceKlass jdk/internal/reflect/DirectMethodHandleAccessor
ciInstanceKlass jdk/internal/reflect/MethodAccessorImpl 1 1 38 10 7 12 1 1 1 10 100 12 1 1 1 100 1 1 1 1 1 1 1 100 1 100 1 1 1 1 1 1 1 1 1 1 1 1 1 1
ciInstanceKlass jdk/internal/reflect/MethodAccessor 1 0 17 100 1 100 1 1 1 1 100 1 100 1 1 1 1 1 1
instanceKlass jdk/internal/reflect/DirectConstructorHandleAccessor$NativeAccessor
instanceKlass jdk/internal/reflect/DirectConstructorHandleAccessor
instanceKlass jdk/internal/reflect/NativeConstructorAccessorImpl
ciInstanceKlass jdk/internal/reflect/ConstructorAccessorImpl 1 1 27 10 7 12 1 1 1 100 1 100 1 1 1 1 1 1 1 1 1 100 1 100 1 100 1 1 1
ciInstanceKlass jdk/internal/reflect/ConstructorAccessor 1 0 16 100 1 100 1 1 1 1 100 1 100 1 100 1 1 1
ciInstanceKlass jdk/internal/reflect/DelegatingClassLoader 0 0 18 10 100 12 1 1 1 100 1 1 1 1 1 1 1 1 1 1
ciInstanceKlass jdk/internal/reflect/CallerSensitive 0 0 17 100 1 100 1 100 1 1 1 1 1 1 1 1 1 1 1
ciInstanceKlass jdk/internal/reflect/NativeConstructorAccessorImpl 0 0 125 10 7 12 1 1 1 9 7 12 1 1 1 100 1 10 12 1 9 12 1 1 9 12 1 1 10 100 12 1 1 1 10 7 12 1 1 1 10 7 12 1 1 1 9 12 1 9 12 1 1 9 12 1 1 10 7 12 1 1 1 100 1 10 10 12 1 1 10 12 1 10 12 1 1 10 12 1 7 1 10 12 1 1 10 12 1 1 8 10 12 1 1 1 1 1 1 1 1 1 1 1 1 1 1 1 1 1 1 1 1 1 1 100 1 100 1 100 1 1 1 1 1 1 1
ciInstanceKlass jdk/internal/reflect/ConstantPool 1 1 142 10 7 12 1 1 1 9 7 12 1 1 1 10 12 1 1 10 12 1 1 10 12 1 10 12 1 1 10 12 1 1 10 12 1 10 12 1 1 10 12 1 10 12 1 1 10 12 1 10 12 1 10 12 1 10 12 1 1 10 12 1 1 10 12 1 1 10 12 1 1 10 12 1 10 12 1 1 10 100 12 1 1 1 8 11 7 12 1 1 1 10 7 12 1 1 1 1 1 1 1 1 1 1 1 1 1 1 1 1 1 1 1 1 1 1 1 1 1 1 1 1 1 1 1 1 1 1 1 1 1 1 1 1 1 1 1 1 1 1 1 1
ciInstanceKlass jdk/internal/reflect/UnsafeStaticFieldAccessorImpl 0 0 47 10 7 12 1 1 1 9 7 12 1 1 1 10 7 12 1 1 1 9 12 1 1 8 11 100 12 1 1 1 10 100 12 1 1 1 1 1 1 1 1 1 1 1 1 1 1
ciInstanceKlass jdk/internal/reflect/FieldAccessor 1 0 48 100 1 100 1 1 1 1 100 1 1 1 1 1 1 1 1 1 1 1 1 1 1 1 1 1 1 1 100 1 1 1 1 1 1 1 1 1 1 1 1 1 1 1 1 1 1 1
instanceKlass jdk/internal/reflect/MethodHandleFieldAccessorImpl
instanceKlass jdk/internal/reflect/UnsafeFieldAccessorImpl
ciInstanceKlass jdk/internal/reflect/FieldAccessorImpl 1 1 269 10 7 12 1 1 1 9 7 12 1 1 1 10 7 12 1 1 1 10 7 12 1 1 10 7 12 1 1 1 10 12 1 1 7 1 10 10 12 1 1 10 12 1 1 8 1 10 10 12 1 100 1 8 1 10 12 1 8 1 10 12 1 8 1 10 12 1 100 1 10 12 1 1 10 8 1 10 12 1 1 8 1 10 7 12 1 1 8 1 10 7 12 1 1 8 1 10 7 12 1 1 8 1 10 7 12 1 1 8 1 10 7 12 1 1 8 1 10 7 12 1 1 8 1 10 7 12 1 1 8 1 10 7 12 1 1 10 12 1 1 8 1 10 12 1 1 10 100 12 1 1 1 8 1 10 12 1 8 1 8 1 8 1 8 1 10 7 12 1 1 1 8 1 8 1 8 1 10 12 7 1 1 1 1 1 1 1 1 1 1 1 1 1 1 1 1 1 1 1 1 1 1 1 1 1 1 1 1 1 1 1 1 1 1 1 1 1 1 1 1 1 1 1 1 1 1 1 1 1 1 1 1 1 1 1 1 1 1 1 1 1 1 1 1 1 1 1 1 1 1 1 1 1 1 1 1 1 1 1 1 1 1 1 1 1 1 1 1
instanceKlass jdk/internal/reflect/UnsafeStaticFieldAccessorImpl
ciInstanceKlass jdk/internal/reflect/UnsafeFieldAccessorImpl 0 0 62 10 100 12 1 1 1 10 100 12 1 1 1 10 100 12 1 1 1 9 100 12 1 1 10 12 1 9 12 1 1 10 100 12 1 1 1 9 12 1 1 10 12 1 10 12 1 1 1 1 1 1 1 1 1 1 1 1 1 1 1 1
instanceKlass java/lang/invoke/VolatileCallSite
instanceKlass java/lang/invoke/MutableCallSite
instanceKlass java/lang/invoke/ConstantCallSite
ciInstanceKlass java/lang/invoke/CallSite 1 1 296 10 7 12 1 1 1 10 7 12 1 1 1 9 12 1 1 10 7 12 1 1 1 10 12 1 7 1 10 12 1 1 10 12 1 1 9 100 12 1 1 1 10 7 12 1 1 10 12 1 1 100 1 7 1 10 10 7 12 1 1 1 10 12 1 1 8 1 10 12 1 10 12 1 1 10 12 1 10 12 1 1 10 12 1 1 10 10 100 12 1 1 10 12 1 1 9 12 1 9 100 12 1 1 1 8 1 10 7 12 1 1 1 10 12 1 1 7 1 10 12 1 1 9 12 1 8 1 100 1 10 12 1 10 12 1 100 1 8 1 10 10 12 1 10 12 1 1 100 1 10 12 1 1 10 12 1 10 12 1 10 12 1 1 10 12 1 1 9 12 1 1 8 10 12 1 1 9 12 1 1 100 1 10 10 12 1 10 7 12 1 1 1 10 12 1 1 10 12 1 1 10 12 1 10 7 12 1 1 1 7 1 8 1 10 10 12 10 12 1 1 7 1 7 1 7 1 8 1 10 12 1 10 7 12 1 1 1 1 1 1 1 1 1 1 1 1 1 1 1 1 1 1 1 1 1 1 1 1 1 1 1 1 1 1 1 1 1 1 1 1 1 1 1 1 1 1 1 1 1 1 1 1 1 1 1 1 1 1 1 7 1 7 1 1 1
staticfield java/lang/invoke/CallSite $assertionsDisabled Z 1
ciInstanceKlass java/lang/invoke/ConstantCallSite 1 1 65 10 7 12 1 1 1 9 7 12 1 1 1 9 12 1 1 10 7 12 1 1 1 10 12 1 100 1 10 12 9 12 1 1 100 1 10 10 12 1 1 10 12 1 1 1 1 1 1 1 1 1 1 1 1 1 100 1 1 1 1 1 1 1 1
staticfield java/lang/invoke/ConstantCallSite UNSAFE Ljdk/internal/misc/Unsafe; jdk/internal/misc/Unsafe
instanceKlass java/lang/invoke/DirectMethodHandle$StaticAccessor
instanceKlass java/lang/invoke/DirectMethodHandle$Interface
instanceKlass java/lang/invoke/DirectMethodHandle$Constructor
instanceKlass java/lang/invoke/DirectMethodHandle$Accessor
ciInstanceKlass java/lang/invoke/DirectMethodHandle 1 1 923 7 1 7 1 100 1 7 1 7 1 10 7 12 1 1 1 10 7 12 1 1 1 7 1 10 12 1 10 12 1 1 10 7 12 1 1 10 12 1 1 10 12 1 10 12 1 7 1 10 12 1 1 10 12 1 1 10 12 1 10 12 1 1 10 7 12 1 1 1 10 12 1 9 12 1 1 100 1 10 9 12 1 1 9 12 1 10 12 1 10 12 1 10 12 1 1 10 12 1 10 12 1 10 12 1 10 7 12 1 1 1 10 12 1 10 12 1 1 8 1 10 12 1 1 100 1 10 12 1 7 1 10 10 12 1 10 12 1 10 12 1 10 7 12 1 1 1 10 12 1 1 7 1 10 12 1 10 12 1 7 1 10 12 1 10 12 1 1 10 12 1 1 10 12 1 8 10 7 12 1 1 1 10 12 1 10 12 1 10 12 1 1 10 12 1 9 7 12 1 1 1 7 1 10 12 1 10 7 12 1 1 1 10 12 1 10 12 1 1 9 12 1 1 7 1 10 8 1 10 12 1 1 10 12 1 1 8 1 10 12 1 10 12 1 10 10 12 1 10 12 1 10 12 1 10 12 1 10 12 1 1 10 12 1 10 12 1 1 10 12 1 10 12 1 1 10 10 7 12 1 1 1 10 12 1 10 12 1 1 10 12 1 10 12 1 1 8 1 9 7 12 1 1 1 8 1 9 12 1 9 12 1 8 1 9 12 1 9 12 1 8 1 9 12 1 9 12 1 8 1 10 12 1 10 12 1 1 9 12 1 1 7 1 10 12 1 1 7 1 10 7 12 1 1 1 10 12 1 1 10 12 1 10 12 1 1 7 1 10 12 1 1 10 12 1 10 12 1 1 7 1 10 12 1 1 10 12 1 10 7 12 1 1 1 10 12 1 10 12 1 1 10 12 1 9 12 1 1 10 7 1 9 12 9 12 1 10 7 12 1 1 1 10 12 1 7 1 7 1 7 1 9 12 1 1 10 7 12 1 1 1 10 12 10 12 1 100 1 10 12 1 10 12 1 1 8 1 9 12 1 9 12 1 10 12 1 1 9 12 1 1 10 7 12 1 1 1 9 12 1 1 9 12 1 1 10 12 1 10 12 1 10 12 1 10 12 1 1 10 12 1 9 12 1 10 12 1 10 12 1 10 12 1 10 12 1 1 10 12 1 1 9 12 1 1 10 12 1 1 9 7 12 1 1 1 9 12 1 9 12 1 9 12 1 9 12 1 9 12 1 9 12 1 9 12 1 9 12 1 9 12 1 9 12 1 9 12 1 9 12 1 9 12 1 9 12 1 9 12 1 9 12 1 9 12 1 9 12 1 9 12 1 9 12 1 9 12 1 9 12 1 9 12 1 9 12 1 9 12 1 9 12 1 9 12 1 9 12 1 9 12 1 9 12 1 9 12 1 9 12 1 9 12 1 9 12 1 9 12 1 9 12 1 8 1 9 12 1 1 9 12 1 1 10 12 1 10 12 1 1 9 7 1 10 12 1 9 12 1 1 10 12 10 12 1 10 12 1 10 12 1 10 12 1 10 8 1 8 1 8 1 8 1 10 12 1 1 9 12 1 1 10 12 1 10 100 12 1 1 1 8 9 12 1 1 10 12 1 1 8 1 8 8 9 12 1 8 1 8 8 8 8 8 1 8 10 12 1 7 1 10 12 1 8 1 8 1 10 12 1 10 12 1 10 12 1 10 12 1 1 7 1 1 1 1 3 1 3 1 3 1 3 1 3 1 3 1 3 1 3 1 3 1 3 1 1 1 1 1 1 1 1 1 1 3 1 3 1 1 1 1 3 1 1 1 1 1 1 1 1 1 1 1 1 1 1 1 1 1 1 1 1 1 1 1 1 1 1 1 1 1 1 1 1 1 1 1 1 1 1 1 1 1 1 1 1 1 1 1 1 1 1 1 1 1 1 1 1 1 100 1 1 1 1 1 1 1 1 1 100 1 1 1 1 1 1 1 1 1 1 1 1 1 1 1 1 1 1 1 1 1 1 1 1 1 1 1 1 1 1 1 1 1 1 1 1 1 1 1 1 1 1 1 1 1 1 1 1 1 1 1 1
staticfield java/lang/invoke/DirectMethodHandle IMPL_NAMES Ljava/lang/invoke/MemberName$Factory; java/lang/invoke/MemberName$Factory
staticfield java/lang/invoke/DirectMethodHandle FT_UNCHECKED_REF I 8
staticfield java/lang/invoke/DirectMethodHandle ACCESSOR_FORMS [Ljava/lang/invoke/LambdaForm; 132 [Ljava/lang/invoke/LambdaForm;
staticfield java/lang/invoke/DirectMethodHandle ALL_WRAPPERS [Lsun/invoke/util/Wrapper; 10 [Lsun/invoke/util/Wrapper;
staticfield java/lang/invoke/DirectMethodHandle NFS [Ljava/lang/invoke/LambdaForm$NamedFunction; 12 [Ljava/lang/invoke/LambdaForm$NamedFunction;
staticfield java/lang/invoke/DirectMethodHandle OBJ_OBJ_TYPE Ljava/lang/invoke/MethodType; java/lang/invoke/MethodType
staticfield java/lang/invoke/DirectMethodHandle LONG_OBJ_TYPE Ljava/lang/invoke/MethodType; java/lang/invoke/MethodType
staticfield java/lang/invoke/DirectMethodHandle $assertionsDisabled Z 1
ciInstanceKlass java/lang/invoke/MutableCallSite 0 0 63 10 100 12 1 1 1 10 12 1 9 100 12 1 1 1 10 12 1 10 12 1 1 9 12 1 1 10 100 12 1 1 1 10 100 12 1 1 1 10 12 1 1 1 1 1 1 1 1 1 1 1 1 1 1 1 1 1 1 100 1 1 1
ciInstanceKlass java/lang/invoke/VolatileCallSite 0 0 37 10 100 12 1 1 1 10 12 1 10 100 12 1 1 1 10 12 1 10 12 1 1 1 1 1 1 1 1 1 1 1 1 1 1 1 1
ciInstanceKlass java/lang/invoke/ResolvedMethodName 1 1 16 10 100 12 1 1 1 100 1 1 1 1 1 1 1 1
ciInstanceKlass java/lang/invoke/MethodHandleNatives 1 1 685 100 1 10 7 12 1 1 1 9 7 12 1 1 1 10 12 1 1 100 1 10 10 12 1 1 10 12 1 10 12 1 8 1 8 1 8 1 8 1 8 1 8 1 8 1 8 1 8 1 8 1 10 12 1 1 7 1 10 7 12 1 1 1 10 7 12 1 1 1 7 1 10 10 12 1 1 8 1 10 12 1 8 1 10 12 1 1 8 1 10 12 1 1 9 7 12 1 1 1 8 1 10 100 12 1 1 1 7 1 10 12 100 1 100 1 8 1 7 1 10 10 12 1 7 1 9 7 12 1 1 10 12 1 1 10 12 1 10 7 12 1 1 1 10 12 1 1 9 12 1 8 1 10 12 1 1 10 12 1 8 1 10 12 1 1 7 1 10 12 1 10 7 12 1 1 1 10 12 1 10 12 1 1 10 12 1 1 8 1 10 12 1 1 8 1 10 12 1 8 1 8 1 8 1 7 1 10 12 1 8 1 10 7 12 1 1 1 10 12 1 1 10 7 12 1 1 10 10 12 1 1 10 12 1 10 100 12 1 1 1 100 1 8 1 10 100 12 1 1 1 7 1 8 1 10 12 1 8 1 8 1 8 1 8 1 8 1 10 12 1 1 10 12 1 1 10 12 1 10 12 1 1 10 12 1 1 7 1 10 12 1 7 1 7 1 10 12 1 10 12 1 8 1 8 1 10 10 12 1 1 10 12 1 1 8 1 10 7 12 1 1 8 1 8 1 10 12 1 1 10 7 12 1 1 1 100 1 10 12 1 1 7 1 9 12 1 1 10 7 12 1 1 1 10 10 12 1 9 12 1 10 12 1 9 12 1 9 12 1 10 12 1 1 10 12 1 10 12 1 1 7 1 7 1 10 12 1 1 10 12 1 10 12 1 1 10 7 12 1 1 1 10 12 1 8 1 10 12 1 10 12 1 10 12 1 1 10 12 1 10 7 12 1 1 1 10 12 1 1 100 1 8 1 10 9 7 12 1 1 1 10 12 1 1 10 12 1 1 7 1 10 12 1 1 10 12 1 1 100 1 100 1 10 10 100 1 100 1 10 100 1 10 10 12 1 1 10 7 1 10 12 1 10 12 1 1 10 12 1 1 10 12 1 1 10 12 1 10 12 1 1 10 8 1 10 12 1 10 12 1 10 12 1 10 12 1 10 12 1 1 10 12 1 10 12 1 10 12 1 10 10 7 12 1 1 10 12 1 1 1 1 1 1 1 1 1 1 1 1 1 7 1 1 1 1 1 1 1 1 1 1 1 1 1 1 1 1 1 1 1 1 1 1 1 1 1 1 1 1 1 1 1 1 1 1 1 1 1 1 1 1 1 1 1 1 1 1 1 1 1 1 1 1 1 1 1 1 1 1 1 1 1 1 1 100 1 1 1 1 1 1 1 1 1 1 1 1 1 1 1 1 1 1 1 1 1 1 1 1 1 1 1 1 1 1 1 1 1 100 1 1 1 1 1 1 1 1 1 1 1 1 1 1 1 1 1 1 1 1 1 1 1 1 1 1 1 1 1 1 1 1 100 1 1
staticfield java/lang/invoke/MethodHandleNatives $assertionsDisabled Z 1
ciInstanceKlass jdk/internal/foreign/abi/NativeEntryPoint 0 0 194 10 7 12 1 1 1 9 7 12 1 1 1 9 12 1 1 100 1 8 1 10 12 1 10 12 1 1 100 1 10 100 12 1 1 1 10 12 1 9 12 1 1 18 12 1 1 10 100 12 1 1 1 10 7 12 1 1 1 9 7 12 1 1 1 7 1 10 8 1 10 12 1 1 10 12 1 10 12 1 1 8 1 10 12 1 1 7 1 8 1 10 12 1 10 12 1 1 10 12 1 9 12 1 1 18 12 1 1 10 100 12 1 1 1 10 12 1 1 10 12 1 10 100 12 1 1 1 10 1 1 1 1 1 1 1 1 1 1 1 1 1 1 1 1 1 1 1 1 1 1 1 1 1 1 1 1 1 1 1 1 1 1 1 1 1 16 1 15 10 12 16 1 16 15 10 12 15 10 100 12 1 1 1 1 1 100 1 1 100 1 100 1 1
ciInstanceKlass jdk/internal/foreign/abi/ABIDescriptor 0 0 55 10 100 12 1 1 1 9 100 12 1 1 1 9 12 1 1 9 12 1 9 12 1 9 12 1 1 9 12 1 9 12 1 1 9 12 1 9 12 1 9 12 1 9 12 1 1 1 1 1 1 1 1 1 1
ciInstanceKlass jdk/internal/foreign/abi/VMStorage 0 0 91 10 7 12 1 1 1 9 7 12 1 1 1 9 12 1 1 9 12 1 1 9 12 1 1 7 1 10 8 1 10 12 1 1 10 12 1 10 12 1 1 10 12 1 18 12 1 18 12 1 1 18 12 1 1 1 1 1 1 1 1 1 1 1 1 1 1 1 1 1 1 1 8 1 15 15 15 15 15 10 100 12 1 1 1 1 100 1 100 1 1
ciInstanceKlass jdk/internal/foreign/abi/UpcallLinker$CallRegs 0 0 66 10 7 12 1 1 1 9 7 12 1 1 1 9 12 1 18 12 1 1 18 12 1 1 18 12 1 1 1 1 1 1 1 1 1 1 1 1 1 1 1 1 1 1 100 1 1 1 8 1 15 15 15 10 100 12 1 1 1 1 1 100 1 100 1 1
ciInstanceKlass java/lang/StackWalker 1 1 271 9 7 12 1 1 1 7 1 10 7 12 1 1 1 10 12 1 1 10 7 12 1 1 1 10 12 1 1 10 12 1 11 7 12 1 1 1 10 12 1 1 10 12 1 1 10 12 1 1 100 1 8 1 10 12 1 10 12 1 10 12 1 10 7 12 1 1 9 12 1 1 9 12 1 1 9 12 1 1 9 12 1 1 10 12 1 1 9 12 1 1 9 12 1 1 9 12 1 1 10 7 12 1 1 1 11 12 1 1 100 1 8 1 10 10 7 12 1 1 9 12 1 1 10 12 1 1 10 7 12 1 1 1 10 100 12 1 1 1 18 12 1 1 100 1 8 1 10 8 1 10 12 1 1 10 7 12 1 1 1 10 12 1 1 9 7 12 1 1 11 100 12 1 1 1 10 12 1 1 1 1 1 1 1 1 1 1 1 1 1 1 1 1 1 1 1 1 1 1 1 1 1 1 1 1 1 1 1 1 1 1 1 1 1 1 1 1 1 1 1 1 1 1 1 1 1 1 1 1 1 1 1 1 1 1 1 1 1 1 1 1 1 1 7 1 1 16 15 10 12 16 1 15 10 100 12 1 1 1 1 1 1 1 1 1 100 1 100 1 1
staticfield java/lang/StackWalker DEFAULT_EMPTY_OPTION Ljava/util/EnumSet; java/util/RegularEnumSet
staticfield java/lang/StackWalker DEFAULT_WALKER Ljava/lang/StackWalker; java/lang/StackWalker
ciInstanceKlass java/lang/StackWalker$StackFrame 0 0 41 100 1 10 12 1 1 100 1 100 1 1 1 1 1 1 1 1 1 1 1 1 1 1 1 1 1 1 1 1 1 1 1 1 1 1 1 100 1 1 1
instanceKlass java/lang/LiveStackFrameInfo
ciInstanceKlass java/lang/StackFrameInfo 0 0 142 10 7 12 1 1 1 9 7 12 1 1 1 9 7 1 9 12 1 1 11 100 12 1 1 1 9 12 1 1 11 12 1 1 10 12 1 1 10 7 12 1 1 1 10 12 1 11 12 1 11 12 1 1 11 12 1 10 12 1 1 9 12 1 1 10 12 1 1 10 7 12 1 1 10 12 1 1 11 12 1 1 9 12 1 1 10 7 1 10 12 1 9 12 1 1 10 12 1 1 100 1 8 1 10 12 1 10 100 12 1 1 1 7 1 1 1 1 1 1 1 1 1 1 1 1 1 1 1 1 1 1 7 1 1 7 1 1 1 1 1 1
ciInstanceKlass java/lang/LiveStackFrameInfo 0 0 97 10 7 12 1 1 1 9 7 12 1 1 1 9 12 1 9 12 1 9 12 1 9 12 1 1 7 1 10 12 1 1 10 12 1 8 1 10 12 1 1 8 1 8 1 8 1 10 100 1 10 12 1 100 1 10 12 1 7 1 7 1 1 1 3 1 3 1 1 1 1 1 1 1 1 1 1 1 1 1 1 1 1 1 1 1 1 1 1 1 1 1 1 1 100 1 1
ciInstanceKlass java/lang/LiveStackFrame 0 0 135 100 1 10 100 12 1 1 1 11 7 12 1 1 1 11 12 1 10 7 12 1 1 1 100 1 8 1 10 12 1 1 10 7 12 1 1 1 9 100 12 1 1 1 10 7 12 1 1 1 10 7 12 1 1 1 11 12 1 10 12 1 7 1 7 1 1 1 1 1 1 1 1 1 1 1 1 1 1 1 1 1 1 1 1 1 1 1 1 1 1 1 1 100 1 1 1 1 1 1 1 100 1 8 1 1 12 10 1 1 1 8 1 1 1 8 1 1 1 8 1 1 1 8 1 1 8 1 1 1 8 1 1 8 1
instanceKlass java/lang/StackStreamFactory$CallerClassFinder
ciInstanceKlass java/lang/StackStreamFactory$AbstractStackWalker 1 1 375 7 1 7 1 3 10 7 12 1 1 1 10 7 12 1 1 10 7 12 1 1 1 9 12 1 1 10 12 1 1 9 12 1 1 9 12 1 1 9 12 1 1 9 12 1 10 7 12 1 1 1 10 12 1 1 10 7 12 1 1 9 12 1 1 9 12 1 1 10 12 1 1 9 7 12 1 1 1 10 12 1 1 10 12 1 9 12 1 1 10 7 12 1 1 1 10 12 1 1 9 12 1 1 9 7 12 1 1 1 7 1 10 8 1 10 12 1 1 10 12 1 8 1 10 12 1 1 10 100 12 1 1 1 100 1 8 1 10 12 1 8 1 10 12 10 7 12 1 1 9 12 1 8 1 5 0 8 1 8 1 9 12 1 1 10 12 1 1 18 12 1 1 10 7 12 1 1 1 10 12 1 1 10 12 1 10 12 1 9 12 1 10 12 1 10 12 1 10 12 1 10 12 1 10 12 1 10 12 1 1 8 1 10 12 1 10 12 1 10 12 1 10 12 1 1 8 1 10 12 1 1 10 12 1 1 10 12 1 1 10 12 1 10 12 1 10 100 12 1 1 1 10 12 1 10 12 1 9 12 1 8 1 10 12 1 10 12 1 10 12 1 1 10 12 1 10 12 1 10 12 1 1 10 12 1 10 12 1 10 12 1 10 12 1 10 12 1 10 12 1 1 10 12 1 1 10 12 1 8 1 1 1 1 1 1 1 1 1 1 1 1 1 7 1 1 1 1 1 1 1 7 1 1 1 1 7 1 1 1 1 1 1 1 1 1 1 1 1 1 1 1 1 1 1 1 16 15 15 10 100 12 1 1 1 1 1 1 1 1 100 1 100 1 1
ciInstanceKlass jdk/internal/module/Modules 1 1 504 10 7 12 1 1 1 9 7 12 1 1 1 11 7 12 1 1 1 11 12 1 1 11 12 1 1 11 12 1 1 11 12 1 11 12 1 11 12 1 11 12 1 11 12 1 1 10 7 12 1 1 1 10 100 12 1 1 1 18 12 1 1 10 7 12 1 1 1 7 1 10 7 12 1 1 1 10 100 12 1 1 1 10 100 12 1 1 10 12 1 1 11 12 1 9 12 1 1 11 7 12 1 1 1 10 12 1 1 10 10 12 1 10 9 12 1 1 10 100 12 1 1 10 12 1 1 10 100 12 1 1 100 1 11 100 12 1 1 1 10 100 12 1 1 1 11 100 12 1 1 10 12 1 1 10 100 12 1 1 10 100 12 1 1 1 10 12 1 1 10 12 1 1 11 12 1 1 18 12 1 1 11 100 12 1 1 10 100 12 1 1 1 11 100 12 1 1 1 7 1 11 12 1 1 11 7 12 1 1 1 11 12 1 1 10 12 1 1 10 100 12 1 1 18 12 1 1 11 12 1 1 18 12 1 1 11 12 1 1 10 12 1 18 18 10 12 1 1 9 12 1 1 11 7 12 1 1 1 100 1 10 11 12 1 11 12 1 1 11 12 1 1 10 100 1 10 12 1 1 10 100 12 1 1 10 12 1 1 11 12 10 12 1 1 7 1 10 18 12 1 10 12 1 1 7 1 8 1 10 12 1 10 100 12 1 1 18 12 1 11 11 12 10 12 1 10 10 100 1 18 12 1 10 10 10 7 12 1 1 10 7 12 1 1 1 10 12 1 1 1 1 1 1 1 1 1 1 1 1 1 1 1 1 1 1 1 1 1 1 1 1 1 1 1 1 1 1 1 1 1 100 1 1 1 1 1 1 1 1 1 1 1 1 1 1 1 1 1 1 1 1 1 1 1 1 1 1 1 1 1 1 1 1 1 1 1 7 1 1 1 1 1 1 1 1 1 1 1 1 1 1 1 1 1 1 1 1 1 1 1 16 15 10 12 1 16 16 15 10 12 1 16 1 16 1 15 10 12 1 16 1 16 1 15 10 12 16 1 15 10 16 1 15 10 12 16 1 15 10 12 16 15 10 12 16 15 10 12 15 10 100 12 1 1 1 1 1 1 100 1 100 1 1
staticfield jdk/internal/module/Modules JLA Ljdk/internal/access/JavaLangAccess; java/lang/System$2
staticfield jdk/internal/module/Modules JLMA Ljdk/internal/access/JavaLangModuleAccess; java/lang/module/ModuleDescriptor$1
staticfield jdk/internal/module/Modules $assertionsDisabled Z 1
instanceKlass com/sun/javafx/fxml/builder/ProxyBuilder$ArrayListWrapper
ciInstanceKlass java/util/ArrayList 1 1 509 10 7 12 1 1 1 7 1 9 7 12 1 1 1 9 12 1 100 1 7 1 10 8 1 10 12 1 1 10 12 1 10 12 1 1 10 12 1 9 12 1 11 7 12 1 1 1 9 12 1 1 11 12 1 1 7 10 7 12 1 1 1 9 12 1 10 12 1 10 12 1 1 10 7 12 1 1 1 10 7 12 1 1 1 10 12 1 1 10 12 1 1 10 12 1 1 10 12 1 10 12 1 1 100 1 7 1 10 12 1 10 10 7 12 1 1 1 10 7 12 1 1 10 12 1 100 1 10 10 12 10 12 1 1 10 12 1 1 10 12 1 10 12 10 12 1 1 7 1 10 12 1 1 10 12 1 1 10 12 1 100 1 10 11 12 1 1 11 7 12 1 1 1 11 12 1 10 12 1 10 12 1 10 12 1 1 100 1 10 12 1 1 10 10 12 1 1 10 12 1 8 1 8 1 8 1 8 1 10 12 1 1 10 12 1 1 11 12 1 7 1 10 100 12 1 1 10 12 1 10 12 1 1 10 100 12 1 1 10 12 1 10 100 12 1 1 1 11 100 12 1 1 1 10 12 1 100 1 8 1 10 100 1 10 12 1 7 1 10 12 1 10 12 1 1 7 1 10 12 1 10 12 1 1 11 100 12 1 1 7 1 10 12 1 10 12 1 1 11 100 12 1 1 10 12 1 1 10 12 1 1 10 12 1 1 10 12 1 1 11 100 12 1 1 10 12 1 1 7 1 7 1 7 1 1 1 1 5 0 1 3 1 1 1 1 1 1 1 1 1 1 1 1 1 1 1 1 1 1 1 1 1 1 1 1 1 1 1 1 1 1 1 1 1 1 1 1 1 1 1 1 1 1 1 1 1 1 1 1 1 1 1 1 1 1 1 1 1 1 1 1 1 1 1 1 1 1 1 1 1 1 1 1 1 1 1 1 1 1 1 1 1 1 1 1 1 1 1 1 1 1 1 1 1 1 1 1 1 1 1 1 1 1 1 1 100 1 1 1 1 7 1 1 1 1 1 1 1 1 1 1 1 1 1 1 1 1 1 1 1 1 1 1 1 1 1 1 1 1 1 100 1 1 1 1 1 1 1 1 1 1 1 1 1 1 1 1 1 1 100 1 100 1 1 1 1 1 1
staticfield java/util/ArrayList EMPTY_ELEMENTDATA [Ljava/lang/Object; 0 [Ljava/lang/Object;
staticfield java/util/ArrayList DEFAULTCAPACITY_EMPTY_ELEMENTDATA [Ljava/lang/Object; 0 [Ljava/lang/Object;
ciInstanceKlass java/util/RandomAccess 1 0 7 100 1 100 1 1 1
instanceKlass java/nio/MappedByteBuffer
instanceKlass java/nio/HeapByteBuffer
ciInstanceKlass java/nio/ByteBuffer 1 1 446 10 7 12 1 1 1 9 7 12 1 1 1 10 7 12 1 1 1 9 12 1 1 9 12 1 9 12 1 1 9 12 1 1 10 12 1 10 12 1 7 1 10 12 1 10 12 1 1 7 1 10 12 1 10 12 1 100 1 100 1 10 12 1 10 12 1 1 10 7 12 1 1 1 10 12 1 1 10 12 1 100 1 10 10 12 1 1 10 12 1 10 12 1 10 12 100 1 5 0 9 12 1 1 9 12 1 9 12 1 1 10 12 1 1 10 12 1 1 10 7 12 1 1 1 10 7 12 1 1 1 10 12 1 10 12 1 1 10 12 1 1 100 1 10 100 1 10 10 12 1 1 9 12 1 10 12 1 100 1 10 10 12 1 10 12 1 10 12 10 12 1 9 12 100 1 10 10 12 1 10 12 10 12 1 1 10 12 1 10 12 1 10 12 1 10 12 1 7 1 10 10 7 12 1 1 1 10 7 12 1 1 1 10 12 1 1 8 1 10 12 1 8 1 8 1 10 12 1 8 1 10 12 1 10 100 12 1 1 1 10 100 12 1 1 1 10 12 1 1 10 7 1 9 12 1 8 1 10 12 1 8 1 8 1 10 10 12 1 10 12 1 1 10 12 1 1 10 12 10 12 1 1 10 12 10 12 10 12 10 12 10 12 10 12 10 12 1 1 10 12 1 9 12 1 1 7 10 7 12 1 1 1 7 1 1 1 1 1 1 1 1 1 1 1 1 100 1 1 1 1 1 1 1 1 1 1 1 1 1 1 1 1 1 1 1 1 1 7 1 1 1 1 1 1 1 1 1 1 1 1 1 1 1 1 1 1 1 1 1 1 1 1 1 1 1 1 1 1 1 1 1 1 1 1 1 1 1 1 1 1 1 1 1 1 1 1 1 1 1 1 1 1 1 1 1 1 1 1 1 1 1 1 1 1 1 1 1 1 1 1 1 1 1 1 1 1 1 1 1 1 1 1 1 1 1 1 1 1 1 1 1 1 1 100 1
staticfield java/nio/ByteBuffer ARRAY_BASE_OFFSET J 16
staticfield java/nio/ByteBuffer $assertionsDisabled Z 1
ciInstanceKlass java/lang/annotation/Annotation 1 0 17 100 1 100 1 1 1 1 1 1 1 1 1 1 1 1 1
ciInstanceKlass java/lang/invoke/VarHandle$AccessDescriptor 1 1 61 10 7 12 1 1 1 9 7 12 1 1 1 10 7 12 1 1 1 9 12 1 7 1 7 1 10 12 1 1 9 12 1 10 12 1 1 9 12 1 9 12 1 1 9 12 1 1 1 1 1 1 1 1 1 1 1 1 1 1 1
ciInstanceKlass java/lang/invoke/VarForm 1 1 194 100 1 10 7 12 1 1 1 9 7 12 1 1 1 7 1 9 7 12 1 1 1 9 7 1 7 1 9 12 1 1 9 12 1 1 10 12 1 1 7 1 10 7 12 1 1 1 7 1 10 12 1 1 10 12 1 1 10 12 1 1 9 12 1 1 10 12 1 1 9 12 1 10 12 1 1 9 12 1 9 7 12 1 1 10 12 1 1 9 12 1 9 12 1 9 7 1 10 12 1 1 100 1 10 10 12 1 1 10 12 1 1 9 12 1 7 1 10 12 1 1 9 7 12 1 1 1 10 12 1 1 10 12 1 9 12 1 10 12 1 1 1 1 1 1 1 1 1 1 1 1 1 1 1 1 1 1 1 1 100 1 1 1 1 1 1 1 1 1 1 1 1 1 1 1 1 1 1 1 1 100 1 1 1 1 100 1 1 1 1 100 1 1
ciMethod java/lang/invoke/VarForm getMemberName (I)Ljava/lang/invoke/MemberName; 1024 0 63750 0 -1
ciMethod java/lang/invoke/VarForm resolveMemberName (I)Ljava/lang/invoke/MemberName; 14 0 7 0 -1
ciInstanceKlass java/lang/invoke/VarHandleGuards 1 1 746 10 100 12 1 1 1 10 7 12 1 1 1 9 12 1 1 9 7 12 1 1 1 9 7 12 1 1 1 9 12 1 1 9 12 1 10 12 1 1 10 7 12 1 1 1 9 12 1 1 10 100 12 1 1 1 10 12 1 1 9 12 1 10 12 1 1 10 12 1 1 10 12 1 1 10 12 1 10 12 1 1 10 12 1 10 12 1 10 12 1 10 12 1 10 12 1 10 12 1 10 12 1 10 12 1 10 12 1 10 12 1 10 12 1 10 12 1 10 12 1 10 12 1 10 12 1 10 12 1 10 12 1 10 12 1 10 12 1 10 12 1 10 12 1 10 12 1 10 12 1 10 12 1 10 12 1 10 12 1 10 12 1 10 12 1 10 12 1 10 12 1 10 12 1 10 12 1 10 12 1 10 12 1 10 12 1 10 12 1 10 12 1 10 12 1 10 12 1 10 12 1 10 12 1 10 12 1 10 12 1 10 12 1 10 12 1 10 12 1 10 12 1 10 12 1 10 12 1 10 12 1 10 12 1 10 12 1 10 12 1 10 12 1 10 12 1 10 12 1 10 12 1 10 12 1 10 12 1 10 12 1 10 12 1 10 12 1 10 12 1 10 12 1 10 12 1 10 12 1 10 12 1 10 12 1 10 12 1 10 12 1 10 12 1 10 12 1 10 12 1 10 12 1 10 12 1 10 12 1 10 12 1 10 12 1 10 12 1 10 12 1 10 12 1 10 12 1 10 12 1 10 12 1 10 12 1 10 12 1 10 12 1 10 12 1 10 12 1 10 12 1 10 12 1 10 12 1 10 12 1 10 12 1 10 12 1 10 12 1 10 12 1 10 12 1 10 12 1 10 12 1 10 12 1 10 12 1 10 12 1 10 12 1 10 12 1 10 12 1 10 12 1 10 12 1 10 12 1 10 12 1 10 12 1 10 12 1 10 12 1 10 12 1 10 12 1 10 12 1 10 12 1 10 12 1 10 12 1 10 12 1 10 12 1 10 12 1 10 12 1 10 12 1 10 12 1 10 12 1 10 12 1 10 12 1 10 12 1 10 12 1 10 12 1 10 12 1 10 12 1 10 12 1 10 12 1 10 12 1 10 12 1 10 12 1 10 12 1 10 12 1 10 12 1 10 12 1 10 12 1 10 12 1 10 12 1 10 12 1 10 12 1 10 12 1 10 12 1 10 12 1 10 12 1 10 12 1 10 12 1 10 12 1 10 12 1 100 1 1 1 1 1 1 1 1 1 1 1 1 1 1 1 1 1 1 1 1 1 100 1 1 1 1 1 1 1 1 1 1 1 1 1 1 1 1 1 1 1 1 1 1 1 1 1 1 1 1 1 1 1 1 1 1 1 1 1 1 1 1 1 1 1 1 1 1 1 1 1 1 1 1 1 1 1 1 1 1 1 1 1 1 1 1 1 1 1 1 1 1 1 1 1 1 1 1 1 1 1 1 1 1 1 1 1 1 1 1 1 1 1 1 1 1 1 1 1 1 1 1 1 1 1 1 1 1 1 1 1 1 1 1 1 1 1 1 1 1 1 1 1 1 1 1 1 1 1 1 1 1 1 1 1 1 1 1 1 1 1 1 1 1 1 1 1 1 1 1 1 1 1 1 1 1 1 1 1 1 1 1 1 1 1 1 1 1 1 1 1 1 1 100 1 100 1 1
ciMethod java/lang/invoke/VarHandleGuards guard_LI_I (Ljava/lang/invoke/VarHandle;Ljava/lang/Object;ILjava/lang/invoke/VarHandle$AccessDescriptor;)I 1024 0 52354 0 -1
ciInstanceKlass java/util/concurrent/locks/Lock 1 0 19 100 1 100 1 1 1 1 1 100 1 1 1 1 1 1 1 1 1
instanceKlass jdk/internal/loader/NativeLibraries$CountedLock
instanceKlass java/util/concurrent/ConcurrentHashMap$Segment
ciInstanceKlass java/util/concurrent/locks/ReentrantLock 1 1 177 10 7 12 1 1 1 7 1 10 9 7 12 1 1 1 100 1 10 10 7 12 1 1 10 12 1 10 12 1 1 10 100 12 1 1 1 10 12 1 1 10 12 1 1 10 12 1 1 10 12 1 1 10 12 1 10 12 1 10 12 1 1 10 12 1 10 12 1 1 10 12 1 10 12 1 1 100 1 10 100 1 100 1 8 1 10 12 1 10 12 1 1 10 12 1 1 10 12 1 1 7 1 10 10 12 1 1 10 12 1 1 8 1 8 1 10 7 12 1 1 8 1 10 7 1 7 1 1 1 1 5 0 1 1 1 1 1 1 1 1 1 1 100 1 1 1 1 1 1 1 1 1 1 1 1 1 1 1 1 1 1 1 1 1 7 1 1 1 1 1 1 1 1 100 1 1
ciMethod java/util/concurrent/locks/ReentrantLock lock ()V 8 0 71233 0 552
ciMethod java/util/concurrent/locks/ReentrantLock unlock ()V 6 0 80679 0 384
ciInstanceKlass java/util/concurrent/locks/LockSupport 1 1 105 10 7 12 1 1 1 9 7 12 1 1 1 9 12 1 1 10 7 12 1 1 1 10 7 12 1 1 1 10 12 1 1 10 100 12 1 1 1 10 12 1 10 12 1 1 10 12 1 10 12 1 10 12 1 10 12 1 100 1 10 10 12 1 1 10 12 1 1 10 12 1 1 8 1 10 12 1 1 1 1 1 1 1 1 1 1 1 1 1 1 1 7 1 1 1 1 1 1 1 1 1 1 1 1
staticfield java/util/concurrent/locks/LockSupport U Ljdk/internal/misc/Unsafe; jdk/internal/misc/Unsafe
staticfield java/util/concurrent/locks/LockSupport PARKBLOCKER J 92
ciMethod java/util/concurrent/locks/LockSupport unpark (Ljava/lang/Thread;)V 6 0 5124 0 176
ciMethod java/lang/ref/ReferenceQueue poll ()Ljava/lang/ref/Reference; 526 0 13509 0 -1
ciInstanceKlass java/util/Arrays$ArrayList 1 1 149 10 7 12 1 1 1 10 7 12 1 1 1 7 1 9 7 12 1 1 10 7 12 1 1 1 10 12 1 1 10 100 12 1 1 1 10 100 12 1 1 1 10 12 1 1 10 12 1 1 100 1 10 100 12 1 1 1 11 100 12 1 1 1 11 100 12 1 1 10 12 1 1 7 1 10 12 1 100 1 100 1 1 1 1 5 0 1 1 1 1 1 1 1 1 1 1 1 1 1 1 1 1 1 1 1 1 1 1 1 1 1 1 1 1 1 1 1 1 1 1 1 1 1 1 1 1 1 1 1 1 1 1 1 1 1 1 1 1 1 1 1 1 1 1 1 1 1 1
ciInstanceKlass java/util/concurrent/locks/ReentrantLock$NonfairSync 1 1 69 10 7 12 1 1 1 10 7 12 1 1 1 10 7 12 1 1 1 10 12 1 1 10 12 1 10 12 1 1 7 1 8 1 10 12 1 10 12 1 1 1 1 1 5 0 1 1 1 1 1 1 1 1 1 1 1 1 1 1 1 1 1 1 100 1 1 1 1
instanceKlass java/util/concurrent/ThreadPoolExecutor$Worker
instanceKlass java/util/concurrent/CountDownLatch$Sync
instanceKlass java/util/concurrent/locks/ReentrantReadWriteLock$Sync
instanceKlass java/util/concurrent/locks/ReentrantLock$Sync
ciInstanceKlass java/util/concurrent/locks/AbstractQueuedSynchronizer 1 1 367 10 7 12 1 1 1 9 7 12 1 1 1 9 12 1 1 9 12 1 1 10 7 12 1 1 1 9 12 1 10 12 1 1 9 12 1 1 9 12 1 10 7 12 1 1 7 1 10 7 1 9 12 1 10 12 1 1 10 7 12 1 1 1 10 12 1 1 9 7 12 1 1 9 12 1 9 12 1 1 10 7 12 1 1 1 9 12 1 10 12 1 1 9 7 1 10 12 1 1 10 12 1 10 12 1 10 12 1 1 7 1 10 12 1 1 10 12 1 10 12 1 10 12 1 1 10 10 10 12 1 1 10 7 12 1 1 1 10 12 1 1 10 12 1 10 12 1 1 10 12 1 5 0 10 12 1 10 12 1 10 12 1 3 100 1 10 10 12 1 1 100 1 10 10 12 1 10 12 1 100 1 10 10 12 1 7 1 10 10 12 1 1 7 1 10 10 7 12 1 1 1 10 12 1 1 8 1 10 12 1 1 10 12 1 8 1 10 12 1 8 1 8 1 8 1 10 10 100 12 1 1 1 10 12 1 1 100 1 8 1 10 12 1 10 12 1 10 12 1 10 12 1 1 10 12 1 1 8 10 12 1 1 8 8 7 1 1 1 5 0 1 3 1 1 3 1 1 1 1 1 1 1 1 1 1 1 1 1 1 1 1 1 1 1 1 1 1 1 1 1 1 1 1 1 1 1 1 1 1 1 1 1 1 1 1 1 1 1 1 1 1 1 1 1 1 1 1 1 1 1 1 1 1 1 1 1 1 1 1 1 1 1 1 1 1 1 1 1 1 7 1 1 1 1 1 1 1 1 1 1 1 1 1 1 1 1
staticfield java/util/concurrent/locks/AbstractQueuedSynchronizer U Ljdk/internal/misc/Unsafe; jdk/internal/misc/Unsafe
staticfield java/util/concurrent/locks/AbstractQueuedSynchronizer STATE J 16
staticfield java/util/concurrent/locks/AbstractQueuedSynchronizer HEAD J 20
staticfield java/util/concurrent/locks/AbstractQueuedSynchronizer TAIL J 24
ciMethod java/util/concurrent/locks/AbstractQueuedSynchronizer tryAcquire (I)Z 0 0 1 0 -1
ciMethod java/util/concurrent/locks/AbstractQueuedSynchronizer tryRelease (I)Z 0 0 1 0 -1
ciMethod java/util/concurrent/locks/AbstractQueuedSynchronizer getState ()I 258 0 129 0 0
ciMethod java/util/concurrent/locks/AbstractQueuedSynchronizer compareAndSetState (II)Z 774 0 1418 0 104
ciMethod java/util/concurrent/locks/AbstractQueuedSynchronizer setState (I)V 302 0 151 0 0
ciMethod java/util/concurrent/locks/AbstractQueuedSynchronizer release (I)Z 8 0 92431 0 712
ciMethod java/util/concurrent/locks/AbstractQueuedSynchronizer acquire (I)V 0 0 5832 0 0
ciMethod java/util/concurrent/locks/AbstractQueuedSynchronizer acquire (Ljava/util/concurrent/locks/AbstractQueuedSynchronizer$Node;IZZZJ)I 22 66 5273 0 -1
ciMethod java/util/concurrent/locks/AbstractQueuedSynchronizer signalNext (Ljava/util/concurrent/locks/AbstractQueuedSynchronizer$Node;)V 86 0 6627 0 152
instanceKlass java/util/concurrent/locks/ReentrantLock$NonfairSync
ciInstanceKlass java/util/concurrent/locks/ReentrantLock$Sync 1 1 127 10 7 12 1 1 1 10 7 12 1 1 1 10 7 12 1 1 1 10 12 1 1 10 12 1 1 10 12 1 7 1 8 1 10 12 1 10 12 1 1 10 12 1 1 10 12 1 10 12 1 100 1 10 10 12 1 10 12 1 1 7 1 10 7 1 10 12 1 10 12 1 10 100 12 1 1 1 1 1 5 0 1 1 1 1 1 1 1 1 1 1 1 1 1 1 1 1 1 1 1 1 1 1 1 1 1 1 1 1 1 1 1 1 1 100 1 7 1 1 1 1 100 1 1 1 1
ciMethod java/util/concurrent/locks/ReentrantLock$Sync tryRelease (I)Z 8 0 14343 0 224
ciMethod java/util/concurrent/locks/ReentrantLock$Sync initialTryLock ()Z 0 0 1 0 -1
ciMethod java/util/concurrent/locks/ReentrantLock$Sync lock ()V 8 0 71218 0 512
ciMethod java/util/concurrent/locks/ReentrantLock$NonfairSync initialTryLock ()Z 630 0 17725 0 512
instanceKlass java/util/concurrent/locks/AbstractQueuedSynchronizer$SharedNode
instanceKlass java/util/concurrent/locks/AbstractQueuedSynchronizer$ConditionNode
instanceKlass java/util/concurrent/locks/AbstractQueuedSynchronizer$ExclusiveNode
ciInstanceKlass java/util/concurrent/locks/AbstractQueuedSynchronizer$Node 1 1 84 10 7 12 1 1 1 9 7 12 1 1 1 9 7 12 1 1 1 10 7 12 1 1 1 9 12 1 9 12 1 10 12 1 1 10 12 1 1 10 12 1 1 10 12 1 8 1 10 12 1 1 8 1 8 1 1 1 1 1 1 1 1 1 1 1 1 1 1 1 1 1 1 1 1 1 1 1 1 1 1 1 1 1
staticfield java/util/concurrent/locks/AbstractQueuedSynchronizer$Node STATUS J 12
staticfield java/util/concurrent/locks/AbstractQueuedSynchronizer$Node NEXT J 20
staticfield java/util/concurrent/locks/AbstractQueuedSynchronizer$Node PREV J 16
ciMethod java/util/concurrent/locks/AbstractQueuedSynchronizer$Node getAndUnsetStatus (I)I 4098 0 7170 0 144
ciInstanceKlass java/util/Deque 1 1 101 10 100 12 1 1 1 11 7 12 1 1 1 7 1 7 1 7 1 1 1 1 1 1 1 1 1 1 1 1 1 1 1 1 1 1 1 1 1 1 1 1 1 1 1 1 1 1 1 1 1 1 1 1 1 1 1 1 1 1 1 1 1 1 1 1 1 1 1 1 1 100 1 8 1 1 12 10 1 1 1 8 1 1 1 8 1 1 1 8 1 1 8 1 1 1 8 1 1 8 1
ciInstanceKlass java/util/Queue 1 0 70 7 1 7 1 7 1 1 1 1 1 1 1 1 1 1 1 1 1 1 1 1 100 1 8 1 1 12 10 1 1 1 8 1 1 1 8 1 1 1 8 1 1 1 8 1 1 1 8 1 1 8 1 1 1 8 1 1 8 1 1 1 8 1 1 8 1 1 8 1
ciInstanceKlass java/lang/invoke/VarHandleByteArrayAsInts$ArrayHandle 1 1 291 100 1 10 7 12 1 1 1 9 12 1 1 10 7 12 1 1 10 12 1 1 9 12 1 1 7 1 9 7 12 1 1 1 7 1 10 7 12 1 1 1 9 7 12 1 1 1 10 12 1 1 9 7 12 1 1 1 5 0 10 100 12 1 1 1 9 7 12 1 1 1 10 12 1 1 10 12 1 1 10 12 1 1 10 12 1 1 10 12 1 1 10 12 1 1 10 12 1 1 10 12 1 10 12 1 10 12 1 10 12 1 10 12 1 1 10 12 1 1 10 12 1 10 12 1 10 12 1 10 12 1 10 12 1 10 12 1 10 12 1 1 10 12 1 10 12 1 9 12 1 10 12 1 10 12 1 1 10 12 1 10 12 1 10 12 1 1 10 12 1 10 12 1 10 12 1 10 12 1 10 12 1 10 12 1 10 12 1 10 12 1 10 12 1 10 12 1 10 12 1 10 12 1 10 12 1 1 10 12 1 7 1 10 12 1 1 1 1 1 1 1 1 1 1 1 1 1 1 1 1 1 1 1 1 1 1 1 1 1 1 1 1 1 1 1 1 1 1 1 1 1 1 1 1 1 1 1 1 1 1 1 1 1 1 1 1 1 1 1 1 1 1 1 1 1 1 1 1 1 1 1 1 1 1 1 1 1 100 1 1
staticfield java/lang/invoke/VarHandleByteArrayAsInts$ArrayHandle FORM Ljava/lang/invoke/VarForm; java/lang/invoke/VarForm
ciInstanceKlass java/lang/invoke/VarHandleByteArrayAsShorts$ArrayHandle 1 1 170 100 1 10 7 12 1 1 1 9 12 1 1 10 7 12 1 1 10 12 1 1 9 12 1 1 7 1 9 7 12 1 1 1 7 1 9 7 1 10 100 12 1 1 1 9 7 12 1 1 1 10 12 1 1 9 7 12 1 1 1 10 100 12 1 1 1 9 7 12 1 1 1 10 12 1 1 10 12 1 1 10 12 1 1 10 12 1 1 10 12 1 1 10 12 1 1 10 12 1 1 10 12 1 10 12 1 10 12 1 10 12 1 10 12 1 1 10 12 1 7 1 10 12 1 1 1 1 1 1 1 1 1 1 1 1 1 1 1 1 1 1 1 1 1 1 1 1 1 1 1 1 1 1 1 1 1 1 1 1 1 1 1 1 1 1 1 100 1 1
staticfield java/lang/invoke/VarHandleByteArrayAsShorts$ArrayHandle FORM Ljava/lang/invoke/VarForm; java/lang/invoke/VarForm
ciMethod java/lang/invoke/VarHandle getMethodHandle (I)Ljava/lang/invoke/MethodHandle; 0 0 1 0 -1
ciMethod java/lang/invoke/VarHandle throwWrongMethodTypeException (Ljava/lang/invoke/VarHandle$AccessDescriptor;)V 0 0 1 0 -1
ciMethod java/lang/invoke/VarHandle accessModeType (I)Ljava/lang/invoke/MethodType; 0 0 1078 0 -1
ciMethod java/lang/invoke/MethodHandle asType (Ljava/lang/invoke/MethodType;)Ljava/lang/invoke/MethodHandle; 86 0 878 0 -1
ciMethod java/lang/Enum ordinal ()I 334 0 167 0 0
ciMethod jdk/internal/util/ArraysSupport mismatch ([BI[BII)I 804 352 13736 0 648
ciMethod jdk/internal/util/ArraysSupport vectorizedMismatch (Ljava/lang/Object;JLjava/lang/Object;JII)I 770 672 1292 0 -1
ciMethod java/lang/Math ceil (D)D 624 0 30509 0 -1
ciMethod java/lang/Math floor (D)D 880 0 10958 0 -1
ciMethod java/lang/Thread isVirtual ()Z 1892 0 15940 0 0
ciMethod java/lang/Thread currentThread ()Ljava/lang/Thread; 0 0 1 0 -1
ciMethod java/lang/Thread getName ()Ljava/lang/String; 256 0 128 0 0
ciMethod jdk/internal/misc/Unsafe getAndBitwiseAndInt (Ljava/lang/Object;JI)I 526 0 5125 0 -1
ciMethod jdk/internal/misc/Unsafe unpark (Ljava/lang/Object;)V 258 0 129 0 -1
ciMethod jdk/internal/misc/Unsafe getAndSetInt (Ljava/lang/Object;JI)I 512 0 256 0 -1
ciMethod jdk/internal/misc/Unsafe weakCompareAndSetInt (Ljava/lang/Object;JII)Z 512 0 1296 0 -1
ciMethod jdk/internal/misc/Unsafe compareAndSetInt (Ljava/lang/Object;JII)Z 256 0 128 0 -1
ciMethod jdk/internal/misc/Unsafe getIntVolatile (Ljava/lang/Object;J)I 256 0 128 0 -1
ciMethod java/lang/Error <init> (Ljava/lang/String;)V 38 0 46 0 0
ciMethod java/lang/String startsWith (Ljava/lang/String;I)Z 992 0 32536 0 1224
ciMethod java/lang/String startsWith (Ljava/lang/String;)Z 410 0 21107 0 1136
ciMethod java/lang/String coder ()B 1024 0 651867 0 88
ciMethod java/lang/String valueOf (Ljava/lang/Object;)Ljava/lang/String; 18 0 1469 0 -1
ciMethod java/util/Hashtable remove (Ljava/lang/Object;)Ljava/lang/Object; 104 6 52 0 -1
ciMethod java/lang/Throwable <init> (Ljava/lang/String;)V 364 0 182 0 -1
ciMethod java/lang/Class cast (Ljava/lang/Object;)Ljava/lang/Object; 512 0 54471 0 -1
ciInstanceKlass com/sun/javafx/tk/quantum/QuantumToolkit 1 1 1866 10 7 12 1 1 1 7 1 10 12 1 9 7 12 1 1 1 7 1 10 12 1 9 12 1 1 9 12 1 9 12 1 9 12 1 1 7 1 10 12 1 9 12 1 1 9 7 12 1 1 1 10 12 1 1 10 12 1 1 9 12 1 9 12 1 9 12 1 1 9 12 1 1 9 12 1 9 12 1 1 9 12 1 1 9 12 1 1 7 1 10 9 12 1 1 7 1 10 10 7 12 1 1 1 9 12 1 1 7 1 10 9 12 1 1 10 7 12 1 1 1 9 12 1 1 10 7 12 1 1 1 9 12 1 1 10 7 12 1 1 1 9 12 1 1 7 1 8 1 10 12 1 18 12 1 1 10 7 12 1 1 1 100 1 10 7 12 1 1 1 10 12 1 1 9 12 1 1 9 12 1 1 18 12 1 10 7 12 1 1 100 1 9 12 1 10 12 1 7 1 10 10 12 1 10 12 1 100 1 10 9 12 1 10 7 12 1 1 1 10 12 1 1 8 1 10 12 1 1 10 12 1 1 10 12 1 1 10 12 1 10 12 1 18 9 12 1 18 9 12 1 10 12 1 1 10 12 1 1 7 1 10 12 1 10 12 1 1 10 12 1 10 12 1 10 12 1 10 12 1 1 10 7 12 1 1 1 10 7 12 1 1 10 7 12 1 1 1 10 12 9 7 1 9 7 12 1 1 1 9 12 1 10 12 1 18 12 1 1 10 100 12 1 1 8 1 10 7 12 1 1 10 12 1 9 7 12 1 1 1 10 7 12 1 1 10 12 1 11 7 12 1 1 1 10 12 1 18 12 1 10 12 1 10 12 1 10 12 1 10 12 1 9 12 1 10 100 12 1 1 1 100 1 10 12 1 1 10 7 12 1 1 11 100 12 1 1 1 9 12 1 10 12 10 12 1 1 10 12 10 10 12 1 10 12 1 9 12 1 10 12 1 1 10 12 1 1 18 12 1 10 12 1 18 10 12 1 5 0 10 12 1 18 18 10 12 1 8 1 8 1 8 1 8 1 8 1 8 1 8 1 8 1 18 12 1 10 12 1 18 12 1 10 12 1 10 12 1 10 12 9 7 12 1 1 10 12 1 10 12 1 10 9 12 1 1 11 7 1 10 12 1 10 12 1 10 12 18 10 12 1 10 12 1 7 1 10 12 1 10 12 1 1 10 12 1 10 12 1 10 12 1 1 10 100 1 10 10 12 1 100 1 8 1 10 12 10 12 1 1 100 1 10 7 12 1 1 1 18 12 1 10 10 12 1 1 10 12 1 1 10 100 12 1 1 10 12 1 10 12 1 18 10 12 1 10 12 1 10 12 1 1 10 12 1 1 11 100 12 1 1 1 11 7 12 1 1 11 12 1 10 12 1 10 12 1 10 12 1 100 1 10 12 1 10 7 1 10 12 1 10 12 1 9 12 1 1 10 12 1 1 11 7 1 10 12 1 1 10 12 1 11 100 12 1 1 10 12 1 1 9 12 1 1 10 10 12 1 1 10 7 12 1 1 1 10 12 1 7 1 10 12 1 10 12 1 10 12 1 100 1 10 12 1 10 12 1 10 12 1 10 12 1 10 12 1 18 12 1 10 12 1 1 10 12 1 10 12 1 10 12 1 1 10 12 1 18 10 100 12 1 1 1 9 100 12 1 1 1 10 12 1 1 9 12 1 1 10 12 1 9 12 1 1 10 7 12 1 1 11 100 12 1 1 7 1 10 7 12 1 1 10 12 1 10 12 1 10 12 1 10 12 1 10 12 1 1 11 7 12 1 1 1 7 1 11 12 1 10 7 1 7 1 10 12 1 1 10 12 1 1 10 12 1 10 12 1 11 12 1 100 1 10 7 12 1 1 1 9 7 12 1 1 1 9 12 1 10 12 1 10 12 1 1 7 1 10 12 1 10 12 1 10 12 1 10 12 1 10 12 1 10 12 1 10 100 12 1 1 10 12 1 10 12 1 10 12 1 10 10 100 1 10 12 1 10 10 12 1 10 100 12 1 1 1 9 12 1 1 100 1 10 12 1 1 11 100 12 1 1 1 100 1 10 12 1 10 12 1 10 12 1 10 12 1 10 11 12 1 1 10 12 1 9 7 12 1 1 1 7 1 9 12 1 9 7 12 1 1 1 9 12 1 9 7 12 1 1 1 9 12 1 9 12 1 1 10 12 1 10 12 1 100 1 10 12 1 1 10 7 12 1 1 10 12 1 1 10 12 1 1 10 7 12 1 1 10 12 1 1 10 100 12 1 1 1 10 12 1 10 12 1 1 10 100 12 1 1 1 100 1 10 10 12 1 1 100 1 10 12 1 100 1 10 10 12 1 10 12 1 10 12 1 1 100 1 9 12 1 9 12 1 10 12 1 100 1 100 1 10 100 1 9 12 1 9 12 1 10 12 1 100 1 9 12 1 9 12 1 10 12 1 100 1 10 18 12 1 10 12 11 12 1 1 100 1 10 100 12 1 1 1 10 100 12 1 1 1 10 12 1 10 7 12 1 1 10 7 12 1 1 10 7 12 1 1 1 10 7 12 1 1 1 9 7 12 1 1 1 7 1 10 10 12 1 10 12 1 10 12 1 10 12 1 10 12 1 10 12 1 1 9 100 12 1 1 1 10 12 1 1 100 1 10 12 1 10 12 1 10 12 1 3 9 12 1 100 1 10 12 1 10 12 1 10 10 12 1 9 12 1 10 9 7 12 1 1 1 10 7 12 1 1 10 12 1 10 12 1 10 12 1 10 12 1 10 12 1 10 12 1 10 12 1 10 12 1 10 12 1 10 12 1 10 12 1 9 12 1 10 10 12 1 1 10 12 1 1 9 100 12 1 1 1 9 12 1 9 12 1 9 12 1 1 7 1 100 1 8 1 10 10 7 12 1 1 1 8 1 10 12 1 1 10 100 12 1 1 1 10 12 1 1 10 12 1 10 12 1 9 12 1 100 1 10 10 12 1 1 10 12 1 1 10 12 1 1 100 1 10 12 1 100 1 10 12 1 100 1 8 1 10 10 12 1 1 10 12 1 1 9 100 12 1 1 1 9 12 1 100 1 100 1 10 12 1 10 12 18 12 1 10 12 1 1 10 12 1 10 12 1 1 10 12 1 1 9 100 12 1 1 1 100 1 9 12 1 10 12 1 11 12 1 1 10 100 12 1 1 1 10 12 1 10 12 1 1 10 12 1 1 100 1 100 1 10 12 1 10 12 1 10 12 1 10 100 12 1 1 1 10 7 12 1 1 10 12 1 10 12 1 10 12 1 10 12 1 1 10 12 1 1 10 7 12 1 1 1 10 12 1 1 10 12 1 11 100 1 10 12 1 10 12 1 10 12 1 8 1 10 7 12 1 1 1 10 12 1 10 12 1 9 12 1 8 1 8 1 8 1 8 1 8 1 10 12 1 10 12 1 10 7 12 1 1 8 1 8 1 8 1 10 12 1 10 12 1 8 1 8 1 10 12 1 1 8 1 8 1 10 12 1 8 1 8 1 8 1 8 1 10 7 12 1 1 18 12 1 18 9 12 1 18 18 18 18 9 12 1 18 9 12 1 18 18 7 1 10 10 1 3 1 1 1 1 1 1 1 1 1 1 100 1 1 1 1 1 1 1 1 1 1 1 1 1 1 1 1 1 1 1 1 1 1 1 1 1 1 1 1 1 1 1 1 1 1 1 1 1 1 1 1 1 1 1 1 1 1 1 1 1 1 1 1 1 1 1 1 1 1 1 1 1 1 1 1 1 1 1 1 1 1 1 1 1 1 1 1 1 1 1 1 1 1 1 1 1 1 1 1 1 1 1 1 1 1 1 1 1 1 1 1 1 1 1 1 100 1 100 1 100 1 100 1 1 1 1 100 1 1 1 1 1 1 1 1 1 1 1 1 1 1 1 1 1 1 1 1 1 1 1 1 1 1 1 1 1 1 1 15 10 7 12 1 1 1 16 15 10 12 16 16 15 10 12 15 10 12 15 10 12 15 10 100 12 1 1 8 1 15 10 12 8 1 8 1 8 1 8 1 8 1 8 1 8 1 8 1 8 1 15 10 12 15 10 12 8 1 16 15 10 12 15 10 12 16 15 10 12 15 10 12 15 10 12 15 10 12 16 15 10 12 15 10 12 15 10 12 15 10 12 1 1 100 1 1 100 1 1 1 1 1 1 1 1 1 1 1 100 1 100 1 100 1 1
staticfield com/sun/javafx/tk/quantum/QuantumToolkit verbose Z 0
staticfield com/sun/javafx/tk/quantum/QuantumToolkit pulseDebug Z 0
staticfield com/sun/javafx/tk/quantum/QuantumToolkit multithreaded Z 1
staticfield com/sun/javafx/tk/quantum/QuantumToolkit liveResize Z 1
staticfield com/sun/javafx/tk/quantum/QuantumToolkit drawInPaint Z 0
staticfield com/sun/javafx/tk/quantum/QuantumToolkit $assertionsDisabled Z 1
ciInstanceKlass com/sun/prism/impl/PrismSettings 1 1 605 10 100 12 1 1 1 9 7 12 1 1 1 10 100 12 1 1 1 8 1 10 12 1 10 7 12 1 1 1 10 100 12 1 1 1 10 12 1 10 12 1 1 8 1 10 12 1 1 10 7 12 1 1 1 10 100 12 1 1 100 1 9 12 1 10 12 1 1 8 1 10 12 1 10 12 1 10 100 12 1 1 1 6 0 10 100 12 1 1 1 8 1 8 1 5 0 8 1 8 1 5 0 8 1 8 1 5 0 10 100 12 1 1 1 100 1 10 12 1 10 12 1 10 12 1 1 10 12 1 1 10 7 12 1 1 1 10 100 12 1 1 10 12 1 10 12 1 10 12 1 1 18 12 1 1 10 7 12 1 1 1 8 1 10 12 1 1 8 1 9 12 1 1 8 1 9 12 1 8 1 9 12 1 8 1 10 12 1 1 10 7 12 1 1 1 9 12 1 1 8 1 9 12 1 8 1 9 12 1 8 1 9 12 1 8 1 9 12 1 8 1 9 12 1 8 1 9 12 1 8 1 9 12 1 8 1 8 1 10 12 1 8 1 10 12 1 1 9 12 1 9 12 1 8 1 9 12 1 8 1 9 12 1 8 1 8 1 10 12 1 9 12 1 8 1 9 12 1 8 1 9 12 1 8 1 9 12 1 8 1 9 12 1 8 1 9 12 1 8 1 8 1 10 12 1 1 10 7 12 1 1 8 1 8 1 10 12 1 8 1 10 12 1 10 12 1 10 12 1 11 7 12 1 1 1 9 12 1 1 8 1 10 12 10 12 1 8 1 8 1 9 7 12 1 1 1 9 12 1 8 1 10 12 1 9 12 1 8 1 8 1 8 1 9 12 1 1 8 1 9 12 1 8 1 9 12 1 8 1 9 12 1 8 1 5 0 8 1 10 12 1 1 9 12 1 1 8 1 5 0 8 1 10 12 1 9 12 1 8 1 9 12 1 8 1 9 12 1 8 1 11 12 1 1 11 100 12 1 1 11 12 1 1 18 12 1 8 1 18 10 12 1 1 18 8 1 10 12 1 1 8 1 8 1 18 12 8 1 8 1 8 1 8 1 8 1 3 9 12 1 8 1 8 1 9 12 1 8 1 9 12 1 8 1 9 12 1 8 1 9 12 1 8 1 8 1 9 12 1 8 1 8 1 9 12 1 8 1 9 12 1 8 1 10 12 1 9 12 1 8 1 9 12 1 8 1 9 12 1 8 1 9 12 1 8 1 9 12 1 8 1 9 12 1 8 1 9 12 1 1 1 1 1 1 100 1 1 1 1 1 1 1 15 10 7 12 1 1 1 16 15 10 12 15 10 100 12 1 1 8 1 8 1 8 1 8 1 1 1 100 1 100 1 1
staticfield com/sun/prism/impl/PrismSettings verbose Z 0
staticfield com/sun/prism/impl/PrismSettings debug Z 0
staticfield com/sun/prism/impl/PrismSettings trace Z 0
staticfield com/sun/prism/impl/PrismSettings printAllocs Z 0
staticfield com/sun/prism/impl/PrismSettings isVsyncEnabled Z 1
staticfield com/sun/prism/impl/PrismSettings dirtyOptsEnabled Z 1
staticfield com/sun/prism/impl/PrismSettings occlusionCullingEnabled Z 1
staticfield com/sun/prism/impl/PrismSettings scrollCacheOpt Z 0
staticfield com/sun/prism/impl/PrismSettings threadCheck Z 0
staticfield com/sun/prism/impl/PrismSettings cacheSimpleShapes Z 0
staticfield com/sun/prism/impl/PrismSettings cacheComplexShapes Z 1
staticfield com/sun/prism/impl/PrismSettings useNewImageLoader Z 1
staticfield com/sun/prism/impl/PrismSettings tryOrder Ljava/util/List; java/util/ImmutableCollections$List12
staticfield com/sun/prism/impl/PrismSettings prismStatFrequency I 0
staticfield com/sun/prism/impl/PrismSettings rasterizerSpec Lcom/sun/prism/impl/PrismSettings$RasterizerType; com/sun/prism/impl/PrismSettings$RasterizerType
staticfield com/sun/prism/impl/PrismSettings refType Ljava/lang/String; null
staticfield com/sun/prism/impl/PrismSettings forceRepaint Z 0
staticfield com/sun/prism/impl/PrismSettings noFallback Z 0
staticfield com/sun/prism/impl/PrismSettings showDirtyRegions Z 0
staticfield com/sun/prism/impl/PrismSettings showOverdraw Z 0
staticfield com/sun/prism/impl/PrismSettings printRenderGraph Z 0
staticfield com/sun/prism/impl/PrismSettings minRTTSize I 0
staticfield com/sun/prism/impl/PrismSettings dirtyRegionCount I 6
staticfield com/sun/prism/impl/PrismSettings disableBadDriverWarning Z 0
staticfield com/sun/prism/impl/PrismSettings forceGPU Z 0
staticfield com/sun/prism/impl/PrismSettings maxTextureSize I 4096
staticfield com/sun/prism/impl/PrismSettings primTextureSize I 0
staticfield com/sun/prism/impl/PrismSettings disableRegionCaching Z 0
staticfield com/sun/prism/impl/PrismSettings forcePow2 Z 0
staticfield com/sun/prism/impl/PrismSettings noClampToZero Z 0
staticfield com/sun/prism/impl/PrismSettings disableD3D9Ex Z 0
staticfield com/sun/prism/impl/PrismSettings allowHiDPIScaling Z 1
staticfield com/sun/prism/impl/PrismSettings maxVram J 536870912
staticfield com/sun/prism/impl/PrismSettings targetVram J 67108864
staticfield com/sun/prism/impl/PrismSettings poolStats Z 0
staticfield com/sun/prism/impl/PrismSettings poolDebug Z 0
staticfield com/sun/prism/impl/PrismSettings disableEffects Z 0
staticfield com/sun/prism/impl/PrismSettings glyphCacheWidth I 1024
staticfield com/sun/prism/impl/PrismSettings glyphCacheHeight I 1024
staticfield com/sun/prism/impl/PrismSettings perfLog Ljava/lang/String; null
staticfield com/sun/prism/impl/PrismSettings perfLogExitFlush Z 0
staticfield com/sun/prism/impl/PrismSettings perfLogFirstPaintFlush Z 0
staticfield com/sun/prism/impl/PrismSettings perfLogFirstPaintExit Z 0
staticfield com/sun/prism/impl/PrismSettings superShader Z 1
staticfield com/sun/prism/impl/PrismSettings forceUploadingPainter Z 0
staticfield com/sun/prism/impl/PrismSettings forceAlphaTestShader Z 0
staticfield com/sun/prism/impl/PrismSettings forceNonAntialiasedShape Z 0
instanceKlass com/sun/prism/d3d/D3DPipeline
ciInstanceKlass com/sun/prism/GraphicsPipeline 1 1 286 10 7 12 1 1 1 7 1 10 9 7 12 1 1 1 9 12 1 1 10 12 1 9 12 1 1 11 100 12 1 1 1 100 1 10 12 1 11 12 1 11 7 12 1 1 1 11 7 12 1 1 1 11 12 1 1 100 1 11 12 1 10 12 1 1 10 12 1 1 10 7 12 1 1 1 10 12 1 1 10 12 1 1 9 12 1 1 10 7 12 1 1 1 9 7 12 1 1 1 11 12 1 9 12 1 1 9 100 12 1 1 1 8 1 10 100 12 1 1 1 100 1 10 7 12 1 1 1 18 12 1 1 10 12 8 1 10 12 1 9 12 1 8 1 8 1 8 1 8 1 8 1 8 1 10 12 1 1 18 12 1 18 10 7 12 1 1 1 18 8 1 100 1 10 12 1 1 100 1 10 7 12 1 1 1 10 12 1 10 12 1 18 10 12 1 18 8 1 8 1 7 1 18 10 12 1 100 1 8 1 10 10 12 1 1 8 1 10 12 1 9 12 1 1 1 1 1 1 1 1 1 1 1 1 1 1 1 1 1 1 1 1 1 1 1 1 1 1 1 1 1 1 100 1 100 1 1 15 10 7 12 1 1 8 1 8 1 8 1 8 1 8 1 8 1 8 1 1 1 1 100 1 100 1 1
instanceKlass com/sun/prism/d3d/D3DResourceFactory
ciInstanceKlass com/sun/prism/impl/ps/BaseShaderFactory 1 1 55 10 7 12 1 1 1 10 12 1 9 7 12 1 1 1 7 1 10 100 1 10 9 12 1 100 1 10 100 1 10 100 1 10 7 1 10 100 1 100 1 1 1 1 1 1 1 1 100 1 1 1 1 1 1
ciInstanceKlass com/sun/prism/d3d/D3DPipeline 1 1 382 9 7 12 1 1 1 8 1 10 100 12 1 1 1 9 100 12 1 1 1 9 7 12 1 1 1 10 12 1 1 9 100 12 1 1 1 9 12 1 9 12 1 18 12 1 1 10 100 12 1 1 1 10 12 1 1 10 12 1 1 10 12 1 1 8 1 10 12 1 1 9 12 1 1 18 12 1 8 1 18 12 1 9 12 1 10 12 1 18 9 12 1 9 12 1 18 12 1 10 12 1 18 9 12 1 18 12 1 18 10 7 1 9 9 12 1 9 12 1 9 12 1 1 10 7 12 1 1 1 100 1 10 12 1 18 10 12 9 12 1 1 10 7 12 1 1 9 12 1 1 10 12 1 1 9 12 1 8 1 10 12 1 10 12 1 1 10 12 1 1 10 10 12 1 1 10 12 1 10 12 1 1 11 7 12 1 1 1 11 7 12 1 1 1 11 12 1 1 7 1 10 12 1 10 12 1 1 10 12 1 1 10 12 1 1 10 12 1 1 10 12 1 10 12 1 1 10 12 1 10 12 1 1 9 12 1 10 12 10 12 1 1 10 12 1 10 12 1 1 9 7 12 1 1 1 10 7 12 1 1 9 12 1 10 7 1 8 1 8 1 10 7 12 1 1 8 1 10 7 12 1 1 1 18 12 1 1 10 7 12 1 1 1 10 12 1 8 1 8 1 18 10 12 1 10 12 1 10 1 1 1 1 1 1 1 1 1 1 1 1 1 1 1 1 1 1 1 1 1 1 1 1 1 1 1 15 10 100 12 1 1 8 1 8 1 8 1 8 1 8 1 8 1 8 1 8 1 8 1 15 10 7 12 1 1 1 16 15 10 12 16 8 1 1 1 1 100 1 100 1 1
staticfield com/sun/prism/d3d/D3DPipeline d3dEnabled Z 1
staticfield com/sun/prism/d3d/D3DPipeline creator Ljava/lang/Thread; java/lang/Thread
ciInstanceKlass com/sun/prism/GraphicsResource 1 0 9 100 1 100 1 1 1 1 1
ciInstanceKlass com/sun/prism/ResourceFactory 1 0 73 100 1 100 1 100 1 1 1 1 1 1 1 1 1 1 1 1 1 1 1 1 1 1 1 1 1 1 1 1 1 1 1 1 1 1 1 1 1 1 1 1 1 1 1 1 1 1 1 1 1 1 1 1 1 1 1 1 1 1 1 1 1 1 1 100 1 100 1 1 100 1 1
ciInstanceKlass com/sun/prism/ps/ShaderFactory 1 0 15 100 1 100 1 100 1 1 1 1 1 1 1 1 1
instanceKlass com/sun/prism/impl/ps/BaseShaderFactory
ciInstanceKlass com/sun/prism/impl/BaseResourceFactory 1 1 395 7 1 10 12 1 1 10 7 12 1 1 10 7 1 9 12 1 1 9 12 1 1 9 12 1 1 9 12 1 9 12 1 9 7 12 1 1 1 10 12 1 1 10 12 1 1 10 12 1 1 10 12 1 1 11 7 12 1 1 1 11 100 12 1 1 1 11 100 12 1 1 11 12 1 1 7 1 11 12 1 11 12 1 10 12 1 1 100 1 11 100 12 1 1 1 100 1 9 12 1 1 9 12 1 10 12 1 10 12 1 1 11 12 1 11 12 1 10 7 12 1 1 1 10 12 1 10 12 1 1 100 1 8 1 10 12 1 9 7 12 1 1 1 10 100 12 1 1 1 18 12 1 1 9 12 1 18 12 1 11 12 1 11 12 1 11 12 1 11 11 12 1 1 11 12 1 11 11 12 1 10 7 12 1 1 1 10 7 12 1 1 1 10 12 1 10 12 1 10 12 1 1 10 12 1 1 10 12 1 1 11 7 12 1 1 11 12 1 1 9 7 12 1 1 1 10 12 1 1 10 7 12 1 1 7 1 10 12 1 11 12 1 1 11 12 1 10 12 1 100 1 10 12 1 1 9 12 1 1 9 12 1 9 12 1 9 12 1 10 12 1 11 12 1 1 11 12 1 10 12 1 9 12 1 1 10 12 1 9 12 1 9 12 1 9 7 12 1 1 9 12 1 9 100 12 1 1 1 10 12 1 10 12 1 10 12 1 10 12 1 100 1 8 1 10 18 9 12 1 100 1 8 1 10 100 1 10 12 1 100 1 1 1 1 1 1 1 1 1 1 1 1 1 1 1 1 1 1 1 1 1 1 1 1 1 1 1 1 1 1 1 1 1 15 10 100 12 1 1 8 1 8 1 8 1 1 1 1 1 100 1 100 1 1
ciInstanceKlass com/sun/prism/d3d/D3DResourceFactory 1 1 632 9 7 12 1 1 1 9 12 1 9 12 1 10 7 12 1 1 1 7 1 10 12 1 9 12 1 1 9 12 1 1 7 1 10 12 1 9 12 1 1 10 12 1 10 12 1 1 9 12 1 9 7 12 1 1 1 9 12 1 9 100 12 1 1 1 8 1 10 100 12 1 1 1 9 7 12 1 1 1 9 12 1 9 12 1 1 10 12 1 1 9 12 1 10 100 12 1 1 1 10 12 1 1 10 12 1 10 12 1 7 1 10 12 1 1 10 12 1 10 12 1 1 100 1 10 100 12 1 1 1 18 12 1 1 10 12 9 7 12 1 1 1 8 1 9 12 1 100 1 3 10 12 1 1 100 1 18 12 1 10 10 12 1 10 12 1 1 10 12 1 1 10 12 1 1 10 12 1 10 7 1 10 12 1 1 10 12 1 1 10 12 1 9 7 12 1 1 1 10 12 1 1 10 12 1 11 100 12 1 1 11 12 1 11 12 1 11 12 1 11 12 1 11 12 1 1 100 1 9 12 1 10 12 1 11 12 1 9 12 1 9 12 1 1 10 12 1 10 12 1 10 12 1 1 11 12 1 9 12 1 10 12 1 1 10 12 1 8 1 9 12 1 10 100 12 1 1 1 10 12 1 10 12 1 1 9 12 1 7 1 10 12 1 10 12 1 1 11 7 12 1 1 8 1 10 7 12 1 1 9 12 1 10 12 1 1 10 12 1 10 12 1 10 12 1 9 12 1 10 12 1 7 1 10 12 1 1 10 12 1 10 12 1 10 12 1 1 8 1 7 1 10 12 1 10 12 1 1 10 12 1 1 10 12 1 10 7 12 1 1 1 10 12 1 1 100 1 8 1 10 12 1 10 12 1 1 10 7 12 1 1 1 10 12 1 100 1 8 1 10 18 12 1 1 10 7 12 1 1 1 7 1 18 10 7 12 1 1 1 8 1 7 1 10 12 1 1 7 1 10 7 12 1 1 1 7 1 7 1 10 12 1 100 1 18 10 10 12 1 18 12 9 18 10 12 1 1 11 100 12 1 1 11 12 1 1 100 1 10 12 1 10 12 1 11 12 1 10 12 1 10 10 10 10 12 1 1 10 12 10 100 12 1 1 1 100 1 10 100 12 1 1 10 12 1 10 12 1 18 10 12 1 1 7 1 10 9 12 1 1 1 1 1 1 1 1 100 1 1 1 1 1 1 1 1 1 1 1 1 1 1 100 1 1 1 1 1 1 1 1 1 1 1 1 1 1 1 1 1 1 1 1 1 1 1 1 1 1 1 1 1 1 1 1 1 1 1 1 1 1 1 1 1 1 1 15 10 7 12 1 1 8 1 8 1 15 10 7 12 1 1 1 16 15 10 12 16 1 8 1 8 1 8 1 8 1 8 1 1 100 1 1 1 100 1 1 100 1 100 1 1
staticfield com/sun/prism/d3d/D3DResourceFactory clampTexCache Ljava/util/Map; java/util/WeakHashMap
staticfield com/sun/prism/d3d/D3DResourceFactory repeatTexCache Ljava/util/Map; java/util/WeakHashMap
staticfield com/sun/prism/d3d/D3DResourceFactory mipmapTexCache Ljava/util/Map; java/util/WeakHashMap
staticfield com/sun/prism/d3d/D3DResourceFactory STATS_FREQUENCY I 0
ciInstanceKlass com/sun/javafx/tk/TKScene 1 0 36 100 1 100 1 1 1 1 1 1 1 1 1 1 1 1 1 1 1 1 1 1 1 1 1 1 1 1 1 1 1 1 1 1 1 1
instanceKlass com/sun/javafx/tk/quantum/ViewScene
ciInstanceKlass com/sun/javafx/tk/quantum/GlassScene 1 1 378 10 7 12 1 1 1 9 7 12 1 1 1 9 12 1 7 1 10 12 1 9 12 1 1 9 12 1 1 9 12 1 9 12 1 7 1 10 12 1 9 12 1 1 9 12 1 9 12 1 1 100 1 10 10 12 1 1 9 12 1 1 9 12 1 1 9 12 1 1 9 12 1 1 9 12 1 1 9 12 1 1 9 12 1 1 9 12 1 1 100 1 8 1 10 12 1 8 1 10 7 12 1 1 1 18 12 1 1 10 7 12 1 1 1 10 7 12 1 1 1 10 12 1 9 7 12 1 1 1 10 7 12 1 1 10 12 1 10 12 1 9 12 1 1 10 12 1 9 12 1 1 9 100 12 1 1 7 1 10 12 1 10 7 12 1 1 1 18 12 1 10 12 1 1 100 1 100 1 8 1 10 12 1 10 100 12 1 1 1 10 12 1 10 12 1 1 9 7 12 1 1 10 12 1 10 12 1 11 7 12 1 1 7 1 10 12 1 1 10 7 12 1 1 9 7 12 1 1 1 9 12 1 10 12 1 10 12 1 10 12 1 1 9 7 12 1 1 1 10 12 1 1 9 7 12 1 1 10 12 1 1 10 12 1 1 18 12 1 1 10 7 12 1 1 100 1 1 1 1 1 1 1 1 1 1 1 1 1 1 1 1 1 1 1 1 1 1 1 1 1 1 1 1 1 1 1 1 1 1 1 1 1 1 1 1 1 1 1 1 1 1 1 1 1 1 1 1 1 1 1 1 1 1 1 1 1 1 1 1 1 1 1 1 1 1 15 10 7 12 1 1 1 16 1 15 10 12 16 16 15 10 12 15 10 100 12 1 1 8 1 1 1 100 1 100 1 1
staticfield com/sun/javafx/tk/quantum/GlassScene $assertionsDisabled Z 1
instanceKlass com/sun/glass/ui/win/WinView
ciInstanceKlass com/sun/glass/ui/View 1 1 585 7 1 100 1 10 7 12 1 1 1 10 12 1 1 10 12 1 1 10 12 1 1 10 12 1 10 7 12 1 1 9 7 12 1 1 1 9 12 1 9 12 1 1 9 12 1 9 12 1 10 12 1 1 10 12 1 1 9 12 1 1 100 1 8 1 10 12 1 100 1 8 1 10 10 12 1 10 12 1 1 9 12 1 1 10 12 1 1 10 12 1 10 7 12 1 1 10 12 1 1 10 12 1 1 10 12 1 1 10 12 1 1 10 12 1 1 10 12 1 1 9 12 1 1 10 7 12 1 1 1 10 12 1 1 10 12 1 1 10 12 1 1 10 12 1 1 10 12 1 1 10 12 1 1 10 12 1 1 10 12 1 1 10 12 1 1 10 12 1 1 10 12 1 1 10 12 1 10 12 1 1 10 12 1 1 10 12 1 1 10 12 1 1 10 12 1 1 10 12 1 10 12 1 1 10 12 1 100 1 10 12 1 10 12 1 10 12 1 10 12 1 10 12 1 10 12 1 1 10 12 1 10 12 1 1 10 12 1 1 10 12 1 1 100 1 10 12 1 1 10 7 12 1 1 10 12 1 10 12 1 9 12 1 1 18 12 1 1 10 100 12 1 1 10 12 1 10 12 1 100 1 9 12 1 1 10 7 12 1 1 1 9 12 1 9 12 1 5 0 10 12 1 9 12 1 10 100 12 1 1 1 10 12 1 9 12 1 10 12 1 9 12 1 10 12 1 10 12 1 9 12 1 10 12 1 1 10 12 1 1 10 12 1 10 10 7 1 8 1 10 12 1 9 12 1 1 10 12 1 10 7 12 1 1 10 12 100 1 10 9 12 1 10 12 1 10 12 10 12 1 10 12 10 10 10 10 10 10 10 9 12 1 10 12 1 1 10 100 1 10 12 1 8 1 10 12 1 1 10 7 12 1 1 1 10 12 1 1 10 7 12 1 1 1 8 1 8 1 8 1 10 7 12 1 1 1 8 1 10 12 1 1 8 1 10 12 1 1 8 1 100 1 18 12 1 1 10 7 12 1 1 1 10 12 1 1 1 3 1 1 6 0 1 1 3 1 3 1 3 1 3 1 3 1 1 1 1 1 1 1 1 1 1 1 1 1 1 1 1 1 1 1 1 1 1 1 1 100 1 1 1 1 1 1 1 1 1 1 1 1 1 1 1 1 1 100 1 1 1 1 1 1 1 1 1 1 1 1 1 1 1 1 1 1 1 1 1 1 1 1 1 1 1 100 1 1 15 10 100 12 1 1 8 1 15 10 7 12 1 1 1 16 15 10 12 16 1 1 1 100 1 100 1 1
staticfield com/sun/glass/ui/View accessible Z 1
ciInstanceKlass com/sun/glass/ui/win/WinView 1 1 73 10 7 12 1 1 1 9 7 12 1 1 1 9 12 1 1 9 12 1 10 12 1 1 10 12 1 10 12 1 10 12 1 1 10 12 1 1 10 12 1 1 1 1 1 1 1 1 1 1 1 1 1 1 1 1 1 1 1 1 1 1 1 1 1 1 1 1 1 1 1 1 1
staticfield com/sun/glass/ui/win/WinView multiClickTime J 500
staticfield com/sun/glass/ui/win/WinView multiClickMaxX I 4
staticfield com/sun/glass/ui/win/WinView multiClickMaxY I 4
instanceKlass com/sun/glass/ui/win/WinWindow
ciInstanceKlass com/sun/glass/ui/Window 1 1 703 10 7 12 1 1 1 9 7 12 1 1 1 10 100 12 1 1 1 10 7 12 1 1 1 100 1 10 12 1 1 10 12 1 1 10 12 1 10 7 12 1 1 9 12 1 1 9 12 1 1 9 12 1 1 9 12 1 1 9 12 1 1 8 1 9 12 1 1 9 12 1 1 100 1 9 12 1 1 100 1 9 12 1 9 12 1 9 12 1 9 12 1 9 12 1 9 12 1 1 9 12 1 9 12 1 9 12 1 9 12 1 9 12 1 9 12 1 9 12 1 9 12 1 9 12 1 9 12 1 9 12 1 9 12 1 9 12 1 9 12 1 100 1 3 9 12 1 9 12 1 100 1 8 1 10 12 1 8 1 10 12 1 1 10 12 1 1 10 12 1 9 12 1 1 9 12 1 9 12 1 9 12 1 10 7 12 1 1 1 9 7 12 1 1 10 12 1 1 10 12 1 10 12 1 10 12 1 10 12 1 1 10 12 1 10 12 1 1 9 12 1 8 1 100 1 8 1 10 10 12 1 1 10 7 12 1 1 1 10 12 1 10 12 1 1 10 12 1 10 12 1 1 10 12 1 1 10 12 1 1 10 12 1 1 7 1 10 12 9 12 1 1 10 12 1 10 7 12 1 1 10 7 12 1 1 1 10 100 12 1 1 10 12 1 1 10 12 1 1 10 12 1 10 12 1 10 12 1 1 10 12 1 10 12 1 1 10 12 1 10 100 12 1 1 1 10 12 1 10 12 1 10 12 1 1 10 12 1 1 100 1 10 12 1 1 10 12 1 1 10 12 1 10 12 10 12 10 12 1 10 12 1 100 1 100 1 8 1 10 10 12 10 12 1 1 10 12 1 1 10 12 1 10 12 1 1 8 1 10 12 1 10 12 1 10 7 1 10 12 1 1 8 1 10 12 1 1 10 12 1 10 12 1 10 12 1 1 10 12 1 1 8 1 10 10 12 1 1 10 12 1 18 12 1 1 10 12 1 1 10 12 1 10 12 1 1 10 12 1 1 10 12 1 10 12 1 10 12 1 10 12 1 1 10 12 1 10 12 1 10 10 12 1 1 10 12 1 10 12 1 9 12 1 1 8 1 10 100 12 1 1 10 100 12 1 1 10 12 1 10 12 1 1 8 1 10 12 1 10 12 1 10 12 1 1 10 12 1 10 100 12 1 1 1 8 1 10 12 1 10 12 10 12 1 1 10 12 10 12 10 10 10 12 1 10 12 1 18 12 1 10 12 1 10 12 1 1 10 12 1 10 1 1 1 1 3 1 3 1 3 1 1 3 1 3 1 3 1 3 1 3 1 3 1 3 1 3 1 1 1 1 1 1 1 1 1 1 1 1 1 1 1 1 1 1 1 1 1 1 1 1 1 1 1 1 1 1 1 1 1 1 1 1 1 1 1 1 1 1 1 1 1 1 1 1 1 1 1 1 1 1 1 1 1 1 1 1 1 1 1 1 1 1 1 1 1 1 1 1 1 1 1 1 1 1 1 1 1 100 1 1 1 1 1 1 1 1 1 100 1 1 15 10 100 12 1 1 8 1 8 1 1 1 1 1 1 1 100 1 100 1 1
staticfield com/sun/glass/ui/Window visibleWindows Ljava/util/LinkedList; java/util/LinkedList
ciInstanceKlass com/sun/glass/ui/win/WinWindow 1 1 255 10 7 12 1 1 1 9 7 12 1 1 1 9 12 1 10 12 1 1 10 12 1 1 3 9 12 1 1 10 7 12 1 1 1 9 12 1 1 10 12 1 1 10 12 1 9 12 1 10 12 1 9 12 1 1 10 7 12 1 1 1 9 12 1 9 12 1 9 12 1 10 12 1 5 0 10 12 1 1 9 12 1 9 12 1 10 12 1 1 10 12 1 1 10 12 1 1 10 12 1 1 10 12 1 1 10 12 1 1 4 10 12 1 1 11 7 12 1 1 1 11 7 12 1 1 11 12 1 1 10 12 1 1 10 12 1 10 12 1 4 10 12 1 1 10 12 1 10 12 1 10 12 1 1 9 12 1 1 10 100 12 1 1 1 10 12 1 1 100 1 8 1 10 12 1 10 12 1 10 10 12 1 1 10 12 1 1 1 3 1 3 1 3 1 1 1 1 1 1 1 100 1 1 1 1 1 1 1 1 1 1 1 1 1 1 1 1 1 1 1 1 1 1 1 1 1 1 1 1 1 1 1 1 1 1 1 1 1 1 1 1 1 1 1 1 1 1 1 1 1 1 1 1 1
ciInstanceKlass com/sun/glass/ui/InvokeLaterDispatcher 1 1 104 8 1 10 7 12 1 1 1 7 1 10 12 1 9 7 12 1 1 1 7 1 8 1 10 9 12 1 1 9 12 1 1 9 12 1 10 12 1 1 9 12 1 1 11 7 12 1 1 1 7 1 11 12 1 1 10 7 12 1 1 7 1 10 12 1 11 7 12 1 1 1 10 12 1 1 100 1 11 12 1 10 12 1 1 1 1 1 1 1 1 100 1 1 1 1 1 1 1 1 1 1 1 1
ciInstanceKlass com/sun/javafx/geom/transform/Affine3D 1 1 387 10 7 12 1 1 1 9 7 12 1 1 1 9 12 1 9 12 1 10 12 1 1 9 12 1 9 12 1 9 12 1 9 12 1 9 12 1 9 12 1 9 12 1 9 12 1 9 12 1 10 12 1 9 12 1 1 9 12 1 10 12 1 9 7 12 1 1 1 10 10 12 1 1 10 12 1 7 1 10 12 1 1 10 12 1 10 12 1 10 12 1 10 12 1 10 12 1 10 12 1 10 12 1 10 12 1 10 12 1 10 12 1 10 12 1 10 12 1 10 12 1 1 10 12 1 1 10 12 1 10 100 12 1 1 1 10 12 1 10 12 1 10 12 1 10 12 1 1 100 1 10 10 100 12 1 1 1 10 100 12 1 1 1 10 12 1 10 12 1 10 12 1 10 12 1 10 12 1 10 12 1 1 10 12 1 10 12 1 10 12 1 9 12 1 9 12 1 9 12 1 10 12 1 10 12 1 1 10 12 1 1 10 12 10 12 1 10 12 10 12 1 10 12 10 12 1 10 12 10 12 10 10 12 10 10 12 10 10 12 1 10 12 10 12 1 10 12 1 10 10 12 1 1 10 10 12 1 10 12 1 10 12 1 10 12 10 12 1 10 12 1 10 12 1 10 12 1 9 7 12 1 1 1 10 12 1 1 10 12 1 1 10 10 12 1 1 10 10 12 1 100 1 8 1 10 12 1 6 0 6 0 6 0 10 12 1 10 12 1 18 12 1 1 10 12 1 1 10 12 1 10 12 1 10 12 1 10 12 1 1 10 12 1 1 1 1 1 1 1 1 1 100 1 1 1 1 1 1 1 1 1 1 1 1 1 1 1 1 1 1 1 15 10 100 12 1 1 8 1 1 1 100 1 100 1 1
ciInstanceKlass com/sun/javafx/geom/transform/GeneralTransform3D 1 1 244 10 7 12 1 1 1 9 7 12 1 1 1 10 12 1 1 10 12 1 1 10 12 1 1 10 12 1 10 7 12 1 1 1 10 12 1 9 12 1 1 100 1 10 9 12 1 1 7 1 10 10 7 12 1 1 1 100 1 10 9 12 1 1 9 12 1 9 12 1 9 12 9 12 1 10 12 1 1 100 1 10 9 9 9 12 10 12 1 1 6 0 10 100 12 1 1 1 10 12 1 6 0 6 0 6 0 10 12 1 1 10 12 1 1 100 1 10 10 12 1 1 10 12 1 10 7 12 1 1 10 12 1 1 10 12 1 10 12 1 10 12 1 10 12 1 10 12 1 10 12 1 10 12 1 10 12 1 10 12 1 10 12 1 10 12 1 10 12 1 10 9 12 1 6 0 6 0 6 0 6 0 10 10 12 1 18 12 1 1 10 7 12 1 1 100 1 1 1 1 1 1 1 1 1 1 1 1 1 1 1 1 100 1 1 1 1 100 1 1 1 1 1 1 1 1 1 1 1 1 15 10 100 12 1 1 8 1 1 100 1 100 1 1
staticfield com/sun/javafx/geom/transform/GeneralTransform3D $assertionsDisabled Z 1
ciInstanceKlass com/sun/prism/ReadbackGraphics 1 0 279 100 1 100 1 100 1 1 1 1 1 1 1 1 1 1 100 1 8 1 1 12 10 1 1 1 8 1 1 8 1 1 1 8 1 1 8 1 1 1 8 1 1 1 8 1 1 8 1 1 1 8 1 1 1 8 1 1 1 8 1 1 1 8 1 1 1 8 1 1 1 8 1 1 1 8 1 1 1 8 1 1 1 8 1 1 8 1 8 1 1 1 8 1 1 1 8 1 1 1 8 1 1 1 8 1 1 8 1 1 8 1 1 8 1 1 8 1 1 8 1 1 1 8 1 1 1 8 1 1 1 8 1 1 1 8 1 1 8 1 1 8 1 1 8 1 1 8 1 1 1 8 1 1 8 1 1 1 8 1 1 1 8 1 8 1 1 1 8 1 1 1 8 1 1 1 8 1 1 1 8 1 1 8 1 1 8 1 1 1 8 1 1 8 1 1 1 8 1 1 8 1 1 1 8 1 1 8 1 1 8 1 1 8 1 1 1 8 1 1 1 8 1 1 1 8 1 1 1 8 1 1 8 1 1 8 1 1 1 8 1 1 8 1 1 8 1 1 8 1 1 1 8 1 1 1 8 1 1 1 8 1 1 1 8 1 1 1 8 1 1 8 1 1 8 1 1 8 1
ciInstanceKlass com/sun/prism/MaskTextureGraphics 1 0 276 100 1 100 1 100 1 1 1 1 1 1 1 100 1 8 1 1 12 10 1 1 1 8 1 1 8 1 1 1 8 1 1 8 1 1 1 8 1 1 1 8 1 1 8 1 1 1 8 1 1 1 8 1 1 1 8 1 1 1 8 1 1 1 8 1 1 1 8 1 1 1 8 1 1 1 8 1 1 1 8 1 1 8 1 8 1 1 1 8 1 1 1 8 1 1 1 8 1 1 1 8 1 1 8 1 1 8 1 1 8 1 1 8 1 1 8 1 1 1 8 1 1 1 8 1 1 1 8 1 1 1 8 1 1 8 1 1 8 1 1 8 1 1 8 1 1 1 8 1 1 8 1 1 1 8 1 1 1 8 1 8 1 1 1 8 1 1 1 8 1 1 1 8 1 1 1 8 1 1 8 1 1 8 1 1 1 8 1 1 8 1 1 1 8 1 1 8 1 1 1 8 1 1 8 1 1 8 1 1 8 1 1 1 8 1 1 1 8 1 1 1 8 1 1 1 8 1 1 8 1 1 8 1 1 1 8 1 1 8 1 1 8 1 1 8 1 1 1 8 1 1 1 8 1 1 1 8 1 1 1 8 1 1 1 8 1 1 8 1 1 8 1 1 8 1
instanceKlass com/sun/prism/d3d/D3DGraphics
ciInstanceKlass com/sun/prism/impl/ps/BaseShaderGraphics 1 1 1013 10 7 12 1 1 1 9 7 12 1 1 1 9 12 1 1 9 12 1 1 9 12 1 10 12 1 1 10 7 12 1 1 1 9 12 1 1 10 7 12 1 1 1 10 7 12 1 1 1 10 7 12 1 1 1 7 1 10 12 1 1 100 1 10 12 1 1 10 12 1 1 10 12 1 1 10 12 1 1 9 7 12 1 1 1 10 12 1 1 10 12 1 1 9 7 12 1 1 1 10 10 12 1 1 7 1 10 12 1 1 10 12 1 1 10 12 1 1 10 12 1 10 12 1 1 9 12 1 9 12 1 1 9 12 1 1 9 12 1 10 12 1 1 10 12 1 1 10 12 1 1 9 100 12 1 1 1 10 12 1 10 12 1 11 7 12 1 1 10 12 1 1 11 12 1 6 0 10 7 12 1 1 1 8 1 11 7 12 1 1 1 8 1 10 12 1 1 10 7 12 1 1 1 100 1 10 100 12 1 1 1 18 12 1 1 10 12 1 9 12 1 10 12 1 10 12 1 10 12 1 1 11 7 1 11 10 12 1 9 12 1 10 12 1 9 12 1 10 12 1 1 10 12 1 10 7 12 1 1 1 10 7 12 1 1 10 12 1 10 12 1 10 12 1 9 12 1 1 9 12 1 1 10 7 12 1 1 1 10 12 1 10 12 1 1 11 11 12 1 10 12 1 1 10 12 1 1 9 7 12 1 1 1 9 7 12 1 1 1 10 12 1 1 10 12 1 1 10 12 1 9 12 1 1 10 12 1 1 10 7 12 1 1 1 10 12 1 10 12 1 10 12 1 10 12 1 10 7 12 1 4 10 7 12 1 1 9 12 1 1 10 12 1 1 10 12 1 10 12 1 10 12 1 10 12 1 10 12 1 10 12 1 10 12 1 10 100 1 10 12 1 10 12 1 1 10 12 1 9 12 1 10 12 1 1 10 12 1 1 10 12 1 1 10 12 1 9 12 1 10 12 1 1 9 12 1 6 0 9 12 1 9 12 1 9 12 1 10 12 1 8 1 11 12 1 8 1 8 1 9 12 1 10 12 1 6 0 9 12 1 6 0 10 12 1 1 9 12 1 9 12 1 10 12 1 10 12 1 1 9 100 12 1 1 1 10 12 1 100 1 10 12 1 1 100 1 10 12 1 1 100 1 10 12 1 1 100 1 18 10 4 10 12 1 10 12 1 10 12 1 10 12 1 9 7 12 1 1 1 8 1 10 100 12 1 1 10 100 12 1 1 9 12 1 1 10 12 1 1 9 12 1 10 12 1 8 1 10 12 1 4 9 12 1 1 10 100 12 1 1 1 10 12 1 1 10 12 1 1 9 12 1 1 10 100 12 1 1 10 12 1 10 12 1 10 12 9 12 1 9 12 1 10 12 10 12 1 10 12 1 9 12 1 1 11 12 1 1 10 12 1 1 10 12 1 10 12 1 1 10 12 1 1 10 12 1 1 9 12 1 1 10 100 12 1 1 10 12 1 10 12 1 1 10 12 1 1 10 12 1 10 12 1 9 12 1 10 12 10 12 1 10 12 1 1 10 7 12 1 1 10 12 1 1 10 12 10 12 10 12 1 1 10 12 1 1 10 12 1 1 9 12 1 10 12 1 1 11 7 1 11 10 12 1 11 7 12 1 1 1 11 7 12 1 1 1 11 7 12 1 1 1 10 12 1 1 10 12 1 11 12 1 10 12 1 1 11 12 1 1 10 12 1 1 9 12 1 1 9 12 1 11 12 1 11 12 1 11 12 1 11 12 1 11 12 1 1 10 12 1 11 12 1 1 11 100 12 1 1 4 11 11 12 1 11 12 1 10 12 7 1 10 12 1 9 12 1 9 12 1 10 12 1 1 10 7 12 1 1 10 12 1 1 10 12 1 10 7 12 1 1 10 12 1 10 12 1 10 12 1 10 12 1 10 12 1 10 8 1 11 12 1 10 12 1 1 10 12 1 1 100 1 11 12 1 9 12 9 12 9 12 1 9 12 1 10 8 1 10 12 1 10 10 18 12 1 1 10 7 12 1 1 1 4 10 100 12 1 1 10 12 1 18 12 1 100 1 100 1 100 1 1 1 1 1 1 1 1 1 1 1 1 1 1 1 1 1 100 1 1 1 1 1 1 1 1 1 1 1 1 1 1 100 1 1 1 1 1 1 1 1 1 1 1 1 1 1 15 10 100 12 1 1 8 1 8 1 15 10 7 12 1 1 1 16 15 10 12 8 1 1 1 1 100 1 100 1 1 1 100 1 8 1 1 12 10 1 1 1 8 1 1
staticfield com/sun/prism/impl/ps/BaseShaderGraphics FRINGE_FACTOR F -1090519040
staticfield com/sun/prism/impl/ps/BaseShaderGraphics SQRT_2 D 4609047870845172685
ciInstanceKlass com/sun/javafx/geom/transform/CanTransformVec3d 1 0 9 100 1 100 1 1 1 1 1
instanceKlass com/sun/javafx/geom/transform/Translate2D
instanceKlass com/sun/javafx/geom/transform/Identity
instanceKlass com/sun/javafx/geom/transform/AffineBase
ciInstanceKlass com/sun/javafx/geom/transform/BaseTransform 1 1 242 7 1 10 7 12 1 1 1 100 1 10 100 12 1 1 1 18 12 1 1 10 12 1 10 12 1 1 9 12 1 1 10 12 1 7 1 10 12 1 10 12 1 7 1 10 100 1 10 10 12 1 1 10 12 1 10 12 1 1 10 12 1 10 12 1 10 10 12 1 1 5 0 10 12 1 1 10 100 12 1 1 1 10 12 1 10 12 1 10 12 1 10 12 1 10 12 1 10 12 1 10 12 1 10 12 1 10 12 1 10 12 1 10 12 1 100 1 10 6 0 6 0 10 12 1 1 18 12 1 7 1 10 100 1 1 1 1 3 1 3 1 3 1 3 1 3 1 3 1 3 1 3 1 3 1 3 1 3 1 3 1 3 1 1 1 1 1 1 1 1 1 1 1 1 1 1 1 1 1 1 1 100 1 1 1 1 1 1 1 1 1 1 1 1 1 1 1 1 1 1 1 1 1 1 1 1 1 1 1 1 1 1 1 1 1 1 1 1 1 1 1 100 1 1 15 10 100 12 1 1 8 1 8 1 1 1 100 1 100 1 1
staticfield com/sun/javafx/geom/transform/BaseTransform IDENTITY_TRANSFORM Lcom/sun/javafx/geom/transform/BaseTransform; com/sun/javafx/geom/transform/Identity
instanceKlass com/sun/javafx/geom/transform/Affine2D
instanceKlass com/sun/javafx/geom/transform/Affine3D
ciInstanceKlass com/sun/javafx/geom/transform/AffineBase 1 1 380 7 1 10 7 12 1 1 1 100 1 8 1 10 12 1 10 12 1 9 12 1 1 9 12 1 9 12 1 9 12 1 9 12 1 9 12 1 9 12 1 1 9 12 1 10 12 1 10 12 1 1 10 12 1 6 0 10 12 1 10 12 1 10 12 1 1 7 1 10 9 12 1 1 9 12 1 10 12 1 1 7 1 10 9 12 9 12 9 12 1 10 7 12 1 1 1 10 12 1 10 12 1 10 12 1 10 12 1 1 10 12 1 10 12 1 10 12 1 10 7 1 10 10 12 1 10 10 10 12 1 10 12 1 10 12 1 10 12 1 1 10 12 1 10 12 1 10 12 1 1 9 7 12 1 1 1 10 12 1 1 10 12 1 1 10 12 1 10 12 10 100 12 1 1 10 100 12 1 1 10 12 10 12 1 1 10 100 12 1 1 1 10 12 1 10 7 12 1 1 1 100 1 6 0 100 1 18 12 1 1 10 8 1 10 12 1 1 10 12 1 10 12 1 10 12 1 10 12 1 7 1 10 12 1 9 12 1 1 10 12 1 10 12 1 10 12 1 10 12 1 10 12 1 9 7 12 1 1 10 12 1 1 10 7 12 1 1 10 12 1 1 10 12 1 10 12 1 1 10 12 1 1 9 12 1 1 10 12 1 1 100 1 10 12 1 10 12 1 1 1 3 1 3 1 3 1 3 1 3 1 3 1 3 1 1 1 3 1 3 1 3 1 3 1 1 1 1 1 1 1 1 1 1 1 1 1 1 1 1 1 1 1 100 1 1 100 1 1 1 1 1 1 1 1 1 1 1 1 1 1 1 1 1 15 10 100 12 1 1 8 1 1 1 1 100 1 100 1 1
staticfield com/sun/javafx/geom/transform/AffineBase rot90conversion [I 8
ciInstanceKlass com/sun/prism/impl/ResourcePool 1 0 32 100 1 100 1 1 1 1 1 1 1 1 1 1 1 1 1 1 1 1 1 1 1 1 1 1 1 1 1 1 1 1
ciInstanceKlass com/sun/prism/impl/TextureResourcePool 1 0 15 100 1 100 1 100 1 1 1 1 1 1 1 1 1
ciInstanceKlass com/sun/prism/Texture 1 0 59 100 1 100 1 100 1 1 1 1 1 1 1 1 1 1 1 1 1 1 1 1 1 1 1 1 1 1 1 1 1 1 1 1 1 1 1 1 1 1 1 1 1 1 1 1 1 1 1 1 1 1 100 1 100 1 1 1 1
ciInstanceKlass com/sun/prism/Surface 1 0 14 100 1 100 1 1 1 1 1 1 1 1 1 1
ciInstanceKlass com/sun/prism/RenderTarget 1 0 18 100 1 100 1 100 1 1 1 1 1 1 1 1 1 1 1 1
ciInstanceKlass com/sun/prism/RTTexture 1 0 18 100 1 100 1 100 1 100 1 1 1 1 1 1 1 1 1 1
ciInstanceKlass com/sun/prism/Presentable 1 0 18 100 1 100 1 100 1 1 1 1 1 1 1 1 1 1 1 1
ciInstanceKlass com/sun/prism/ps/Shader 1 0 26 100 1 100 1 100 1 1 1 1 1 1 1 1 1 1 1 1 1 1 1 1 1 1 1 1
instanceKlass com/sun/prism/impl/ps/BaseShaderContext
ciInstanceKlass com/sun/prism/impl/BaseContext 1 1 499 10 7 12 1 1 1 9 7 12 1 1 1 7 1 10 9 12 1 1 7 1 10 9 12 1 1 9 12 1 9 12 1 1 9 12 1 1 7 1 10 12 1 9 12 1 1 10 12 1 1 10 12 1 9 12 1 1 9 12 1 9 12 1 1 11 7 12 1 1 9 12 1 1 11 12 1 1 9 12 1 9 12 1 11 12 1 1 11 12 1 1 11 12 1 10 12 1 10 12 1 1 10 12 1 1 10 12 1 1 10 7 12 1 1 1 10 12 1 1 10 12 1 10 12 1 10 12 1 10 12 1 1 10 12 1 10 12 1 1 11 7 12 1 1 1 11 100 12 1 1 1 11 100 12 1 1 11 12 1 1 7 1 11 12 1 11 12 1 1 11 100 1 7 1 10 12 1 11 11 12 1 100 1 10 12 1 1 11 12 1 1 10 12 1 11 12 1 1 10 7 12 1 1 10 12 1 11 12 1 11 12 1 10 12 1 11 12 1 10 7 12 1 1 1 10 12 1 1 9 7 12 1 1 1 11 7 12 1 1 1 10 7 12 1 1 1 9 12 1 10 12 1 11 12 1 10 7 12 1 1 1 11 7 12 1 1 1 10 12 1 1 11 12 1 11 12 1 10 7 12 1 1 1 10 12 1 10 12 1 10 12 1 9 12 1 10 12 1 9 12 1 9 7 12 1 1 11 12 1 9 12 1 9 100 12 1 1 1 18 12 1 1 10 100 12 1 1 1 11 12 1 11 12 1 10 100 12 1 1 10 12 1 1 9 12 1 9 12 1 18 12 1 9 12 1 10 12 1 4 4 4 10 12 1 1 4 10 12 1 1 4 9 12 1 9 12 1 1 9 12 1 9 12 1 1 9 100 12 1 1 1 11 12 1 1 10 100 12 1 1 1 10 12 1 1 10 12 1 10 12 1 1 10 12 1 100 1 8 1 10 12 100 1 10 12 1 1 1 3 1 1 1 1 1 1 1 1 1 1 1 1 1 1 1 1 1 100 1 100 1 1 1 1 1 1 1 1 1 1 1 1 1 1 1 1 1 1 100 1 1 1 1 1 100 1 100 1 1 1 1 15 10 100 12 1 1 8 1 8 1 1 1 1 100 1 100 1 1
instanceKlass com/sun/prism/d3d/D3DContext
ciInstanceKlass com/sun/prism/impl/ps/BaseShaderContext 1 1 555 7 1 10 7 12 1 1 1 9 12 1 1 7 1 9 12 1 1 9 12 1 10 7 12 1 1 1 9 12 1 9 12 1 9 12 1 1 10 12 1 1 9 12 1 1 9 12 1 1 11 12 1 1 11 12 1 10 12 1 9 7 12 1 1 1 10 12 1 1 9 12 1 1 10 7 12 1 1 1 10 7 12 1 1 1 10 12 1 7 1 10 12 1 10 7 1 10 12 1 1 10 12 1 1 10 18 12 1 1 10 12 1 18 12 1 18 18 18 11 7 12 1 1 1 9 12 1 1 10 12 1 9 7 12 1 1 1 7 1 10 7 12 1 1 1 100 1 10 12 1 1 100 1 10 12 1 1 10 7 12 1 1 10 10 9 12 1 9 12 1 1 10 12 1 1 7 1 10 7 12 1 1 1 10 12 1 7 1 10 12 1 1 10 12 1 1 10 12 1 9 12 1 1 9 12 1 9 12 1 9 12 1 9 12 1 9 12 1 10 12 1 9 12 1 1 100 1 8 1 10 12 1 10 12 1 1 10 12 1 1 10 12 1 1 9 12 1 10 12 1 1 10 12 1 1 9 7 12 1 1 1 11 100 12 1 1 1 11 12 1 11 12 1 1 10 12 1 1 11 12 1 10 10 12 1 1 10 12 1 1 10 12 1 1 10 12 1 1 10 12 1 1 11 7 12 1 1 10 12 1 1 9 12 1 9 12 1 9 7 12 1 1 1 9 12 1 10 100 12 1 1 1 10 12 1 9 12 1 10 9 12 1 10 100 12 1 1 1 18 9 12 1 11 12 1 10 12 1 1 9 12 1 1 10 7 12 1 1 1 10 12 1 1 10 12 1 1 10 12 1 1 10 12 1 1 10 12 1 1 9 12 1 1 10 12 1 1 11 12 1 9 12 1 1 10 12 1 9 12 1 11 12 1 1 9 12 1 1 11 7 12 1 1 11 11 12 1 11 7 1 11 12 1 11 10 12 1 10 12 1 1 9 12 1 9 12 1 1 9 12 1 1 9 12 1 10 12 1 1 100 1 4 10 12 1 10 12 1 10 12 1 1 10 12 1 10 10 12 1 1 1 3 1 3 1 3 1 3 1 3 1 1 1 1 1 1 1 1 1 100 1 1 1 1 1 1 1 1 1 1 1 1 1 1 1 1 1 1 1 1 1 1 1 1 1 15 10 7 12 1 1 8 1 8 1 8 1 8 1 8 1 8 1 1 1 1 1 1 1 100 1 100 1 1
staticfield com/sun/prism/impl/ps/BaseShaderContext NUM_STOCK_SHADER_SLOTS I 224
ciInstanceKlass com/sun/prism/d3d/D3DContext 1 1 677 9 7 12 1 1 1 10 7 12 1 1 1 9 12 1 1 7 1 10 12 1 9 12 1 1 7 1 10 9 12 1 1 9 12 1 9 12 1 9 12 1 1 9 12 1 1 10 12 1 7 1 10 9 12 1 1 10 12 1 1 10 12 1 1 10 12 1 1 9 7 12 1 1 10 12 1 1 9 100 12 1 1 1 10 12 1 1 18 12 1 1 10 100 12 1 1 1 100 1 8 1 10 12 10 12 1 1 10 12 1 1 10 7 12 1 1 8 1 10 12 1 8 1 8 1 8 1 8 1 8 1 8 1 8 1 100 1 10 100 12 1 1 1 10 100 12 1 1 1 3 10 12 1 3 10 12 10 12 1 10 12 1 10 12 1 10 12 1 3 3 10 100 12 1 1 1 10 12 1 10 12 1 9 12 1 1 10 12 1 1 6 0 10 12 1 1 10 12 1 7 1 11 12 1 1 11 7 12 1 1 10 12 1 1 10 12 1 1 11 12 1 1 11 12 1 7 1 10 12 1 10 7 12 1 1 1 10 12 1 10 12 1 1 10 12 1 10 12 1 1 10 12 1 10 12 1 1 10 12 1 1 7 1 10 12 1 11 7 12 1 1 9 7 12 1 1 1 11 12 1 1 10 7 12 1 1 100 1 10 12 1 18 10 10 12 1 1 9 7 12 1 1 1 10 12 1 1 10 12 1 10 10 12 1 10 12 1 10 12 1 10 12 1 10 12 1 10 12 1 10 12 1 10 12 1 10 12 1 10 12 1 10 12 1 10 12 1 10 12 1 10 12 1 1 9 12 1 10 12 1 10 12 1 1 10 12 10 12 1 1 10 12 1 1 10 7 12 1 1 10 12 1 9 12 1 9 12 1 9 12 1 9 12 1 10 12 1 1 9 12 1 10 7 1 18 100 1 10 10 12 1 1 10 12 1 1 8 1 10 100 12 1 1 18 10 12 1 10 12 1 1 10 12 1 1 10 12 1 1 10 12 1 1 10 12 1 10 12 1 10 12 1 1 10 12 1 1 10 12 1 1 10 12 1 1 10 12 1 9 100 12 1 1 9 12 1 9 12 1 100 1 18 12 1 10 10 12 1 1 10 12 1 1 10 12 1 1 10 12 1 1 10 12 1 1 10 12 1 1 10 12 11 100 12 1 1 1 11 12 1 11 12 1 9 12 1 9 12 9 12 1 10 12 1 1 11 12 1 1 9 12 1 1 10 7 12 1 1 10 12 1 10 12 1 1 10 12 1 10 12 1 10 12 1 1 10 12 1 1 10 9 12 1 1 3 3 3 1 1 3 1 3 1 3 1 3 1 1 1 1 1 3 3 3 1 1 1 1 1 1 1 1 1 1 1 1 1 1 1 1 1 1 1 1 1 1 1 1 1 1 1 1 1 1 1 1 1 1 1 1 1 1 1 1 1 1 1 1 1 1 1 1 1 1 1 1 1 1 1 1 1 1 15 10 100 12 1 1 8 1 8 1 8 1 8 1 8 1 1 1 1 100 1 100 1 1
staticfield com/sun/prism/d3d/D3DContext scratchAffine3DTx Lcom/sun/javafx/geom/transform/Affine3D; com/sun/javafx/geom/transform/Affine3D
staticfield com/sun/prism/d3d/D3DContext NUM_QUADS I 4096
ciInstanceKlass com/sun/prism/Graphics 1 1 206 11 100 12 1 1 1 11 100 12 1 1 1 11 100 12 1 1 1 11 12 1 1 11 12 1 11 12 1 11 12 1 9 100 12 1 1 1 11 100 12 1 1 1 9 100 12 1 1 1 9 100 12 1 1 1 11 100 12 1 1 1 10 100 12 1 1 1 11 100 12 1 1 1 10 12 1 11 12 1 1 11 12 1 1 11 12 1 1 100 1 1 1 1 1 1 1 1 1 1 1 1 1 1 1 1 1 1 1 1 1 1 1 1 1 1 1 1 1 1 1 1 1 1 1 1 1 1 1 1 1 1 1 1 1 1 1 1 1 1 1 1 1 1 1 1 1 1 1 1 1 1 1 1 1 1 1 1 1 1 1 1 1 1 1 1 1 1 1 1 1 1 1 1 1 1 1 1 1 1 1 1 1 1 1 1 1 1 1 1 1 1 1 1 1 1 1 1 1 1 1 1 1 1 1 1
ciInstanceKlass com/sun/prism/RectShadowGraphics 1 0 273 100 1 100 1 100 1 1 1 1 100 1 8 1 1 12 10 1 1 1 8 1 1 8 1 1 1 8 1 1 8 1 1 1 8 1 1 1 8 1 1 8 1 1 1 8 1 1 1 8 1 1 1 8 1 1 1 8 1 1 1 8 1 1 1 8 1 1 1 8 1 1 1 8 1 1 1 8 1 1 8 1 8 1 1 1 8 1 1 1 8 1 1 1 8 1 1 1 8 1 1 8 1 1 8 1 1 8 1 1 8 1 1 8 1 1 1 8 1 1 1 8 1 1 1 8 1 1 1 8 1 1 8 1 1 8 1 1 8 1 1 8 1 1 1 8 1 1 8 1 1 1 8 1 1 1 8 1 8 1 1 1 8 1 1 1 8 1 1 1 8 1 1 1 8 1 1 8 1 1 8 1 1 1 8 1 1 8 1 1 1 8 1 1 8 1 1 1 8 1 1 8 1 1 8 1 1 8 1 1 1 8 1 1 1 8 1 1 1 8 1 1 1 8 1 1 8 1 1 8 1 1 1 8 1 1 8 1 1 8 1 1 8 1 1 1 8 1 1 1 8 1 1 1 8 1 1 1 8 1 1 1 8 1 1 8 1 1 8 1 1 8 1
instanceKlass com/sun/prism/impl/ps/BaseShaderGraphics
ciInstanceKlass com/sun/prism/impl/BaseGraphics 1 1 511 10 7 12 1 1 1 7 1 10 9 7 12 1 1 1 9 7 12 1 1 1 9 12 1 9 12 1 1 9 12 1 1 9 12 1 1 9 12 1 9 12 1 9 12 1 9 12 1 1 9 12 1 9 12 1 1 9 12 1 9 12 1 9 12 1 9 12 1 9 12 1 9 12 1 1 9 12 1 1 7 1 11 7 12 1 1 1 11 12 1 10 12 1 9 12 1 10 12 1 9 12 1 9 7 12 1 1 1 9 12 1 10 7 12 1 1 1 10 12 1 1 10 12 1 1 10 12 1 1 10 12 1 10 12 1 1 10 12 1 10 12 1 10 12 1 10 12 1 10 12 1 1 10 12 1 10 12 1 10 12 9 12 1 1 9 12 1 1 10 12 1 1 10 7 12 1 1 1 9 7 12 1 1 1 10 12 1 1 9 12 1 10 12 1 9 12 1 9 7 12 1 1 10 12 1 10 12 1 9 12 1 1 7 1 10 12 1 10 12 1 10 12 1 9 7 12 1 1 1 10 12 1 1 10 12 1 10 12 1 1 10 12 1 10 12 1 10 12 1 100 1 4 4 9 7 12 1 1 1 10 7 12 1 1 1 10 12 1 1 10 12 1 1 9 12 1 10 12 1 1 11 7 12 1 1 1 9 7 12 1 1 1 10 12 1 1 10 12 1 1 11 12 1 11 12 1 11 12 1 11 12 1 10 12 1 1 10 12 1 10 7 12 1 1 1 10 12 1 1 10 12 1 10 12 1 1 10 12 1 1 7 1 4 10 12 1 9 12 1 7 1 10 9 12 1 1 7 1 10 9 12 1 1 7 1 10 9 12 1 1 100 1 1 1 1 1 1 1 1 1 1 1 1 1 1 1 1 1 1 1 1 1 1 1 1 1 1 1 1 1 1 1 1 1 1 1 1 1 1 1 1 1 1 1 1 1 1 1 1 1 1 1 1 1 1 1 1 1 1 1 1 1 1 1 1 1 1 1 1 1 1 1 1 1 1 100 1 8 1 1 12 10 1 1 1 8 1 1 1 8 1 1 1 8 1 1 1 8 1 1 1 8 1 1 1 8 1 1 1 8 1 1 8 1 1 8 1 1 8 1 1 8 1 1 8 1 1 1 8 1 1 8 1 1 1 8 1 1 8 1
staticfield com/sun/prism/impl/BaseGraphics DEFAULT_STROKE Lcom/sun/prism/BasicStroke; com/sun/prism/BasicStroke
staticfield com/sun/prism/impl/BaseGraphics DEFAULT_PAINT Lcom/sun/prism/paint/Paint; com/sun/prism/paint/Color
staticfield com/sun/prism/impl/BaseGraphics scratchRRect Lcom/sun/javafx/geom/RoundRectangle2D; com/sun/javafx/geom/RoundRectangle2D
staticfield com/sun/prism/impl/BaseGraphics scratchEllipse Lcom/sun/javafx/geom/Ellipse2D; com/sun/javafx/geom/Ellipse2D
staticfield com/sun/prism/impl/BaseGraphics scratchLine Lcom/sun/javafx/geom/Line2D; com/sun/javafx/geom/Line2D
staticfield com/sun/prism/impl/BaseGraphics IDENT Lcom/sun/javafx/geom/transform/BaseTransform; com/sun/javafx/geom/transform/Identity
ciInstanceKlass com/sun/prism/ps/ShaderGraphics 1 0 281 100 1 100 1 100 1 1 1 1 1 1 1 1 1 1 1 1 100 1 8 1 1 12 10 1 1 1 8 1 1 8 1 1 1 8 1 1 8 1 1 1 8 1 1 1 8 1 1 8 1 1 1 8 1 1 1 8 1 1 1 8 1 1 1 8 1 1 1 8 1 1 1 8 1 1 1 8 1 1 1 8 1 1 1 8 1 1 8 1 8 1 1 1 8 1 1 1 8 1 1 1 8 1 1 1 8 1 1 8 1 1 8 1 1 8 1 1 8 1 1 8 1 1 1 8 1 1 1 8 1 1 1 8 1 1 1 8 1 1 8 1 1 8 1 1 8 1 1 8 1 1 1 8 1 1 8 1 1 1 8 1 1 1 8 1 8 1 1 1 8 1 1 1 8 1 1 1 8 1 1 1 8 1 1 8 1 1 8 1 1 1 8 1 1 8 1 1 1 8 1 1 8 1 1 1 8 1 1 8 1 1 8 1 1 8 1 1 1 8 1 1 1 8 1 1 1 8 1 1 1 8 1 1 8 1 1 8 1 1 1 8 1 1 8 1 1 8 1 1 8 1 1 1 8 1 1 1 8 1 1 1 8 1 1 1 8 1 1 1 8 1 1 8 1 1 8 1 1 8 1
ciInstanceKlass com/sun/javafx/geom/transform/Identity 1 1 162 10 7 12 1 1 1 9 7 12 1 1 1 10 7 12 1 1 1 10 100 12 1 1 1 7 1 10 12 1 10 12 1 10 7 12 1 1 1 10 100 12 1 1 1 10 100 12 1 1 1 100 1 10 12 1 10 12 1 1 10 12 1 1 10 7 12 1 1 1 10 12 1 100 1 10 10 12 1 1 100 1 10 10 12 1 10 12 10 12 1 1 10 12 1 1 10 12 1 10 12 1 10 12 1 10 12 1 8 1 1 1 1 1 1 1 1 1 1 1 1 1 1 1 1 1 1 1 1 1 1 1 1 1 1 1 1 1 1 1 1 1 1 1 1 1 1 1 1 1 1 1 1 1 1 1 1 1 1 1 1 1
ciInstanceKlass com/sun/javafx/geom/transform/Affine2D 1 1 369 10 7 12 1 1 1 9 7 12 1 1 1 9 12 1 9 12 1 9 12 1 9 12 1 9 12 1 9 12 1 1 7 1 9 12 1 10 12 1 1 10 12 1 9 7 12 1 1 1 10 12 1 1 10 12 1 1 10 12 1 10 12 1 10 12 1 10 100 12 1 1 1 10 12 10 12 1 6 0 10 12 1 10 12 1 10 12 9 7 12 1 1 1 10 12 1 1 10 12 1 1 10 12 1 10 12 1 1 10 12 1 10 12 1 10 12 1 9 100 12 1 1 1 10 100 12 1 1 1 18 12 1 1 10 100 12 1 1 1 10 12 1 18 12 1 10 12 1 10 12 1 18 10 12 1 10 12 10 12 1 10 12 1 10 12 1 10 12 1 10 12 1 10 12 1 10 12 1 10 12 1 1 9 9 10 12 1 10 12 1 7 1 6 0 100 1 18 10 12 10 12 1 8 1 10 9 100 12 1 1 1 9 12 1 10 10 12 1 1 6 0 10 12 1 10 12 1 18 12 1 10 12 1 100 1 10 12 10 12 1 10 12 1 10 12 10 12 1 1 10 12 1 10 12 1 1 10 12 1 10 12 10 12 1 10 12 1 1 10 10 12 1 10 10 12 1 10 10 12 1 9 12 1 1 5 0 10 10 12 1 1 10 10 10 10 10 10 12 1 1 9 12 1 1 1 1 1 1 1 1 1 1 1 1 1 1 1 100 1 1 1 1 1 1 1 1 1 1 1 1 1 1 1 1 1 1 1 1 1 1 1 1 1 1 1 15 10 100 12 1 1 8 1 8 1 8 1 8 1 8 1 1 1 100 1 100 1 1
staticfield com/sun/javafx/geom/transform/Affine2D BASE_HASH J -4039728865751334912
instanceKlass com/sun/javafx/geom/BoxBounds
instanceKlass com/sun/javafx/geom/RectBounds
ciInstanceKlass com/sun/javafx/geom/BaseBounds 1 1 82 10 7 12 1 1 1 10 7 12 1 1 1 100 1 10 12 1 7 1 10 12 1 1 1 1 1 1 1 1 1 1 1 1 1 1 1 1 1 1 1 1 1 1 1 1 1 1 1 1 1 1 1 1 1 1 1 1 1 1 1 1 1 1 1 1 1 1 1 1 1 1 1 1 1 1 1 1 100 1 1 1
ciInstanceKlass com/sun/javafx/geom/RectBounds 1 1 265 10 7 12 1 1 1 9 7 12 1 1 1 9 12 1 4 9 12 1 9 12 1 10 12 1 10 12 1 10 12 1 9 7 12 1 1 1 9 12 1 9 12 1 9 12 1 9 7 12 1 1 1 100 1 10 9 12 9 12 100 1 10 9 9 9 12 1 10 12 1 1 10 12 1 9 12 1 100 1 10 12 1 10 12 1 100 1 8 1 10 12 1 10 12 1 1 10 12 1 1 10 12 1 1 10 12 1 10 12 1 10 12 1 10 12 1 10 12 1 10 10 10 12 1 9 100 1 9 10 12 10 10 10 7 12 1 1 1 10 12 1 10 12 10 12 1 1 10 10 10 10 10 12 1 10 12 1 10 12 1 10 10 10 12 1 1 10 12 1 10 12 1 10 12 1 10 12 1 1 10 12 1 10 12 1 10 12 1 10 7 12 1 1 1 10 100 12 1 1 1 18 12 1 1 1 1 1 1 1 1 1 1 1 1 1 1 1 1 1 1 1 1 1 1 1 1 1 1 1 1 1 1 1 1 1 1 1 1 1 1 1 1 1 1 1 1 1 1 1 15 10 100 12 1 1 8 1 1 1 100 1 100 1 1
ciInstanceKlass com/sun/prism/impl/VertexBuffer 1 1 145 7 1 10 7 12 1 1 1 9 12 1 1 9 12 1 1 9 12 1 9 12 1 1 9 12 1 1 10 7 12 1 1 1 10 12 1 4 9 12 1 1 10 12 1 9 12 1 10 12 1 9 12 1 9 12 1 10 12 1 1 10 7 12 1 1 1 10 100 12 1 1 1 10 12 1 10 12 1 10 12 1 10 12 1 1 10 12 1 10 12 1 10 12 1 1 10 100 12 1 1 1 10 12 1 1 1 1 3 1 3 1 3 1 3 1 1 3 1 1 3 1 1 1 1 1 1 1 1 1 1 1 1 1 1 1 1 1 100 1 1 1 1 1 1
ciInstanceKlass com/sun/prism/impl/ps/BaseShaderContext$SpecialShaderType 1 1 88 7 1 9 12 1 1 9 12 1 9 12 1 9 12 1 9 12 1 9 12 1 9 12 1 1 10 7 12 1 1 10 7 12 1 1 1 10 12 1 1 9 12 1 1 8 8 1 10 12 1 8 8 1 8 8 1 8 8 1 8 8 1 8 8 1 10 12 1 1 1 1 1 1 1 1 1 1 1 1 1 1 1 1 100 1 1 1
staticfield com/sun/prism/impl/ps/BaseShaderContext$SpecialShaderType TEXTURE_RGB Lcom/sun/prism/impl/ps/BaseShaderContext$SpecialShaderType; com/sun/prism/impl/ps/BaseShaderContext$SpecialShaderType
staticfield com/sun/prism/impl/ps/BaseShaderContext$SpecialShaderType TEXTURE_MASK_RGB Lcom/sun/prism/impl/ps/BaseShaderContext$SpecialShaderType; com/sun/prism/impl/ps/BaseShaderContext$SpecialShaderType
staticfield com/sun/prism/impl/ps/BaseShaderContext$SpecialShaderType TEXTURE_YV12 Lcom/sun/prism/impl/ps/BaseShaderContext$SpecialShaderType; com/sun/prism/impl/ps/BaseShaderContext$SpecialShaderType
staticfield com/sun/prism/impl/ps/BaseShaderContext$SpecialShaderType TEXTURE_First_LCD Lcom/sun/prism/impl/ps/BaseShaderContext$SpecialShaderType; com/sun/prism/impl/ps/BaseShaderContext$SpecialShaderType
staticfield com/sun/prism/impl/ps/BaseShaderContext$SpecialShaderType TEXTURE_SECOND_LCD Lcom/sun/prism/impl/ps/BaseShaderContext$SpecialShaderType; com/sun/prism/impl/ps/BaseShaderContext$SpecialShaderType
staticfield com/sun/prism/impl/ps/BaseShaderContext$SpecialShaderType SUPER Lcom/sun/prism/impl/ps/BaseShaderContext$SpecialShaderType; com/sun/prism/impl/ps/BaseShaderContext$SpecialShaderType
staticfield com/sun/prism/impl/ps/BaseShaderContext$SpecialShaderType $VALUES [Lcom/sun/prism/impl/ps/BaseShaderContext$SpecialShaderType; 6 [Lcom/sun/prism/impl/ps/BaseShaderContext$SpecialShaderType;
ciInstanceKlass com/sun/prism/impl/ps/BaseShaderContext$State 1 1 69 10 7 12 1 1 1 7 1 10 9 7 12 1 1 1 7 1 9 12 1 1 100 1 4 9 12 1 1 9 12 1 9 12 1 9 12 1 9 12 1 9 12 1 9 12 1 1 1 1 1 1 1 1 1 1 1 1 1 1 1 1 1 1 1 7 1 1 1
instanceKlass java/util/concurrent/CancellationException
ciInstanceKlass java/lang/IllegalStateException 0 0 35 10 100 12 1 1 1 10 12 1 10 12 1 10 12 1 100 1 1 1 1 5 0 1 1 1 1 1 1 1 1 1 1 1 1
ciInstanceKlass java/util/concurrent/atomic/AtomicBoolean 1 1 143 10 7 12 1 1 1 9 7 12 1 1 1 9 12 1 1 10 7 12 1 1 1 10 12 1 10 12 1 1 10 12 1 1 10 12 1 1 10 100 12 1 1 1 10 12 1 10 12 1 10 12 1 10 12 1 10 12 1 10 12 1 1 10 12 1 10 12 1 10 12 1 10 12 1 10 12 1 10 7 12 1 1 1 8 9 7 12 1 1 1 10 7 12 1 1 1 100 1 100 1 10 12 1 100 1 1 1 1 5 0 1 1 1 1 1 1 1 1 1 1 1 1 1 1 1 1 1 1 1 1 1 1 1 1 1 1 1 1 1 1 1 1
staticfield java/util/concurrent/atomic/AtomicBoolean VALUE Ljava/lang/invoke/VarHandle; java/lang/invoke/VarHandleInts$FieldInstanceReadWrite
instanceKlass java/lang/invoke/VarHandleInts$FieldInstanceReadWrite
ciInstanceKlass java/lang/invoke/VarHandleInts$FieldInstanceReadOnly 1 1 181 9 7 12 1 1 1 10 12 1 1 10 7 12 1 1 9 12 1 1 9 12 1 1 10 12 1 1 9 12 1 9 7 12 1 1 7 1 10 100 12 1 1 1 10 12 1 1 10 100 12 1 1 10 12 1 10 100 12 1 1 1 10 100 12 1 1 1 10 12 1 1 100 1 10 100 12 1 1 1 10 12 1 1 9 100 12 1 1 1 10 12 1 1 10 100 12 1 1 10 100 12 1 1 1 10 12 1 10 12 1 10 12 1 10 12 1 1 10 12 1 7 1 7 1 10 12 1 1 1 1 1 1 1 1 1 1 1 1 1 1 1 1 1 1 1 1 1 1 1 1 1 1 1 1 1 1 1 1 1 1 1 1 1 1 1 1 1 1 1 1 100 1 1 100 1 1 1 1 1 1
staticfield java/lang/invoke/VarHandleInts$FieldInstanceReadOnly FORM Ljava/lang/invoke/VarForm; java/lang/invoke/VarForm
ciInstanceKlass java/lang/invoke/VarHandleInts$FieldInstanceReadWrite 1 1 218 10 7 12 1 1 1 9 12 1 1 10 7 12 1 1 10 12 1 1 9 12 1 1 9 12 1 1 9 7 12 1 1 1 10 7 12 1 1 1 10 7 12 1 1 10 7 12 1 1 1 10 12 1 10 12 1 10 12 1 10 12 1 1 10 12 1 1 10 12 1 10 12 1 10 12 1 10 12 1 10 12 1 10 12 1 10 12 1 1 10 12 1 10 12 1 10 12 1 10 12 1 10 12 1 10 12 1 10 12 1 10 12 1 10 12 1 10 12 1 10 12 1 10 12 1 10 12 1 10 12 1 10 12 1 1 10 12 1 7 1 7 1 9 7 12 1 1 10 12 1 1 1 1 1 1 1 1 1 1 1 1 1 1 1 1 1 1 1 1 1 1 1 1 1 1 1 1 1 1 1 1 1 1 1 1 1 1 1 1 1 1 1 1 1 1 1 1 1 1 1 1 1 1 1 1 1 1 1 1 1 1 1 100 1 1 1 1
staticfield java/lang/invoke/VarHandleInts$FieldInstanceReadWrite FORM Ljava/lang/invoke/VarForm; java/lang/invoke/VarForm
ciInstanceKlass java/lang/UnsupportedOperationException 0 0 34 10 100 12 1 1 1 10 12 1 10 12 1 10 12 1 100 1 1 1 1 5 0 1 1 1 1 1 1 1 1 1 1 1
ciInstanceKlass java/lang/AssertionError 0 0 79 10 100 12 1 1 1 10 12 1 10 100 12 1 1 1 10 100 1 100 1 10 12 1 1 10 12 1 10 12 1 10 12 1 10 12 1 10 12 1 10 12 1 10 12 1 1 1 1 5 0 1 1 1 1 1 1 1 1 1 1 100 1 1 1 1 1 1 1 1 1 1 1 1 1 1 1 1 1
instanceKlass java/util/LinkedList
ciInstanceKlass java/util/AbstractSequentialList 1 1 110 10 7 12 1 1 1 10 7 12 1 1 1 11 100 12 1 1 1 100 1 100 1 100 1 10 8 1 10 12 1 1 10 12 1 10 12 1 1 10 12 1 11 12 1 1 11 12 1 11 12 1 11 100 12 1 1 1 11 100 12 1 1 1 11 10 12 1 1 1 1 1 1 1 1 1 1 1 1 1 1 1 1 1 1 1 1 1 1 1 1 1 1 1 1 1 1 1 1 1 1 1 1 1 1 1 1 1 1 1
ciInstanceKlass java/util/LinkedList 1 1 346 10 7 12 1 1 1 9 7 12 1 1 1 10 10 12 1 1 9 12 1 1 7 1 10 12 1 9 12 1 9 12 1 9 12 1 9 12 1 9 12 1 1 100 1 10 10 12 1 1 10 12 1 10 12 1 1 10 12 1 10 12 1 1 10 12 1 10 7 12 1 1 1 10 12 1 10 12 1 1 11 7 12 1 1 1 10 12 1 1 10 12 1 10 12 1 1 100 1 10 8 1 10 12 1 1 10 12 1 8 1 10 12 1 1 10 12 1 1 100 1 10 12 1 1 10 12 1 10 12 1 10 12 1 1 10 12 1 10 12 1 10 12 1 10 12 1 10 12 1 7 1 10 12 1 100 1 10 12 1 10 12 1 100 1 100 1 10 12 1 10 12 1 1 10 12 1 1 10 100 12 1 1 10 100 12 1 1 1 100 1 10 100 12 1 1 10 12 1 10 12 1 10 100 12 1 1 10 12 1 1 10 12 1 100 1 10 12 1 100 1 10 12 1 1 11 100 12 1 1 10 12 1 10 12 100 1 100 1 100 1 1 1 1 1 1 5 0 1 1 1 1 1 1 1 1 1 1 1 1 1 1 1 1 1 1 1 1 1 1 1 1 1 1 1 1 1 1 1 1 1 1 1 1 1 1 1 1 1 1 1 1 1 1 1 1 1 1 1 1 1 1 1 1 1 1 1 1 1 1 1 1 1 1 1 1 1 1 1 1 1 1 1 1 1 1 100 1 1 1 100 1 1 1 1 1 1 1 1 1 1 1 1 1 1 1
ciInstanceKlass java/util/concurrent/ThreadPoolExecutor$Worker 1 1 112 9 7 12 1 1 1 10 7 12 1 1 1 10 12 1 1 9 12 1 1 10 7 12 1 1 1 11 7 12 1 1 1 9 12 1 1 10 12 1 1 10 12 1 1 10 12 1 1 10 7 12 1 1 1 10 12 1 1 10 12 1 10 12 1 1 10 12 1 10 12 1 1 10 12 1 10 12 1 100 1 100 1 1 1 1 5 0 1 1 1 1 1 1 1 1 1 1 1 1 1 1 1 1 1 1 1 1 1 1 1 1
instanceKlass com/sun/javafx/sg/prism/NGCamera
instanceKlass com/sun/javafx/sg/prism/NGImageView
instanceKlass com/sun/javafx/sg/prism/NGShape
instanceKlass com/sun/javafx/sg/prism/NGGroup
ciInstanceKlass com/sun/javafx/sg/prism/NGNode 1 1 1142 7 1 10 7 12 1 1 1 9 7 12 1 1 1 9 12 1 7 1 10 9 12 1 1 9 12 1 9 12 1 9 12 1 1 9 7 12 1 1 1 9 12 1 9 12 1 1 9 12 1 1 9 12 1 9 12 1 9 12 1 1 9 12 1 9 12 1 1 9 12 1 9 12 1 10 12 1 10 7 12 1 1 1 10 12 1 1 10 12 1 1 10 12 1 10 12 1 10 9 12 1 1 9 12 1 1 9 7 12 1 1 9 12 1 1 100 1 10 10 12 1 1 10 12 1 10 12 1 10 12 1 10 12 1 10 12 1 10 12 1 10 12 1 10 12 1 10 12 1 10 12 1 9 12 1 10 12 1 9 12 1 10 12 1 1 10 12 1 10 12 1 9 12 1 10 12 1 1 10 12 1 10 12 1 100 1 8 1 10 12 1 9 12 1 1 8 1 7 1 10 12 1 10 12 1 1 10 12 1 1 10 12 1 10 12 1 1 9 12 1 9 12 1 1 7 1 10 12 1 10 10 10 12 1 9 12 1 9 12 1 1 10 12 1 10 12 1 10 12 1 1 10 12 1 10 12 1 10 12 1 10 12 1 10 12 1 10 12 1 10 12 1 1 10 12 1 10 12 1 10 12 1 10 12 1 1 10 12 1 10 12 1 10 12 1 10 12 1 10 12 1 1 10 12 1 10 12 1 9 12 1 9 12 1 10 12 1 1 10 12 1 1 7 1 10 12 1 1 11 7 12 1 1 1 11 12 1 1 10 12 1 10 12 1 10 12 1 1 10 12 1 10 12 1 10 12 1 1 100 1 10 7 1 10 12 1 1 9 12 1 100 1 10 10 12 1 1 10 12 1 1 10 12 1 1 10 10 12 1 1 10 12 1 10 12 1 10 12 1 1 9 12 1 1 10 12 1 100 1 10 7 12 1 1 1 10 7 1 10 12 1 10 12 1 10 12 1 1 10 12 1 1 10 12 1 1 10 12 1 1 10 12 1 10 12 1 1 10 12 1 10 12 1 1 10 7 1 10 9 12 1 10 10 10 12 1 1 10 12 1 1 8 1 10 100 12 1 1 1 8 1 8 1 8 1 8 1 8 1 8 1 8 1 8 1 8 1 8 1 10 12 1 1 10 12 1 10 12 1 10 12 1 1 10 12 1 100 1 10 18 12 1 1 11 12 1 8 1 8 1 18 18 18 8 1 8 1 8 1 10 12 1 1 10 10 10 12 1 10 12 1 18 12 1 11 18 12 1 8 1 100 1 18 18 12 1 18 12 1 18 18 9 7 12 1 1 9 12 1 10 12 1 9 12 1 9 12 1 6 0 3 3 3 3 3 3 8 1 10 12 1 1 9 7 12 1 1 1 10 7 12 1 9 12 1 10 12 1 10 12 1 9 7 12 1 9 12 10 100 12 1 1 1 10 12 1 1 3 9 12 1 1 10 7 12 1 1 10 12 10 12 1 1 10 12 1 9 12 1 10 12 1 9 12 1 1 10 12 1 1 10 10 10 12 1 10 10 12 1 1 10 12 1 10 12 1 10 12 1 10 7 12 1 1 9 100 12 1 1 9 7 12 1 1 8 1 10 12 1 10 12 1 1 10 12 1 11 7 12 1 1 1 9 12 1 11 12 1 11 12 1 11 12 1 11 12 1 10 11 12 1 11 12 1 11 12 1 7 1 10 12 1 10 12 1 10 12 1 10 12 1 1 10 12 1 10 12 1 10 12 1 1 9 12 1 1 10 7 12 1 1 10 12 1 10 12 1 9 12 1 100 1 11 12 1 8 1 10 12 1 1 10 12 1 1 10 12 10 7 12 1 1 1 10 10 12 1 1 10 12 1 1 7 1 10 12 1 1 11 12 1 1 11 12 1 11 12 1 1 10 12 1 1 100 1 100 1 10 12 1 10 12 1 11 12 1 1 11 12 1 9 100 12 1 1 1 11 12 1 1 10 12 1 1 10 12 1 1 11 12 1 1 10 7 12 1 1 1 10 7 12 1 10 11 12 1 1 10 10 10 11 12 1 10 12 1 10 10 12 1 1 10 12 1 1 10 11 12 1 100 1 9 100 12 1 1 1 10 12 1 9 12 1 9 12 1 10 12 1 11 12 1 11 12 1 1 10 12 10 12 1 10 12 1 1 11 12 1 1 10 12 1 7 1 10 10 11 12 1 11 12 1 1 11 12 1 1 10 7 12 1 1 1 10 12 1 1 10 12 1 1 10 12 1 1 10 12 1 1 10 7 12 1 1 10 12 1 10 12 1 10 12 1 1 10 12 1 1 10 7 12 1 1 10 7 12 1 1 1 9 12 1 1 10 12 1 10 12 1 1 10 10 10 1 1 3 1 3 1 3 1 3 1 1 1 1 1 1 1 1 1 1 1 1 1 1 1 1 1 1 1 1 1 1 1 1 1 1 1 1 1 1 1 1 100 1 1 1 100 1 1 100 1 100 1 1 1 1 1 1 1 15 10 100 12 1 1 8 1 8 1 8 1 8 1 8 1 8 1 8 1 8 1 8 1 8 1 8 1 1 1 1 1 1 1 1 100 1 100 1 1
staticfield com/sun/javafx/sg/prism/NGNode pipeline Lcom/sun/prism/GraphicsPipeline; com/sun/prism/d3d/D3DPipeline
staticfield com/sun/javafx/sg/prism/NGNode effectsSupported Ljava/lang/Boolean; java/lang/Boolean
staticfield com/sun/javafx/sg/prism/NGNode TEMP_BOUNDS Lcom/sun/javafx/geom/BoxBounds; com/sun/javafx/geom/BoxBounds
staticfield com/sun/javafx/sg/prism/NGNode TEMP_RECT_BOUNDS Lcom/sun/javafx/geom/RectBounds; com/sun/javafx/geom/RectBounds
staticfield com/sun/javafx/sg/prism/NGNode TEMP_TRANSFORM Lcom/sun/javafx/geom/transform/Affine3D; com/sun/javafx/geom/transform/Affine3D
staticfield com/sun/javafx/sg/prism/NGNode $assertionsDisabled Z 1
ciInstanceKlass com/sun/javafx/sg/prism/NGRegion 1 1 1105 10 7 12 1 1 1 9 7 12 1 1 1 9 7 12 1 1 9 7 12 1 1 9 12 1 9 7 12 1 1 9 12 1 9 12 1 1 9 12 1 9 12 1 7 1 4 9 12 1 1 9 12 1 9 12 1 9 12 1 10 7 12 1 1 1 11 7 12 1 1 1 7 1 7 1 10 7 12 1 1 1 7 1 9 12 1 1 10 12 1 1 9 12 1 1 10 12 1 9 12 1 1 10 12 1 9 12 1 9 12 1 10 12 1 1 10 12 1 1 10 12 1 1 10 12 1 9 12 1 1 10 12 1 1 11 7 12 1 1 1 7 1 10 12 1 1 7 1 10 12 1 9 12 1 1 9 7 12 1 1 11 12 1 11 12 1 1 7 1 10 12 1 1 7 1 10 12 1 1 10 12 1 10 12 1 10 12 1 7 1 7 1 10 9 12 1 10 10 12 1 10 11 7 12 1 1 1 9 12 1 1 10 7 12 1 1 100 1 10 12 1 1 11 100 12 1 1 10 12 1 11 12 1 1 10 12 1 10 12 1 1 10 12 1 10 100 1 10 100 12 1 1 1 10 12 1 10 12 1 1 10 7 12 1 1 1 10 12 1 1 9 7 12 1 1 1 10 12 1 10 10 11 12 1 1 10 7 12 1 1 10 12 1 9 12 1 10 12 1 1 100 1 10 9 12 1 1 100 1 9 12 1 1 10 12 1 10 12 1 1 10 12 1 10 12 1 10 12 1 10 12 1 10 12 1 10 12 1 10 12 1 10 12 1 1 10 7 12 1 1 1 10 12 1 1 10 7 12 1 1 1 10 12 1 10 12 1 100 1 10 12 1 1 10 12 1 1 10 12 1 1 9 12 1 1 10 7 12 1 1 1 10 12 1 1 10 11 12 1 1 9 12 1 10 12 1 9 12 1 10 12 1 11 12 1 1 10 12 1 9 7 12 1 1 8 1 10 12 1 1 10 12 1 10 12 1 11 12 1 1 8 1 6 0 10 12 1 1 10 12 1 11 12 1 1 8 1 10 12 1 1 18 12 1 1 10 12 1 10 12 1 11 12 1 1 10 11 12 1 10 12 1 100 1 10 12 1 1 10 12 1 1 11 100 12 1 1 1 100 1 10 12 1 1 10 100 12 1 1 100 1 10 12 1 10 12 10 12 10 12 1 10 12 1 10 12 1 10 12 1 1 10 12 1 1 10 12 1 1 8 1 10 12 1 1 10 100 12 1 10 12 10 12 1 1 9 100 12 1 1 1 11 100 12 1 1 1 11 100 12 1 1 10 12 1 10 10 12 1 10 10 12 1 10 12 10 12 1 1 10 12 1 1 10 100 12 1 1 1 9 100 12 1 1 1 10 12 1 10 12 1 10 12 1 9 12 1 10 12 1 10 12 1 10 12 1 1 10 12 1 10 12 1 1 4 11 12 1 1 11 12 1 11 12 1 1 8 1 10 12 1 1 10 12 1 10 7 12 1 1 10 7 12 1 1 10 12 1 10 12 1 6 0 10 12 1 11 12 1 1 11 12 1 1 8 1 18 10 12 1 1 10 10 100 12 1 1 10 12 1 1 10 12 1 10 12 1 10 12 1 10 12 1 10 12 1 10 7 12 1 1 10 10 12 1 10 10 12 1 10 10 12 1 10 10 12 1 1 10 12 1 10 12 1 10 12 1 10 7 12 1 1 1 9 7 12 1 1 1 9 12 1 10 12 1 10 12 1 9 12 1 1 6 0 6 0 11 12 1 11 12 1 9 12 1 10 12 1 1 11 12 1 1 11 12 1 10 12 1 1 10 12 1 6 0 10 12 1 10 12 1 10 12 1 10 12 1 10 12 1 100 1 10 10 12 1 10 10 10 12 1 10 12 1 10 12 1 1 10 12 1 1 9 100 12 1 1 1 10 12 1 10 12 1 10 12 10 12 1 10 12 1 10 12 1 10 12 1 1 9 7 12 1 1 1 7 1 9 12 1 10 12 1 1 9 7 12 1 1 1 9 12 1 9 100 12 1 1 1 10 12 1 8 1 10 12 1 10 12 1 10 12 1 10 12 1 9 12 1 9 12 1 6 0 6 0 100 1 10 12 1 10 12 1 10 12 1 10 12 1 9 7 12 1 1 1 9 12 1 10 7 12 1 1 1 10 12 1 10 12 1 10 10 12 1 1 10 12 1 4 10 12 1 1 9 12 1 1 10 7 12 1 1 10 12 1 10 12 1 10 12 1 1 9 12 1 10 9 100 12 1 1 1 9 12 1 9 12 1 9 12 1 10 12 1 1 9 12 1 9 12 1 10 7 12 1 1 10 10 10 7 1 10 12 1 1 1 1 1 3 1 3 1 1 1 1 1 1 1 1 1 1 1 1 1 1 1 100 1 1 1 100 1 1 1 1 1 1 100 1 100 1 1 1 1 1 1 1 1 1 1 15 10 100 12 1 1 8 1 8 1 1 1 100 1 1 1 1 1 100 1 100 1 1
staticfield com/sun/javafx/sg/prism/NGRegion SCRATCH_AFFINE Lcom/sun/javafx/geom/transform/Affine2D; com/sun/javafx/geom/transform/Affine2D
staticfield com/sun/javafx/sg/prism/NGRegion TEMP_RECT Lcom/sun/javafx/geom/Rectangle; com/sun/javafx/geom/Rectangle
staticfield com/sun/javafx/sg/prism/NGRegion nopEffect Lcom/sun/scenario/effect/Offset; com/sun/scenario/effect/Offset
staticfield com/sun/javafx/sg/prism/NGRegion $assertionsDisabled Z 1
ciInstanceKlass com/sun/prism/PixelFormat 1 1 122 7 1 9 12 1 1 9 12 1 9 12 1 9 12 1 9 12 1 9 12 1 9 12 1 9 12 1 9 12 1 1 10 7 12 1 1 10 7 12 1 1 1 10 12 1 1 9 12 1 1 9 12 1 1 9 12 1 1 9 12 1 10 7 12 1 1 1 8 9 12 1 10 12 1 8 9 12 1 8 8 8 8 8 8 9 12 1 10 12 1 1 1 1 3 1 3 1 3 1 3 1 1 1 1 1 1 1 1 1 1 1 1 1 1 1 1 1 1 1 1 1
staticfield com/sun/prism/PixelFormat INT_ARGB_PRE Lcom/sun/prism/PixelFormat; com/sun/prism/PixelFormat
staticfield com/sun/prism/PixelFormat BYTE_BGRA_PRE Lcom/sun/prism/PixelFormat; com/sun/prism/PixelFormat
staticfield com/sun/prism/PixelFormat BYTE_RGB Lcom/sun/prism/PixelFormat; com/sun/prism/PixelFormat
staticfield com/sun/prism/PixelFormat BYTE_GRAY Lcom/sun/prism/PixelFormat; com/sun/prism/PixelFormat
staticfield com/sun/prism/PixelFormat BYTE_ALPHA Lcom/sun/prism/PixelFormat; com/sun/prism/PixelFormat
staticfield com/sun/prism/PixelFormat MULTI_YCbCr_420 Lcom/sun/prism/PixelFormat; com/sun/prism/PixelFormat
staticfield com/sun/prism/PixelFormat BYTE_APPLE_422 Lcom/sun/prism/PixelFormat; com/sun/prism/PixelFormat
staticfield com/sun/prism/PixelFormat FLOAT_XYZW Lcom/sun/prism/PixelFormat; com/sun/prism/PixelFormat
staticfield com/sun/prism/PixelFormat $VALUES [Lcom/sun/prism/PixelFormat; 8 [Lcom/sun/prism/PixelFormat;
ciInstanceKlass javafx/css/Rule$Observables$1 1 1 79 9 7 12 1 1 1 10 7 12 1 1 1 10 100 12 1 1 1 10 12 1 10 12 1 1 11 100 12 1 1 1 11 12 1 1 100 1 9 100 12 1 1 1 10 12 1 1 10 12 1 10 12 1 10 12 1 1 1 1 1 1 1 1 1 1 1 1 1 1 12 1 100 1 1 1 100 1 1
instanceKlass com/sun/javafx/sg/prism/NGPerspectiveCamera
instanceKlass com/sun/javafx/sg/prism/NGParallelCamera
ciInstanceKlass com/sun/javafx/sg/prism/NGCamera 1 1 98 10 7 12 1 1 1 7 1 10 9 7 12 1 1 1 9 12 1 1 9 12 1 6 0 9 12 1 6 0 9 12 1 7 1 10 9 12 1 1 7 1 10 9 12 1 1 10 12 1 1 10 12 1 10 12 1 1 7 1 10 9 12 1 1 1 1 1 1 1 1 1 1 1 1 1 1 1 1 1 1 1 1 1 1 1 1 1 1 1 1 1 1 1 1 1 1 1
staticfield com/sun/javafx/sg/prism/NGCamera INSTANCE Lcom/sun/javafx/sg/prism/NGCamera; com/sun/javafx/sg/prism/NGDefaultCamera
ciInstanceKlass com/sun/javafx/tk/quantum/ViewScene 1 1 303 10 7 12 1 1 1 10 7 12 1 1 1 10 12 1 1 9 7 12 1 1 1 7 1 10 12 1 10 7 12 1 1 1 9 12 1 1 7 1 10 12 1 1 7 1 10 12 1 1 10 7 12 1 1 1 10 12 1 10 7 12 1 1 1 100 1 10 7 12 1 1 1 9 12 1 1 100 1 8 1 10 12 1 7 1 10 12 1 10 10 12 1 1 10 7 12 1 1 1 7 1 10 7 12 1 1 1 10 12 1 1 10 12 1 9 12 1 1 10 12 1 1 18 12 1 1 10 7 12 1 1 1 10 12 1 1 10 10 12 1 1 18 12 1 1 10 12 1 1 10 12 1 1 10 7 12 1 1 1 10 12 1 1 10 12 1 1 10 12 1 10 12 1 10 100 12 1 1 10 12 1 10 12 1 18 12 1 1 10 12 1 10 12 1 1 10 12 1 1 10 12 1 10 100 12 1 1 1 10 100 12 1 1 10 12 1 1 10 12 1 10 12 1 7 1 10 7 12 1 1 1 10 12 1 1 10 7 12 1 1 10 12 1 10 12 1 1 1 1 1 1 1 1 1 1 1 1 1 1 100 1 1 100 1 1 1 1 1 1 15 10 7 12 1 1 1 16 15 10 12 16 15 10 12 15 10 100 12 1 1 8 1 1 100 1 1 1 100 1 100 1 1
instanceKlass com/sun/prism/paint/Gradient
instanceKlass com/sun/prism/paint/Color
instanceKlass com/sun/prism/paint/ImagePattern
ciInstanceKlass com/sun/prism/paint/Paint 1 1 35 10 7 12 1 1 1 9 7 12 1 1 1 9 12 1 1 9 12 1 1 1 1 1 1 1 1 1 1 1 1 100 1 1 1
ciInstanceKlass com/sun/javafx/geom/Rectangle 1 1 140 10 7 12 1 1 1 10 7 12 1 1 10 12 1 1 9 12 1 1 9 12 1 9 12 1 9 12 1 10 12 10 12 1 10 7 12 1 1 1 10 7 12 1 1 1 10 12 1 10 12 1 10 12 1 10 12 1 10 12 1 1 10 12 1 10 12 1 100 1 5 0 3 3 100 1 10 12 1 5 0 10 12 1 1 10 100 12 1 1 1 10 12 1 1 10 100 12 1 1 1 18 12 1 1 1 1 1 1 1 1 1 1 1 1 1 1 1 1 1 1 1 1 1 1 1 15 10 100 12 1 1 8 1 1 100 1 100 1 1
instanceKlass com/sun/javafx/tk/quantum/PresentingPainter
instanceKlass com/sun/javafx/tk/quantum/UploadingPainter
ciInstanceKlass com/sun/javafx/tk/quantum/ViewPainter 1 1 629 10 7 12 1 1 1 9 7 12 1 1 1 9 12 1 10 7 12 1 1 1 9 12 1 1 100 1 8 1 10 12 1 9 7 12 1 1 1 7 1 10 9 12 1 1 7 1 10 9 12 1 1 9 12 1 9 12 1 7 1 10 9 12 1 1 7 1 10 9 12 1 1 9 12 1 7 1 9 12 1 10 12 1 9 12 1 1 10 12 1 1 9 12 1 1 9 12 1 1 9 12 1 9 12 1 100 1 10 7 1 9 12 1 6 0 9 12 1 10 12 1 1 6 0 10 12 1 1 10 12 1 1 10 100 12 1 1 1 10 12 10 7 12 1 1 1 10 12 1 1 10 12 1 11 7 12 1 1 1 9 12 1 10 7 12 1 1 1 10 12 1 1 10 12 1 9 12 1 9 12 1 10 7 12 1 1 1 9 12 1 1 11 100 12 1 1 11 12 1 11 12 1 1 11 12 1 11 12 1 11 12 1 11 12 1 1 9 100 12 1 1 1 11 100 12 1 1 1 11 12 1 11 12 1 1 11 12 1 9 7 12 1 1 8 1 10 12 1 10 12 1 1 10 12 1 1 10 7 12 1 1 10 12 1 10 12 1 1 10 12 1 1 10 12 1 1 10 12 1 1 10 12 1 10 12 1 1 10 12 1 11 12 1 1 8 1 10 12 1 1 10 7 12 1 1 10 12 1 1 10 12 1 1 18 12 1 1 10 12 1 10 100 12 1 1 1 18 12 1 18 9 12 1 100 1 10 100 1 10 10 12 1 10 12 1 10 12 1 10 12 1 1 11 100 12 1 1 1 10 12 1 1 10 12 1 1 10 12 1 10 12 1 9 12 1 10 12 1 9 12 1 10 12 1 9 10 12 1 9 11 12 1 1 11 12 1 10 12 1 1 10 12 1 11 12 1 11 11 12 1 11 12 1 11 12 1 1 10 12 1 10 12 1 1 100 1 4 10 12 11 12 1 1 11 12 1 10 12 1 11 12 1 11 12 1 10 12 1 9 100 12 1 1 1 10 12 1 1 10 100 12 1 1 1 9 12 1 1 9 12 1 11 12 1 1 11 100 1 9 12 1 1 10 9 12 1 1 100 1 11 10 12 1 10 12 9 12 1 10 12 9 12 1 10 12 1 10 12 1 11 7 1 11 10 12 1 10 12 1 8 1 10 12 1 10 12 1 1 11 12 1 1 11 12 1 10 12 1 1 11 12 1 10 12 1 1 10 100 12 1 1 1 9 100 12 1 1 1 11 12 1 1 10 12 1 11 100 12 1 1 11 12 1 11 12 1 11 12 1 1 10 7 12 1 1 7 1 10 9 12 1 1 100 1 1 1 1 1 1 1 1 1 1 1 1 1 1 1 15 10 100 12 1 1 8 1 8 1 8 1 1 1 1 100 1 100 1 1
staticfield com/sun/javafx/tk/quantum/ViewPainter renderLock Ljava/util/concurrent/locks/ReentrantLock; java/util/concurrent/locks/ReentrantLock
staticfield com/sun/javafx/tk/quantum/ViewPainter $assertionsDisabled Z 1
ciInstanceKlass com/sun/javafx/tk/quantum/UploadingPainter 1 1 275 10 7 12 1 1 1 9 7 12 1 1 1 7 1 10 12 1 9 12 1 1 9 12 1 11 7 12 1 1 1 9 12 1 1 10 7 12 1 1 1 10 12 1 9 12 1 1 10 7 12 1 1 10 12 1 1 9 100 12 1 1 1 9 100 12 1 1 1 8 1 10 100 12 1 1 1 10 12 1 1 11 12 1 11 12 1 10 7 12 1 1 10 12 1 1 10 7 12 1 1 1 9 12 1 1 11 7 12 1 1 1 11 7 12 1 1 10 10 7 12 1 1 1 11 12 1 10 12 1 10 12 1 10 12 1 1 10 12 1 9 12 1 1 9 12 1 9 12 1 1 9 12 1 9 12 1 9 12 1 11 12 1 11 12 1 11 11 12 1 10 12 1 10 12 1 9 7 12 1 1 1 10 12 1 11 12 1 1 9 12 1 11 12 1 1 11 7 12 1 1 1 10 12 1 10 12 1 10 12 1 10 12 1 11 10 12 1 1 10 12 1 1 10 7 12 1 1 1 7 1 11 12 1 10 12 1 1 11 12 1 1 10 12 1 1 10 12 1 1 7 1 10 12 1 1 11 12 1 11 12 1 1 1 1 1 1 100 1 1 1 1 100 1 1
ciInstanceKlass com/sun/javafx/tk/quantum/PresentingPainter 1 1 175 10 7 12 1 1 1 9 7 12 1 1 1 10 7 12 1 1 1 10 12 1 1 9 7 12 1 1 1 9 100 12 1 1 1 8 1 10 100 12 1 1 1 10 12 1 1 10 7 12 1 1 9 12 1 1 10 7 12 1 1 10 12 1 1 7 1 10 12 1 1 9 12 1 1 11 7 12 1 1 1 11 7 12 1 1 1 10 10 10 7 12 1 1 1 11 12 1 10 100 12 1 1 9 12 1 1 11 7 12 1 1 1 10 12 1 11 12 1 1 9 12 1 1 9 12 1 9 12 1 9 12 1 9 12 1 11 12 1 1 9 7 12 1 1 8 1 10 12 1 11 12 1 1 10 12 1 11 12 1 7 1 10 12 1 1 1 1 1 1 1 100 1 1 1
instanceKlass com/sun/javafx/tk/quantum/SceneState
ciInstanceKlass com/sun/prism/PresentableState 1 1 230 10 7 12 1 1 1 10 7 12 1 1 1 9 7 12 1 1 1 9 12 1 9 12 1 9 12 1 9 12 1 9 12 1 9 12 1 9 12 1 9 12 1 9 12 1 1 9 12 1 9 12 1 9 12 1 9 12 1 9 12 1 1 9 12 1 9 12 1 9 12 1 9 12 1 1 9 12 1 9 12 1 9 12 1 9 12 1 1 9 12 1 1 9 12 1 10 7 12 1 1 10 12 1 10 12 1 11 7 12 1 1 1 10 12 1 1 11 12 1 10 7 12 1 1 1 10 12 1 1 10 12 1 10 12 1 10 12 1 1 10 7 12 1 1 10 12 1 10 12 1 1 10 12 1 1 10 12 1 10 12 1 10 12 1 10 12 1 10 12 1 10 12 1 10 12 1 10 12 1 10 12 1 10 12 1 10 12 1 1 10 12 1 1 10 7 1 10 5 0 10 7 12 1 1 1 10 12 1 1 1 1 1 1 1 1 1 1 1 1 1 1 1 1 1 100 1 1 1 1
staticfield com/sun/prism/PresentableState hasWindowManager Z 1
ciInstanceKlass com/sun/javafx/tk/quantum/SceneState 1 1 140 10 7 12 1 1 1 10 12 1 1 9 7 12 1 1 1 10 7 12 1 1 1 10 12 1 1 10 12 1 1 10 12 1 10 12 1 1 10 12 1 10 12 1 9 12 1 1 10 12 1 1 9 12 1 1 10 12 1 1 9 12 1 1 10 12 1 10 12 1 1 9 12 1 1 10 7 12 1 1 1 9 12 1 1 10 12 1 9 12 1 18 12 1 1 10 7 12 1 1 1 10 12 1 10 12 1 1 11 100 12 1 1 1 1 1 1 1 1 1 1 1 1 15 10 7 12 1 1 1 16 15 10 12 1 100 1 100 1 1
ciInstanceKlass com/sun/prism/paint/Color 1 1 116 9 7 12 1 1 1 10 7 12 1 1 1 6 0 9 7 12 1 1 1 9 12 1 1 9 12 1 9 12 1 9 12 1 10 7 12 1 1 1 10 100 12 1 1 1 18 12 1 1 10 12 1 9 12 1 1 9 12 1 9 12 1 9 12 1 9 12 1 9 12 1 1 1 1 1 1 1 1 1 1 1 1 1 1 1 1 1 1 1 1 1 1 1 1 1 1 1 1 1 1 15 10 100 12 1 1 8 1 1 1 100 1 100 1 1
staticfield com/sun/prism/paint/Color WHITE Lcom/sun/prism/paint/Color; com/sun/prism/paint/Color
staticfield com/sun/prism/paint/Color BLACK Lcom/sun/prism/paint/Color; com/sun/prism/paint/Color
staticfield com/sun/prism/paint/Color RED Lcom/sun/prism/paint/Color; com/sun/prism/paint/Color
staticfield com/sun/prism/paint/Color GREEN Lcom/sun/prism/paint/Color; com/sun/prism/paint/Color
staticfield com/sun/prism/paint/Color BLUE Lcom/sun/prism/paint/Color; com/sun/prism/paint/Color
staticfield com/sun/prism/paint/Color TRANSPARENT Lcom/sun/prism/paint/Color; com/sun/prism/paint/Color
ciInstanceKlass com/sun/prism/paint/Paint$Type 1 1 84 7 1 9 12 1 1 9 12 1 9 12 1 9 12 1 9 12 1 1 10 7 12 1 1 10 7 12 1 1 1 10 12 1 1 9 12 1 1 9 12 1 1 9 12 1 8 8 1 10 12 1 8 8 1 8 8 1 8 8 1 10 12 1 1 1 1 1 1 1 1 1 1 1 1 1 1 1 1 1 100 1 1 1
staticfield com/sun/prism/paint/Paint$Type COLOR Lcom/sun/prism/paint/Paint$Type; com/sun/prism/paint/Paint$Type
staticfield com/sun/prism/paint/Paint$Type LINEAR_GRADIENT Lcom/sun/prism/paint/Paint$Type; com/sun/prism/paint/Paint$Type
staticfield com/sun/prism/paint/Paint$Type RADIAL_GRADIENT Lcom/sun/prism/paint/Paint$Type; com/sun/prism/paint/Paint$Type
staticfield com/sun/prism/paint/Paint$Type IMAGE_PATTERN Lcom/sun/prism/paint/Paint$Type; com/sun/prism/paint/Paint$Type
staticfield com/sun/prism/paint/Paint$Type $VALUES [Lcom/sun/prism/paint/Paint$Type; 4 [Lcom/sun/prism/paint/Paint$Type;
ciInstanceKlass com/sun/javafx/sg/prism/NodePath 1 1 67 10 7 12 1 1 1 7 1 10 9 7 12 1 1 1 11 7 12 1 1 1 11 12 1 1 11 12 1 1 7 1 9 12 1 1 10 10 12 1 100 1 10 11 12 1 11 12 1 1 11 12 1 1 1 1 1 1 1 1 1 1 1 1 1 1 1
ciInstanceKlass com/sun/javafx/geom/DirtyRegionPool 1 1 109 7 1 10 7 12 1 1 1 9 12 1 1 9 12 1 7 1 10 9 12 1 1 9 12 1 9 12 1 7 1 10 12 1 11 7 12 1 1 1 10 12 1 11 12 1 1 11 12 1 1 100 1 11 12 1 1 9 12 1 1 5 0 10 12 1 10 12 1 10 100 12 1 1 1 9 12 1 1 11 12 1 5 0 11 12 1 1 1 3 1 3 1 3 1 1 1 1 1 1 1 1 1 1 1 1 1 1 1
ciInstanceKlass com/sun/javafx/geom/DirtyRegionContainer 1 1 205 10 7 12 1 1 1 10 7 12 1 1 1 10 12 1 1 9 12 1 1 10 12 1 1 10 7 12 1 1 1 9 12 1 1 10 100 12 1 1 1 10 12 1 1 10 12 1 10 12 1 1 10 10 12 10 12 1 1 10 12 1 1 10 12 1 1 10 12 1 10 12 1 10 12 1 1 10 12 1 10 12 1 10 12 1 1 10 100 12 1 1 1 10 12 1 1 10 12 1 100 1 10 10 12 1 1 10 12 1 10 12 1 1 9 12 1 1 10 12 1 1 10 12 1 1 9 12 1 10 12 1 9 12 1 1 10 12 1 1 10 12 1 1 10 12 1 10 12 1 10 12 1 9 12 1 1 100 1 10 100 10 12 1 10 12 1 10 7 12 1 1 1 1 3 1 3 1 1 1 1 1 1 1 1 1 1 1 1 1 1 1 1 1 100 1 1 1 100 1 1 1 1 1 1
staticfield com/sun/javafx/geom/DirtyRegionContainer $assertionsDisabled Z 1
ciInstanceKlass com/sun/javafx/logging/PulseLogger 1 1 162 10 7 12 1 1 1 9 7 12 1 1 1 10 7 12 1 1 10 12 1 10 12 1 10 12 1 10 12 1 1 10 12 1 10 12 1 10 12 1 18 12 1 1 10 7 12 1 1 1 7 1 10 12 1 1 10 7 12 1 1 1 8 1 10 12 1 1 10 7 12 1 1 1 100 1 100 1 100 1 100 1 100 1 8 1 10 12 1 1 10 12 1 1 7 1 8 1 8 1 9 12 1 1 7 1 10 10 12 1 1 11 7 12 1 1 1 11 12 1 1 11 12 1 1 7 9 12 1 1 1 1 1 1 100 1 1 1 1 100 1 1 1 15 10 7 12 1 1 1 16 1 15 10 12 16 1 100 1 100 1 1
staticfield com/sun/javafx/logging/PulseLogger PULSE_LOGGING_ENABLED Z 0
staticfield com/sun/javafx/logging/PulseLogger DEFAULT_LOGGERS [Ljava/lang/String; 2 [Ljava/lang/String;
staticfield com/sun/javafx/logging/PulseLogger loggers [Lcom/sun/javafx/logging/Logger; 0 [Lcom/sun/javafx/logging/Logger;
instanceKlass com/sun/prism/impl/DisposerManagedResource
ciInstanceKlass com/sun/prism/impl/ManagedResource 1 1 120 7 1 9 12 1 1 10 12 1 1 9 12 1 1 10 12 1 1 10 7 12 1 1 9 12 1 1 10 12 1 10 12 1 1 11 7 12 1 1 1 10 12 1 9 12 1 1 100 1 8 1 10 12 1 9 12 1 9 12 1 9 12 1 11 12 1 11 12 1 8 1 9 12 1 100 1 1 1 3 1 1 1 1 1 1 1 1 1 1 1 1 1 1 1 1 1 1 1 1 1 1 1 1 1 1 1 1 1 1 1 1 1 1 1 1 1 1 1 1
ciInstanceKlass com/sun/prism/Texture$WrapMode 1 1 86 7 1 9 12 1 1 9 12 1 9 12 1 9 12 1 9 12 1 9 12 1 9 12 1 9 12 1 1 10 7 12 1 1 10 7 12 1 1 1 10 12 1 1 9 12 1 9 12 1 8 10 8 8 8 8 10 12 1 8 8 10 12 1 1 1 1 1 1 1 1 1 1 1 1 1 1 1 1 1 1 1 100 1 1 1
staticfield com/sun/prism/Texture$WrapMode CLAMP_NOT_NEEDED Lcom/sun/prism/Texture$WrapMode; com/sun/prism/Texture$WrapMode
staticfield com/sun/prism/Texture$WrapMode CLAMP_TO_ZERO Lcom/sun/prism/Texture$WrapMode; com/sun/prism/Texture$WrapMode
staticfield com/sun/prism/Texture$WrapMode CLAMP_TO_EDGE Lcom/sun/prism/Texture$WrapMode; com/sun/prism/Texture$WrapMode
staticfield com/sun/prism/Texture$WrapMode REPEAT Lcom/sun/prism/Texture$WrapMode; com/sun/prism/Texture$WrapMode
staticfield com/sun/prism/Texture$WrapMode CLAMP_TO_ZERO_SIMULATED Lcom/sun/prism/Texture$WrapMode; com/sun/prism/Texture$WrapMode
staticfield com/sun/prism/Texture$WrapMode CLAMP_TO_EDGE_SIMULATED Lcom/sun/prism/Texture$WrapMode; com/sun/prism/Texture$WrapMode
staticfield com/sun/prism/Texture$WrapMode REPEAT_SIMULATED Lcom/sun/prism/Texture$WrapMode; com/sun/prism/Texture$WrapMode
staticfield com/sun/prism/Texture$WrapMode $VALUES [Lcom/sun/prism/Texture$WrapMode; 7 [Lcom/sun/prism/Texture$WrapMode;
instanceKlass com/sun/prism/d3d/D3DVramPool
ciInstanceKlass com/sun/prism/impl/BaseResourcePool 1 1 479 10 7 12 1 1 1 11 100 12 1 1 1 11 12 1 10 7 12 1 1 7 1 10 9 12 1 1 9 12 1 1 9 12 1 1 9 12 1 10 100 12 1 1 1 9 12 1 10 7 12 1 1 1 9 12 1 1 10 12 1 10 5 0 9 7 12 1 1 1 9 100 12 1 1 1 8 1 10 100 12 1 1 1 10 100 12 1 1 1 10 12 1 1 10 100 12 1 1 10 7 12 1 1 18 12 1 1 10 12 1 1 18 12 1 1 10 12 1 1 8 1 10 12 9 12 1 1 9 12 1 1 18 12 1 10 10 12 5 0 10 12 1 1 9 12 1 8 1 10 12 1 10 12 1 5 0 10 12 1 100 1 8 1 10 12 1 8 1 18 18 9 12 1 10 12 1 1 10 7 12 1 1 1 8 1 10 12 1 1 9 12 1 10 12 1 10 12 1 1 10 12 1 11 7 12 1 8 1 10 12 1 9 12 1 1 8 1 8 1 10 12 1 1 10 100 12 1 1 8 1 8 1 10 12 1 8 1 10 12 1 10 12 1 10 12 1 10 12 1 1 9 12 1 8 1 8 1 10 12 1 1 6 0 8 1 10 100 12 1 1 10 12 1 10 12 1 9 12 1 1 10 100 12 1 1 1 11 100 12 1 1 11 12 1 100 1 10 12 1 1 10 12 1 18 12 1 8 1 8 1 10 12 1 1 8 1 8 1 8 1 8 1 8 1 8 1 9 12 1 11 100 1 18 12 1 10 12 18 10 12 1 10 12 1 10 12 1 1 10 12 1 18 100 1 8 1 10 18 8 1 18 8 1 18 8 1 18 8 1 18 8 1 18 8 1 1 1 1 3 1 3 1 3 1 1 1 1 1 1 1 1 1 1 1 1 1 1 1 1 1 1 1 1 1 1 1 1 1 1 1 1 1 1 1 1 1 1 1 15 10 100 12 1 1 8 1 15 10 7 12 1 1 1 16 15 10 12 8 1 8 1 15 10 12 8 1 8 1 8 1 8 1 15 10 12 15 10 12 15 10 12 15 10 12 15 10 12 15 10 12 1 1 1 100 1 100 1 1
staticfield com/sun/prism/impl/BaseResourcePool stageTesters [Lcom/sun/prism/impl/BaseResourcePool$Predicate; 6 [Lcom/sun/prism/impl/BaseResourcePool$Predicate;
staticfield com/sun/prism/impl/BaseResourcePool stageReasons [Ljava/lang/String; 6 [Ljava/lang/String;
ciInstanceKlass com/sun/prism/d3d/D3DVramPool 1 1 61 9 7 12 1 1 1 9 12 1 10 7 12 1 1 1 10 7 12 1 1 1 10 7 12 1 1 1 5 0 8 1 10 7 12 1 1 1 10 12 1 9 12 1 1 100 1 1 1 1 1 1 1 1 1 1 1 1 1 1 1
staticfield com/sun/prism/d3d/D3DVramPool instance Lcom/sun/prism/d3d/D3DVramPool; com/sun/prism/d3d/D3DVramPool
ciInstanceKlass com/sun/prism/impl/BaseResourcePool$WeakLinkedList 1 1 55 10 7 12 1 1 1 9 7 12 1 1 1 9 12 1 1 7 1 10 12 1 9 12 1 1 10 12 1 10 12 1 1 7 1 1 1 1 1 1 1 1 1 1 1 1 1 1 1 1 1 100 1 1 1
ciInstanceKlass com/sun/prism/d3d/D3DRenderTarget 1 0 9 100 1 100 1 1 1 1 1
ciInstanceKlass com/sun/prism/ReadbackRenderTarget 1 0 11 100 1 100 1 100 1 1 1 1 1
ciInstanceKlass com/sun/prism/d3d/D3DContextSource 1 0 9 100 1 100 1 1 1 1 1
instanceKlass com/sun/prism/d3d/D3DTexture
ciInstanceKlass com/sun/prism/impl/BaseTexture 1 1 307 10 7 12 1 1 1 9 7 12 1 1 1 9 12 1 1 9 12 1 1 9 12 1 1 9 12 1 1 9 12 1 9 12 1 9 12 1 9 12 1 9 12 1 9 12 1 9 12 1 9 12 1 10 12 1 100 1 8 1 10 12 1 8 1 10 12 1 10 12 1 9 100 12 1 1 1 10 100 12 1 1 1 9 12 1 9 12 1 10 12 1 1 11 100 1 9 12 1 10 7 12 1 1 10 12 1 1 10 12 1 10 10 12 1 10 12 1 10 12 1 10 12 1 10 12 1 10 12 1 10 12 1 1 10 7 12 1 1 10 12 1 10 12 1 10 12 1 10 12 1 1 10 7 12 1 1 10 12 1 1 10 12 1 10 12 1 10 12 1 10 12 1 10 12 1 9 7 12 1 1 8 1 8 1 10 100 12 1 1 1 18 12 1 1 18 12 1 18 18 100 1 3 18 10 12 1 18 18 18 12 1 10 12 1 1 10 7 12 1 1 10 12 1 18 10 12 1 1 18 12 1 1 1 1 1 1 1 1 1 1 1 1 1 1 1 1 1 1 1 1 1 1 1 1 1 1 1 1 1 1 1 1 1 1 1 1 1 1 1 1 1 1 15 10 100 12 1 1 8 1 8 1 8 1 8 1 8 1 8 1 8 1 8 1 8 1 8 1 1 1 1 100 1 100 1 1
instanceKlass com/sun/prism/d3d/D3DRTTexture
ciInstanceKlass com/sun/prism/d3d/D3DTexture 1 1 252 10 7 12 1 1 1 7 1 7 1 10 12 1 10 12 1 10 7 12 1 1 10 12 1 10 12 1 9 12 1 1 10 12 1 1 10 12 1 10 12 1 10 7 12 1 1 1 10 12 1 1 11 100 12 1 1 1 9 7 12 1 1 1 100 1 10 100 12 1 1 1 18 12 1 1 10 12 1 11 12 1 1 11 12 1 1 10 10 7 12 1 1 10 12 1 1 9 7 12 1 1 1 10 12 1 10 7 12 1 1 1 11 12 1 1 11 12 1 11 12 1 1 10 12 1 1 10 12 1 10 12 1 1 10 12 1 1 11 12 1 10 12 1 1 10 12 1 10 12 1 10 12 1 10 12 1 10 12 1 10 12 1 10 12 1 9 7 12 1 1 1 10 12 1 1 10 7 1 100 1 10 12 1 1 10 12 1 1 9 12 1 100 1 10 10 12 1 10 12 1 1 10 12 1 1 10 10 12 1 100 1 1 1 1 1 1 1 1 1 1 100 1 100 100 1 100 1 1 1 1 1 1 1 15 10 100 12 1 1 8 1 1 100 1 1 1 100 1 100 1 1
ciInstanceKlass com/sun/prism/d3d/D3DRTTexture 1 1 200 9 7 12 1 1 1 10 7 12 1 1 1 9 7 12 1 1 1 10 12 1 9 12 1 1 7 1 10 12 1 1 7 1 10 12 1 10 12 1 1 10 7 12 1 1 1 10 12 1 1 10 12 1 10 12 1 10 12 1 100 1 8 1 10 12 1 10 12 1 1 10 7 12 1 1 1 10 12 1 1 10 12 1 7 1 10 12 1 10 12 1 1 10 12 1 10 12 1 10 7 12 1 1 1 7 1 10 10 12 1 10 10 12 1 1 10 100 12 1 1 1 18 12 1 1 10 12 1 1 10 12 1 1 100 1 8 1 10 10 12 1 10 12 1 100 1 100 1 100 1 1 1 1 1 1 1 1 1 1 1 1 1 100 1 100 1 1 1 1 1 1 1 1 1 1 1 1 1 1 1 15 10 100 12 1 1 8 1 1 100 1 100 1 1 100 1 100 1 1
instanceKlass com/sun/prism/d3d/D3DTextureResource
ciInstanceKlass com/sun/prism/impl/DisposerManagedResource 1 1 36 10 7 12 1 1 1 7 1 10 12 1 9 7 12 1 1 1 10 7 12 1 1 1 1 1 1 1 1 1 1 1 1 100 1 1
ciInstanceKlass com/sun/prism/d3d/D3DTextureResource 1 1 46 9 7 12 1 1 1 10 7 12 1 1 1 9 7 12 1 1 1 7 1 10 12 1 1 10 12 1 1 1 1 1 1 1 1 1 1 1 1 1 1 100 1 100 1 1
ciInstanceKlass com/sun/prism/impl/Disposer$Record 1 0 14 100 1 100 1 1 1 1 1 1 100 1 1 1
instanceKlass com/sun/prism/d3d/D3DTextureData
ciInstanceKlass com/sun/prism/d3d/D3DResource$D3DRecord 1 1 70 10 7 12 1 1 1 9 7 12 1 1 1 9 12 1 1 10 7 12 1 1 1 10 7 12 1 1 1 10 12 1 1 9 12 1 1 10 12 1 10 12 1 1 10 12 1 1 100 1 1 1 1 1 1 1 1 1 1 1 1 1 1 100 1 1 1 100 1 1
ciInstanceKlass com/sun/prism/d3d/D3DTextureData 1 1 78 10 7 12 1 1 1 5 0 10 7 12 1 1 1 10 7 12 1 1 1 10 12 1 1 9 12 1 1 9 12 1 1 9 12 1 1 10 7 12 1 1 1 10 12 1 10 12 1 1 10 12 1 1 10 12 1 10 12 1 1 10 12 1 1 1 1 1 100 1 1 1 1 1 1 100 1 1
ciInstanceKlass com/sun/prism/impl/Disposer 1 1 229 10 7 12 1 1 1 7 1 10 9 7 12 1 1 1 7 1 10 9 12 1 1 7 1 10 9 12 1 1 9 12 1 1 10 12 1 1 10 12 1 1 10 7 12 1 1 1 10 12 1 1 8 1 10 7 12 1 1 1 18 12 1 1 10 100 12 1 1 1 10 12 1 10 12 1 7 1 11 12 1 1 9 12 1 1 7 1 10 12 1 100 1 10 100 1 10 10 12 1 1 10 12 1 10 12 1 1 7 1 10 12 1 10 12 1 1 7 1 11 12 1 100 1 9 100 12 1 1 1 10 12 1 1 18 12 1 1 10 100 12 1 1 1 10 12 1 10 12 1 1 10 12 10 12 1 9 7 12 1 1 8 1 10 12 1 9 12 1 1 9 12 1 8 1 8 1 8 1 8 1 10 1 1 3 1 3 1 3 1 1 1 1 1 1 1 1 1 1 1 1 1 15 10 100 12 1 1 1 16 15 10 12 15 10 100 12 1 1 8 1 1 1 1 100 1 100 1 1
ciInstanceKlass com/sun/prism/d3d/D3DGraphics 1 1 115 10 7 12 1 1 1 9 7 12 1 1 1 10 12 1 1 6 0 10 7 12 1 1 1 7 1 11 12 1 1 9 7 12 1 1 1 10 7 12 1 1 1 9 100 12 1 1 1 8 1 10 100 12 1 1 1 10 12 1 10 12 1 1 10 12 1 1 10 7 12 1 1 11 7 12 1 1 1 10 12 1 10 12 1 1 10 12 1 10 12 1 1 10 12 1 1 10 12 1 1 100 1 1 1 1 1 1 1 1 1 1 1 1 1
ciInstanceKlass com/sun/prism/CompositeMode 1 1 58 7 1 9 12 1 1 9 12 1 9 12 1 9 12 1 9 12 1 9 12 1 1 10 7 12 1 1 10 7 12 1 1 1 10 12 1 1 8 10 8 8 8 8 10 12 1 1 1 1 1 1 1 1 1 1 1 1
staticfield com/sun/prism/CompositeMode CLEAR Lcom/sun/prism/CompositeMode; com/sun/prism/CompositeMode
staticfield com/sun/prism/CompositeMode SRC Lcom/sun/prism/CompositeMode; com/sun/prism/CompositeMode
staticfield com/sun/prism/CompositeMode SRC_OVER Lcom/sun/prism/CompositeMode; com/sun/prism/CompositeMode
staticfield com/sun/prism/CompositeMode DST_OUT Lcom/sun/prism/CompositeMode; com/sun/prism/CompositeMode
staticfield com/sun/prism/CompositeMode ADD Lcom/sun/prism/CompositeMode; com/sun/prism/CompositeMode
staticfield com/sun/prism/CompositeMode $VALUES [Lcom/sun/prism/CompositeMode; 5 [Lcom/sun/prism/CompositeMode;
instanceKlass com/sun/prism/d3d/D3DResource
ciInstanceKlass com/sun/prism/impl/BaseGraphicsResource 1 1 36 10 7 12 1 1 1 9 7 12 1 1 1 9 12 1 1 10 7 12 1 1 1 100 1 1 1 1 1 1 1 1 1 100 1 1
instanceKlass com/sun/prism/d3d/D3DShader
instanceKlass com/sun/prism/d3d/D3DSwapChain
ciInstanceKlass com/sun/prism/d3d/D3DResource 1 1 32 10 7 12 1 1 1 9 7 12 1 1 1 10 100 12 1 1 1 1 1 1 1 1 1 1 100 1 100 1 1 1
ciInstanceKlass com/sun/prism/d3d/D3DSwapChain 1 1 188 7 1 10 12 1 1 10 7 12 1 1 9 7 12 1 1 1 9 12 1 1 9 12 1 10 7 12 1 1 1 10 10 12 1 1 10 7 12 1 1 10 7 12 1 1 1 10 12 1 1 10 12 1 10 10 10 12 1 1 10 12 1 1 9 7 12 1 1 1 10 12 1 1 10 12 1 1 10 12 1 10 12 1 10 12 1 1 9 12 1 1 10 12 1 10 12 1 1 10 12 1 1 10 7 12 1 1 1 10 12 1 10 12 1 10 12 1 10 10 7 12 1 1 10 12 1 10 12 1 1 10 12 1 10 12 1 10 12 1 11 7 12 1 1 1 10 12 1 1 10 12 1 10 12 1 1 10 100 1 100 1 100 1 1 1 1 1 1 1 100 1 1 1 1 1 1 1 1 1 1 1 1 1 1 1 1 1
ciInstanceKlass com/sun/prism/d3d/D3DTexture$1 1 1 49 10 7 12 1 1 1 9 7 12 1 1 1 9 12 1 1 10 12 1 1 100 1 9 12 1 9 12 1 9 12 1 100 1 1 1 1 1 1 1 1 1 100 1 1 1 100 1 1
staticfield com/sun/prism/d3d/D3DTexture$1 $SwitchMap$com$sun$prism$Texture$WrapMode [I 7
ciInstanceKlass com/sun/prism/MultiTexture 0 0 264 10 100 12 1 1 1 9 100 12 1 1 1 9 12 1 1 9 12 1 9 12 1 1 9 12 1 1 100 1 10 12 1 9 12 1 1 10 12 1 10 12 1 1 10 12 1 1 11 100 12 1 1 1 10 12 1 1 9 12 1 10 12 1 10 12 1 9 100 12 1 1 1 10 100 12 1 1 9 12 1 9 12 1 10 12 1 11 10 12 1 11 12 1 1 10 12 1 1 100 1 8 1 10 12 1 10 12 1 1 10 12 1 1 11 12 1 1 10 12 1 1 10 12 1 1 100 1 10 12 1 10 12 100 1 8 1 10 8 1 11 100 12 1 1 1 9 100 12 1 1 11 12 1 11 12 1 11 12 1 11 12 1 1 9 12 1 11 12 1 1 11 12 1 1 8 1 10 12 1 1 11 100 12 1 1 1 11 12 1 1 11 12 1 11 12 1 11 12 1 10 100 12 1 1 1 11 11 12 1 11 12 1 11 12 1 11 12 1 11 12 1 10 12 1 10 12 1 10 12 1 8 1 1 1 1 1 1 1 1 1 1 1 1 1 1 1 1 1 1 1 1 1 1 1 1 1 1 1 1 1 1 1 1
ciInstanceKlass com/sun/prism/impl/ps/CachingShapeRepState$CSRDisposerRecord 1 1 43 10 7 12 1 1 1 9 7 12 1 1 1 9 7 12 1 1 1 10 7 12 1 1 1 100 1 1 1 1 1 1 1 1 1 1 100 1 1 1 100 1 1
ciMethodData java/util/Objects requireNonNull (Ljava/lang/Object;)Ljava/lang/Object; 2 130533 orig 80 0 0 0 0 0 0 0 0 0 0 0 0 24 2 0 0 0 0 0 0 0 0 0 0 0 0 0 0 0 0 0 0 0 0 0 0 0 0 0 0 0 0 0 0 0 0 0 0 0 0 0 0 0 0 0 0 0 0 0 0 0 0 0 0 0 0 0 0 0 0 0 0 0 0 0 0 0 0 0 0 data 15 0x10007 0x1fde5 0x30 0x0 0x80002 0x0 0x0 0x0 0x0 0x0 0x0 0x0 0x9 0x1 0x0 oops 0 methods 0
ciMethodData java/lang/String coder ()B 2 651355 orig 80 0 0 0 0 0 0 0 0 0 0 0 0 0 0 0 0 0 0 0 0 0 0 0 0 0 0 0 0 0 0 0 0 0 0 0 0 0 0 0 0 0 0 0 0 0 0 0 0 0 0 0 0 0 0 0 0 0 0 0 0 0 0 0 0 0 0 0 0 0 0 0 0 0 0 0 0 0 0 0 0 data 14 0x30007 0x0 0x38 0x9f05c 0xa0003 0x9f05c 0x18 0x0 0x0 0x0 0x0 0x9 0x1 0x0 oops 0 methods 0
ciMethodData java/lang/String length ()I 2 505450 orig 80 0 0 0 0 0 0 0 0 0 0 0 0 24 2 0 0 0 0 0 0 0 0 0 0 0 0 0 0 0 0 0 0 0 0 0 0 0 0 0 0 0 0 0 0 0 0 0 0 0 0 0 0 0 0 0 0 0 0 0 0 0 0 0 0 0 0 0 0 0 0 0 0 0 0 0 0 0 0 0 0 data 16 0x60005 0x7b66a 0x0 0x0 0x0 0x0 0x0 0x0 0x0 0x0 0x0 0x0 0x0 0x9 0x1 0x0 oops 0 methods 0
ciMethodData jdk/internal/util/ArraysSupport mismatch ([BI[BII)I 2 13334 orig 80 1 0 0 0 0 0 0 0 0 0 0 0 24 2 0 0 0 0 0 0 0 0 0 0 0 0 0 0 0 0 0 0 0 0 0 0 0 0 0 2 0 0 0 0 0 0 0 0 0 0 0 0 0 0 0 0 0 0 0 0 0 0 0 0 0 0 0 0 0 0 0 0 0 0 0 0 0 0 0 0 data 38 0x70007 0x1eb0 0x70 0x1566 0x100007 0xcc4 0x20 0x8a2 0x300002 0xcc4 0x8000000600370007 0x54e 0x20 0x778 0x4a0007 0x72b 0x58 0x2799 0x590007 0xac6 0x20 0x1cd3 0x620003 0xac6 0xffffffffffffffc0 0x0 0x0 0x0 0x0 0x0 0x0 0x9 0x5 0x0 0x0 0x0 0x0 0x0 oops 0 methods 0
ciMethodData java/lang/String startsWith (Ljava/lang/String;I)Z 2 32040 orig 80 2 0 0 0 1 0 0 0 0 0 0 0 24 2 0 0 0 0 0 0 0 0 0 0 0 0 0 0 0 0 0 0 0 0 0 0 0 0 0 2 0 0 0 0 0 0 0 0 0 0 0 0 0 0 0 0 0 0 0 0 0 0 0 0 0 0 0 0 0 0 0 0 0 0 0 0 0 0 0 0 data 78 0x10007 0x1745 0xb0 0x65e3 0x60005 0x65e3 0x0 0x0 0x0 0x0 0x0 0xa0005 0x65e3 0x0 0x0 0x0 0x0 0x0 0xe0007 0x653e 0x20 0xa5 0x270005 0x653e 0x0 0x0 0x0 0x0 0x0 0x2f0005 0x653e 0x0 0x0 0x0 0x0 0x0 0x320007 0x6 0x88 0x6538 0x8000000600380007 0x5e03 0x20 0x737 0x460002 0x653a 0x490007 0x53a8 0x38 0x1193 0x4d0003 0x1193 0x18 0x540007 0x6 0x20 0x0 0x5d0007 0x0 0x50 0x6 0x650002 0x0 0x740007 0x0 0xffffffffffffffd0 0x6 0x0 0x0 0x0 0x0 0x0 0x0 0x9 0x3 0x0 0x0 0x0 oops 0 methods 0
ciMethodData java/lang/invoke/VarHandleGuards guard_LI_I (Ljava/lang/invoke/VarHandle;Ljava/lang/Object;ILjava/lang/invoke/VarHandle$AccessDescriptor;)I 2 51842 orig 80 0 0 0 0 0 0 0 0 0 0 0 0 0 0 0 0 0 0 0 0 0 0 0 0 0 0 0 0 0 0 0 0 0 0 0 0 0 0 0 0 0 0 0 0 0 0 0 0 0 0 0 0 0 0 0 0 0 0 0 0 0 0 0 0 0 0 0 0 0 0 0 0 0 0 0 0 0 0 0 0 data 93 0x2000b 0x629d 0x0 0x21870b1bfb0 0x581c 0x21870b1c060 0xfca 0x2 0x1 0x21870b18728 0x90007 0x0 0xc0 0xca83 0x1c0007 0x0 0xa0 0xca83 0x2a000b 0xca83 0x0 0x0 0x0 0x0 0x0 0x1 0x2186101a6d8 0x2d000a 0xca83 0x4 0x0 0x2 0x1 0x2 0x36000b 0x0 0x0 0x0 0x0 0x0 0x0 0x1 0x0 0x41000b 0x0 0x0 0x0 0x0 0x0 0x0 0x3 0x1 0x2186101a918 0x0 0x45000b 0x0 0x0 0x0 0x0 0x0 0x0 0x1 0x0 0x4a000b 0x0 0x0 0x0 0x0 0x0 0x0 0x4 0x1 0x0 0x2 0x0 0x0 0x0 0x0 0x0 0x0 0x0 0x9 0x4 0x0 0x0 0x0 0x0 0xc 0x4 0x0 0x2 0x1 0x2 oops 5 3 java/lang/invoke/VarHandleByteArrayAsShorts$ArrayHandle 5 java/lang/invoke/VarHandleByteArrayAsInts$ArrayHandle 9 java/lang/invoke/VarHandle$AccessDescriptor 26 java/lang/invoke/MemberName 52 java/lang/invoke/MethodType methods 0
ciMethodData java/lang/invoke/VarHandle checkAccessModeThenIsDirect (Ljava/lang/invoke/VarHandle$AccessDescriptor;)Z 2 63238 orig 80 0 0 0 0 0 0 0 0 0 0 0 0 0 0 0 0 0 0 0 0 0 0 0 0 0 0 0 0 0 0 0 0 0 0 0 0 0 0 0 0 0 0 0 0 0 0 0 0 0 0 0 0 0 0 0 0 0 0 0 0 0 0 0 0 0 0 0 0 0 0 0 0 0 0 0 0 0 0 0 0 data 32 0x40007 0xf2d1 0xb0 0x436 0xc0005 0x436 0x0 0x0 0x0 0x0 0x0 0x130007 0x436 0x58 0x0 0x180005 0x0 0x0 0x0 0x0 0x0 0x0 0x0 0x0 0x0 0x0 0x0 0x0 0x9 0x2 0x0 0x0 oops 0 methods 0
ciMethodData java/lang/invoke/VarForm getMemberName (I)Ljava/lang/invoke/MemberName; 2 63238 orig 80 0 0 0 0 0 0 0 0 0 0 0 0 0 0 0 0 0 0 0 0 0 0 0 0 0 0 0 0 0 0 0 0 0 0 0 0 0 0 0 0 0 0 0 0 0 0 0 0 0 0 0 0 0 0 0 0 0 0 0 0 0 0 0 0 0 0 0 0 0 0 0 0 0 0 0 0 0 0 0 0 data 27 0x80007 0xf702 0x88 0x5 0xd0005 0x5 0x0 0x0 0x0 0x0 0x0 0x120007 0x5 0x30 0x0 0x190002 0x0 0x0 0x0 0x0 0x0 0x0 0x0 0x9 0x2 0x0 0x0 oops 0 methods 0
ciMethod java/util/concurrent/atomic/AtomicBoolean getAndSet (Z)Z 1432 0 25956 0 0
ciMethod java/lang/invoke/VarHandleInts$FieldInstanceReadWrite getAndSet (Ljava/lang/invoke/VarHandle;Ljava/lang/Object;I)I 512 0 25496 0 -1
ciMethodData java/lang/String startsWith (Ljava/lang/String;)Z 2 20902 orig 80 0 0 0 0 0 0 0 0 0 0 0 0 24 2 0 0 0 0 0 0 0 0 0 0 0 0 0 0 0 0 0 0 0 0 0 0 0 0 0 0 0 0 0 0 0 0 0 0 0 0 0 0 0 0 0 0 0 0 0 0 0 0 0 0 0 0 0 0 0 0 0 0 0 0 0 0 0 0 0 0 data 17 0x30005 0x51a6 0x0 0x0 0x0 0x0 0x0 0x0 0x0 0x0 0x0 0x0 0x0 0x9 0x2 0x0 0x0 oops 0 methods 0
ciMethodData java/util/concurrent/locks/ReentrantLock lock ()V 2 71233 orig 80 1 0 0 0 0 0 0 0 0 0 0 0 24 2 0 0 0 0 0 0 0 0 0 0 0 0 0 0 0 0 0 0 0 0 0 0 0 0 0 0 0 0 0 0 0 0 0 0 0 0 0 0 0 0 0 0 0 0 0 0 0 0 0 0 0 0 0 0 0 0 0 0 0 0 0 0 0 0 0 0 data 16 0x40005 0x11641 0x0 0x0 0x0 0x0 0x0 0x0 0x0 0x0 0x0 0x0 0x0 0x9 0x1 0x0 oops 0 methods 0
ciMethodData java/util/concurrent/locks/ReentrantLock$Sync lock ()V 2 71215 orig 80 1 0 0 0 0 0 0 0 0 0 0 0 24 2 0 0 0 0 0 0 0 0 0 0 0 0 0 0 0 0 0 0 0 0 0 0 0 0 0 2 0 0 0 0 0 0 0 0 0 0 0 0 0 0 0 0 0 0 0 0 0 0 0 0 0 0 0 0 0 0 0 0 0 0 0 0 0 0 0 0 data 27 0x10005 0x0 0x0 0x218674cdea8 0x1162f 0x0 0x0 0x8000000600040007 0x1162b 0x58 0x4 0x90005 0x4 0x0 0x0 0x0 0x0 0x0 0x0 0x0 0x0 0x0 0x0 0x0 0x9 0x1 0x0 oops 1 3 java/util/concurrent/locks/ReentrantLock$NonfairSync methods 0
ciMethodData java/util/concurrent/locks/AbstractQueuedSynchronizer acquire (I)V 2 5836 orig 80 0 0 0 0 0 0 0 0 0 0 0 0 24 2 0 0 0 0 0 0 0 0 0 0 0 0 0 0 0 0 0 0 0 0 0 0 0 0 0 0 0 0 0 0 0 0 0 0 0 0 0 0 0 0 0 0 0 0 0 0 0 0 0 0 0 0 0 0 0 0 0 0 0 0 0 0 0 0 0 0 data 28 0x20005 0x0 0x0 0x2186721d9c8 0x1600 0x218674cdea8 0xcc 0x50007 0x1675 0x58 0x57 0xf0005 0x57 0x0 0x0 0x0 0x0 0x0 0x0 0x0 0x0 0x0 0x0 0x0 0x9 0x2 0xffffffffffffffff 0x0 oops 2 3 java/util/concurrent/ThreadPoolExecutor$Worker 5 java/util/concurrent/locks/ReentrantLock$NonfairSync methods 0
ciMethodData java/util/concurrent/locks/ReentrantLock unlock ()V 2 80745 orig 80 0 0 0 0 0 0 0 0 0 0 0 0 24 2 0 0 0 0 0 0 0 0 0 0 0 0 0 0 0 0 0 0 0 0 0 0 0 0 0 0 0 0 0 0 0 0 0 0 0 0 0 0 0 0 0 0 0 0 0 0 0 0 0 0 0 0 0 0 0 0 0 0 0 0 0 0 0 0 0 0 data 16 0x50005 0x13b69 0x0 0x0 0x0 0x0 0x0 0x0 0x0 0x0 0x0 0x0 0x0 0x9 0x1 0x0 oops 0 methods 0
ciMethodData java/util/concurrent/locks/AbstractQueuedSynchronizer release (I)Z 2 92427 orig 80 0 0 0 0 0 0 0 0 0 0 0 0 24 2 0 0 0 0 0 0 0 0 0 0 0 0 0 0 0 0 0 0 0 0 0 0 0 0 0 0 0 0 0 0 0 0 0 0 0 0 0 0 0 0 0 0 0 0 0 0 0 0 0 0 0 0 0 0 0 0 0 0 0 0 0 0 0 0 0 0 data 23 0x20005 0x1400 0x0 0x218674cdea8 0x15429 0x2186721d9c8 0xe3 0x50007 0xf 0x30 0x16901 0xc0002 0x168fd 0x0 0x0 0x0 0x0 0x0 0x0 0x9 0x2 0xffffffffffffffff 0x0 oops 2 3 java/util/concurrent/locks/ReentrantLock$NonfairSync 5 java/util/concurrent/ThreadPoolExecutor$Worker methods 0
ciMethodData java/util/concurrent/locks/ReentrantLock$Sync tryRelease (I)Z 2 14339 orig 80 1 0 0 0 0 0 0 0 0 0 0 0 24 2 0 0 0 0 0 0 0 0 0 0 0 0 0 0 0 0 0 0 0 0 0 0 0 0 0 1 0 0 0 0 0 0 0 0 0 0 0 0 0 0 0 0 0 0 0 0 0 0 0 0 0 0 0 0 0 0 0 0 0 0 0 0 0 0 0 0 data 57 0x10005 0x3803 0x0 0x0 0x0 0x0 0x0 0x80005 0x3803 0x0 0x0 0x0 0x0 0x0 0xb0002 0x3803 0xe0007 0x3804 0x30 0x0 0x150002 0x0 0x80000006001a0007 0xf 0x38 0x37f6 0x1e0003 0x37f6 0x18 0x240007 0xf 0x58 0x37f6 0x290005 0x37f6 0x0 0x0 0x0 0x0 0x0 0x2e0005 0x3805 0x0 0x0 0x0 0x0 0x0 0x0 0x0 0x0 0x0 0x0 0x0 0x9 0x2 0x0 0x0 oops 0 methods 0
ciMethodData java/util/concurrent/locks/AbstractQueuedSynchronizer signalNext (Ljava/util/concurrent/locks/AbstractQueuedSynchronizer$Node;)V 2 6584 orig 80 0 0 0 0 0 0 0 0 0 0 0 0 24 2 0 0 0 0 0 0 0 0 0 0 0 0 0 0 0 0 0 0 0 0 0 0 0 0 0 3 0 0 0 0 0 0 0 0 0 0 0 0 0 0 0 0 0 0 0 0 0 0 0 0 0 0 0 0 0 0 0 0 0 0 0 0 0 0 0 0 data 30 0x10007 0x1785 0xa8 0x233 0xa0007 0x1c5 0x88 0x6e 0x8000000600110007 0x3 0x68 0x6e 0x160005 0x6e 0x0 0x0 0x0 0x0 0x0 0x1e0002 0x6e 0x0 0x0 0x0 0x0 0x0 0x0 0x9 0x1 0x0 oops 0 methods 0
ciMethod java/util/LinkedList size ()I 256 0 128 0 0
ciMethod java/util/LinkedList remove ()Ljava/lang/Object; 0 0 1 0 -1
ciMethodData java/util/concurrent/locks/AbstractQueuedSynchronizer compareAndSetState (II)Z 2 1031 orig 80 0 0 0 0 0 0 0 0 0 0 0 0 24 2 0 0 0 0 0 0 0 0 0 0 0 0 0 0 0 0 0 0 0 0 0 0 0 0 0 0 0 0 0 0 0 0 0 0 0 0 0 0 0 0 0 0 0 0 0 0 0 0 0 0 0 0 0 0 0 0 0 0 0 0 0 0 0 0 0 0 data 18 0x90005 0x0 0x0 0x0 0x0 0x0 0x0 0x0 0x0 0x0 0x0 0x0 0x0 0x9 0x3 0x0 0x0 0x0 oops 0 methods 0
ciMethodData java/util/concurrent/locks/AbstractQueuedSynchronizer$Node getAndUnsetStatus (I)I 2 5121 orig 80 0 0 0 0 0 0 0 0 0 0 0 0 24 2 0 0 0 0 0 0 0 0 0 0 0 0 0 0 0 0 0 0 0 0 0 0 0 0 0 0 0 0 0 0 0 0 0 0 0 0 0 0 0 0 0 0 0 0 0 0 0 0 0 0 0 0 0 0 0 0 0 0 0 0 0 0 0 0 0 0 data 20 0xa000b 0x1401 0x0 0x0 0x0 0x0 0x0 0x2 0x1 0x2 0x0 0x0 0x0 0x0 0x0 0x0 0x9 0x2 0xffffffffffffffff 0x0 oops 0 methods 0
ciMethodData java/util/concurrent/locks/LockSupport unpark (Ljava/lang/Thread;)V 2 5121 orig 80 0 0 0 0 0 0 0 0 0 0 0 0 24 2 0 0 0 0 0 0 0 0 0 0 0 0 0 0 0 0 0 0 0 0 0 0 0 0 0 0 0 0 0 0 0 0 0 0 0 0 0 0 0 0 0 0 0 0 0 0 0 0 0 0 0 0 0 0 0 0 0 0 0 0 0 0 0 0 0 0 data 36 0x10007 0x0 0xd8 0x1401 0x50005 0x1401 0x0 0x0 0x0 0x0 0x0 0x80007 0x1401 0x48 0x0 0xc0002 0x0 0xf0003 0x0 0x50 0x160005 0x1401 0x0 0x0 0x0 0x0 0x0 0x0 0x0 0x0 0x0 0x0 0x0 0x9 0x1 0xffffffffffffffff oops 0 methods 0
ciMethodData java/lang/Thread isVirtual ()Z 2 14995 orig 80 0 0 0 0 0 0 0 0 0 0 0 0 24 2 0 0 0 0 0 0 0 0 0 0 0 0 0 0 0 0 0 0 0 0 0 0 0 0 0 0 0 0 0 0 0 0 0 0 0 0 0 0 0 0 0 0 0 0 0 0 0 0 0 0 0 0 0 0 0 0 0 0 0 0 0 0 0 0 0 0 data 16 0x10004 0xffffffffffffc56d 0x0 0x21861019338 0x49 0x2186b147890 0x22 0x0 0x0 0x0 0x0 0x0 0x0 0x9 0x1 0x0 oops 2 3 java/lang/Thread 5 com/sun/glass/ui/InvokeLaterDispatcher methods 0
ciMethodData java/util/concurrent/locks/ReentrantLock$NonfairSync initialTryLock ()Z 2 17410 orig 80 1 0 0 0 0 0 0 0 0 0 0 0 24 2 0 0 0 0 0 0 0 0 0 0 0 0 0 0 0 0 0 0 0 0 0 0 0 0 0 1 0 0 0 0 0 0 0 0 0 0 0 0 0 0 0 0 0 0 0 0 0 0 0 0 0 0 0 0 0 0 0 0 0 0 0 0 0 0 0 0 data 60 0x2 0x4401 0x70005 0x4401 0x0 0x0 0x0 0x0 0x0 0x80000006000a0007 0xf 0x58 0x43f5 0xf0005 0x43f5 0x0 0x0 0x0 0x0 0x0 0x150005 0xf 0x0 0x0 0x0 0x0 0x0 0x190007 0x0 0xc0 0xf 0x1d0005 0xf 0x0 0x0 0x0 0x0 0x0 0x240007 0xf 0x30 0x0 0x2d0002 0x0 0x330005 0xf 0x0 0x0 0x0 0x0 0x0 0x0 0x0 0x0 0x0 0x0 0x0 0x9 0x1 0x0 oops 0 methods 0
ciMethodData java/lang/Error <init> (Ljava/lang/String;)V 1 27 orig 80 0 0 0 0 0 0 0 0 0 0 0 0 24 2 0 0 0 0 0 0 0 0 0 0 0 0 0 0 0 0 0 0 0 0 0 0 0 0 0 0 0 0 0 0 0 0 0 0 0 0 0 0 0 0 0 0 0 0 0 0 0 0 0 0 0 0 0 0 0 0 0 0 0 0 0 0 0 0 0 0 data 8 0x20002 0x1b 0x0 0x0 0x9 0x2 0x1c 0x0 oops 0 methods 0
ciMethodData java/util/AbstractCollection isEmpty ()Z 2 14356 orig 80 0 0 0 0 0 0 0 0 0 0 0 0 24 2 0 0 0 0 0 0 0 0 0 0 0 0 0 0 0 0 0 0 0 0 0 0 0 0 0 0 0 0 0 0 0 0 0 0 0 0 0 0 0 0 0 0 0 0 0 0 0 0 0 0 0 0 0 0 0 0 0 0 0 0 0 0 0 0 0 0 data 23 0x10005 0x1eb4 0x0 0x2186734e2a0 0x63 0x2186734e350 0xf6 0x40007 0x193a 0x38 0x1eda 0x80003 0x1eda 0x18 0x0 0x0 0x0 0x0 0x0 0x0 0x9 0x1 0x0 oops 2 3 javafx/css/Rule$Observables$1 5 java/util/Arrays$ArrayList methods 0
ciMethodData java/lang/Throwable printStackTrace (Ljava/io/PrintStream;)V 1 0 orig 80 0 0 0 0 0 0 0 0 0 0 0 0 24 2 0 0 0 0 0 0 0 0 0 0 0 0 0 0 0 0 0 0 0 0 0 0 0 0 0 0 0 0 0 0 0 0 0 0 0 0 0 0 0 0 0 0 0 0 0 0 0 0 0 0 0 0 0 0 0 0 0 0 0 0 0 0 0 0 0 0 data 19 0x60002 0x0 0x90005 0x0 0x0 0x0 0x0 0x0 0x0 0x0 0x0 0x0 0x0 0x0 0x0 0x9 0x2 0xffffffffffffffff 0xffffffffffffffff oops 0 methods 0
ciMethodData java/util/concurrent/atomic/AtomicBoolean getAndSet (Z)Z 2 25240 orig 80 0 0 0 0 0 0 0 0 0 0 0 0 24 2 0 0 0 0 0 0 0 0 0 0 0 0 0 0 0 0 0 0 0 0 0 0 0 0 0 0 0 0 0 0 0 0 0 0 0 0 0 0 0 0 0 0 0 0 0 0 0 0 0 0 0 0 0 0 0 0 0 0 0 0 0 0 0 0 0 0 data 34 0x50007 0x2d57 0x38 0x3541 0x90003 0x3541 0x18 0xd000b 0x6298 0x0 0x0 0x0 0x0 0x0 0x2 0x1 0x21867350490 0x100007 0x2e25 0x38 0x3473 0x140003 0x3473 0x18 0x0 0x0 0x0 0x0 0x0 0x0 0x9 0x2 0x0 0x0 oops 1 16 java/util/concurrent/atomic/AtomicBoolean methods 0
ciMethodData java/lang/invoke/VarHandleInts$FieldInstanceReadWrite getAndSet (Ljava/lang/invoke/VarHandle;Ljava/lang/Object;I)I 2 25240 orig 80 0 0 0 0 0 0 0 0 0 0 0 0 0 0 0 0 0 0 0 0 0 0 0 0 0 0 0 0 0 0 0 0 0 0 0 0 0 0 0 0 0 0 0 0 0 0 0 0 0 0 0 0 0 0 0 0 0 0 0 0 0 0 0 0 0 0 0 0 0 0 0 0 0 0 0 0 0 0 0 0 data 37 0x10004 0x0 0x0 0x0 0x0 0x0 0x0 0xd0005 0x6298 0x0 0x0 0x0 0x0 0x0 0x100002 0x6298 0x18000b 0x0 0x0 0x0 0x0 0x0 0x0 0x2 0x1 0x0 0x0 0x0 0x0 0x0 0x0 0x0 0x9 0x3 0x0 0x0 0x0 oops 0 methods 0
ciMethodData jdk/internal/misc/Unsafe getAndBitwiseAndInt (Ljava/lang/Object;JI)I 2 4862 orig 80 0 0 0 0 0 0 0 0 0 0 0 0 24 2 0 0 0 0 0 0 0 0 0 0 0 0 0 0 0 0 0 0 0 0 0 0 0 0 0 0 0 0 0 0 0 0 0 0 0 0 0 0 0 0 0 0 0 0 0 0 0 0 0 0 0 0 0 0 0 0 0 0 0 0 0 0 0 0 0 0 data 34 0x3000b 0x0 0x0 0x0 0x0 0x0 0x0 0x2 0x1 0x0 0x120005 0x12fe 0x0 0x0 0x0 0x0 0x0 0x150007 0x0 0xffffffffffffff78 0x12fe 0x0 0x0 0x0 0x0 0x0 0x0 0x9 0x5 0xffffffffffffffff 0xffffffffffffffff 0x0 0x0 0x0 oops 0 methods 0
ciMethod com/sun/prism/GraphicsPipeline getDefaultResourceFactory ()Lcom/sun/prism/ResourceFactory; 6 0 6 0 -1
ciMethod com/sun/prism/d3d/D3DPipeline getInstance ()Lcom/sun/prism/d3d/D3DPipeline; 2 0 1 0 -1
ciMethod com/sun/prism/d3d/D3DPipeline reinitialize ()V 0 0 1 0 -1
ciMethod com/sun/prism/GraphicsResource dispose ()V 0 0 1 0 -1
ciMethod com/sun/prism/ResourceFactory isDeviceReady ()Z 0 0 1 0 -1
ciMethod com/sun/prism/ResourceFactory getTextureResourcePool ()Lcom/sun/prism/impl/TextureResourcePool; 0 0 1 0 -1
ciMethod com/sun/prism/ResourceFactory createRTTexture (IILcom/sun/prism/Texture$WrapMode;Z)Lcom/sun/prism/RTTexture; 0 0 1 0 -1
ciMethod com/sun/prism/ResourceFactory createPresentable (Lcom/sun/prism/PresentableState;)Lcom/sun/prism/Presentable; 0 0 1 0 -1
ciMethod com/sun/prism/d3d/D3DResourceFactory getTextureResourcePool ()Lcom/sun/prism/impl/TextureResourcePool; 512 0 11736 0 0
ciMethod com/sun/prism/d3d/D3DResourceFactory displayPrismStatistics ()V 768 0 6528 0 80
ciMethod com/sun/prism/d3d/D3DResourceFactory isDeviceReady ()Z 768 0 6564 0 0
ciMethod com/sun/prism/d3d/D3DResourceFactory notifyReset ()V 0 0 1 0 -1
ciMethod com/sun/prism/d3d/D3DResourceFactory nTestCooperativeLevel (J)I 256 0 128 0 -1
ciMethod com/sun/prism/d3d/D3DResourceFactory nResetDevice (J)I 0 0 1 0 -1
ciMethod com/sun/prism/d3d/D3DResourceFactory nGetTextureWidth (J)I 256 0 128 0 -1
ciMethod com/sun/prism/d3d/D3DResourceFactory nGetTextureHeight (J)I 256 0 128 0 -1
ciMethod com/sun/prism/impl/BaseResourceFactory isDisposed ()Z 260 0 130 0 0
ciMethod com/sun/javafx/tk/quantum/GlassScene getDepthBuffer ()Z 256 0 128 0 -1
ciMethod com/sun/javafx/tk/quantum/GlassScene entireSceneNeedsRepaint ()V 54 0 60 0 -1
ciMethod com/sun/javafx/tk/quantum/GlassScene isEntireSceneDirty ()Z 256 0 128 0 -1
ciMethod com/sun/javafx/tk/quantum/GlassScene setPainting (Z)Z 512 0 17179 0 0
ciMethod com/sun/javafx/tk/quantum/GlassScene getDoPresent ()Z 256 0 128 0 0
ciMethod com/sun/glass/ui/View checkNotClosed ()V 2444 0 23810 0 0
ciMethod com/sun/glass/ui/View _begin (J)V 0 0 1 0 -1
ciMethod com/sun/glass/ui/View lock ()V 768 0 6564 0 0
ciMethod com/sun/glass/ui/View _end (J)V 0 0 1 0 -1
ciMethod com/sun/glass/ui/View unlock ()V 518 0 6564 0 0
ciMethod com/sun/glass/ui/View _getNativeFrameBuffer (J)I 0 0 1 0 -1
ciMethod com/sun/glass/ui/View getNativeFrameBuffer ()I 768 0 6540 0 0
ciMethod com/sun/glass/ui/win/WinView _getNativeFrameBuffer (J)I 256 0 6283 0 0
ciMethod com/sun/glass/ui/win/WinView _begin (J)V 256 0 128 0 -1
ciMethod com/sun/glass/ui/win/WinView _end (J)V 256 0 128 0 -1
ciMethod com/sun/prism/impl/ResourcePool freeDisposalRequestedAndCheckResources (Z)V 0 0 1 0 -1
ciMethod com/sun/prism/Texture getPixelFormat ()Lcom/sun/prism/PixelFormat; 0 0 1 0 -1
ciMethod com/sun/prism/Texture getPhysicalWidth ()I 0 0 1 0 -1
ciMethod com/sun/prism/Texture getPhysicalHeight ()I 0 0 1 0 -1
ciMethod com/sun/prism/Texture getContentX ()I 0 0 1 0 -1
ciMethod com/sun/prism/Texture getContentY ()I 0 0 1 0 -1
ciMethod com/sun/prism/Texture getContentWidth ()I 0 0 1 0 -1
ciMethod com/sun/prism/Texture update (Ljava/nio/Buffer;Lcom/sun/prism/PixelFormat;IIIIIIIZ)V 0 0 1 0 -1
ciMethod com/sun/prism/Texture lock ()V 0 0 1 0 -1
ciMethod com/sun/prism/Texture unlock ()V 0 0 1 0 -1
ciMethod com/sun/prism/Texture contentsUseful ()V 0 0 1 0 -1
ciMethod com/sun/prism/Texture isSurfaceLost ()Z 0 0 1 0 -1
ciMethod com/sun/prism/Surface getContentX ()I 0 0 1 0 -1
ciMethod com/sun/prism/Surface getContentY ()I 0 0 1 0 -1
ciMethod com/sun/prism/Surface getContentWidth ()I 0 0 1 0 -1
ciMethod com/sun/prism/Surface getContentHeight ()I 0 0 1 0 -1
ciMethod com/sun/prism/RenderTarget createGraphics ()Lcom/sun/prism/Graphics; 0 0 1 0 -1
ciMethod com/sun/prism/Presentable lockResources (Lcom/sun/prism/PresentableState;)Z 0 0 1 0 -1
ciMethod com/sun/prism/Presentable prepare (Lcom/sun/javafx/geom/Rectangle;)Z 0 0 1 0 -1
ciMethod com/sun/prism/Presentable present ()Z 0 0 1 0 -1
ciMethod com/sun/prism/d3d/D3DContext FAILED (I)Z 512 0 12934 0 0
ciMethod com/sun/prism/d3d/D3DContext initState ()V 2 0 1 0 -1
ciMethod com/sun/prism/d3d/D3DContext getContextHandle ()J 256 0 128 0 0
ciMethod com/sun/prism/d3d/D3DContext isLost ()Z 0 0 1 0 -1
ciMethod com/sun/prism/d3d/D3DContext validate (I)V 810 0 21000 0 80
ciMethod com/sun/prism/d3d/D3DContext setLost ()V 0 0 1 0 -1
ciMethod com/sun/prism/d3d/D3DContext testLostStateAndReset ()Z 768 0 6528 0 256
ciMethod com/sun/prism/d3d/D3DContext validatePresent (I)Z 512 0 6406 0 160
ciMethod com/sun/prism/d3d/D3DContext getFrameStats (ZLcom/sun/prism/d3d/D3DFrameStats;)Lcom/sun/prism/d3d/D3DFrameStats; 0 0 1 0 -1
ciMethod com/sun/prism/d3d/D3DContext nDrawIndexedQuads (J[F[BI)I 256 0 128 0 -1
ciMethod com/sun/prism/d3d/D3DContext hResultToString (J)Ljava/lang/String; 0 0 1 0 -1
ciMethod com/sun/prism/d3d/D3DContext renderQuads ([F[BI)V 5668 0 3222 0 120
ciMethod com/sun/prism/impl/ps/BaseShaderContext isSuperShaderEnabled ()Z 4098 0 7176 0 264
ciMethod com/sun/prism/impl/ps/BaseShaderContext validateTextureOp (Lcom/sun/prism/impl/BaseGraphics;Lcom/sun/javafx/geom/transform/BaseTransform;Lcom/sun/prism/Texture;Lcom/sun/prism/PixelFormat;)V 4100 0 7186 0 3728
ciMethod com/sun/prism/impl/ps/BaseShaderContext validateTextureOp (Lcom/sun/prism/impl/ps/BaseShaderGraphics;Lcom/sun/javafx/geom/transform/BaseTransform;Lcom/sun/prism/Texture;Lcom/sun/prism/Texture;Lcom/sun/prism/PixelFormat;)Lcom/sun/prism/ps/Shader; 4102 0 7186 0 -1
ciMethod com/sun/prism/impl/ps/BaseShaderContext disposeLCDBuffer ()V 8 0 42 0 -1
ciMethod com/sun/prism/impl/BaseContext getVertexBuffer ()Lcom/sun/prism/impl/VertexBuffer; 256 0 128 0 0
ciMethod com/sun/prism/impl/BaseContext flushVertexBuffer ()V 560 0 46510 0 712
ciMethod com/sun/prism/impl/BaseContext flushMask ()V 4108 0 3438 0 0
ciMethod com/sun/prism/impl/BaseContext drawQuads ([F[BI)V 128 0 3060 0 0
ciMethod com/sun/prism/impl/BaseContext renderQuads ([F[BI)V 0 0 1 0 -1
ciMethod com/sun/prism/impl/BaseContext validatePaintOp (Lcom/sun/prism/impl/BaseGraphics;Lcom/sun/javafx/geom/transform/BaseTransform;Lcom/sun/prism/Texture;FFFF)V 0 0 1 0 -1
ciMethod com/sun/prism/impl/BaseContext validateTextureOp (Lcom/sun/prism/impl/BaseGraphics;Lcom/sun/javafx/geom/transform/BaseTransform;Lcom/sun/prism/Texture;Lcom/sun/prism/PixelFormat;)V 0 0 1 0 -1
ciMethod com/sun/prism/impl/BaseContext isSuperShaderEnabled ()Z 0 0 1 0 -1
ciMethod com/sun/prism/impl/BaseContext isDisposed ()Z 256 0 128 0 0
ciMethod com/sun/prism/impl/BaseContext checkDisposed ()Z 544 0 131974 0 88
ciMethod com/sun/prism/Graphics scale (FF)V 0 0 1 0 -1
ciMethod com/sun/prism/Graphics setHasPreCullingBits (Z)V 0 0 1 0 -1
ciMethod com/sun/prism/Graphics setClipRect (Lcom/sun/javafx/geom/Rectangle;)V 0 0 1 0 -1
ciMethod com/sun/prism/Graphics setClipRectIndex (I)V 0 0 1 0 -1
ciMethod com/sun/prism/Graphics getClipRectIndex ()I 0 0 1 0 -1
ciMethod com/sun/prism/Graphics clear ()V 0 0 1 0 -1
ciMethod com/sun/prism/Graphics drawTexture (Lcom/sun/prism/Texture;FFFFFFFF)V 0 0 1 0 -1
ciMethod com/sun/prism/Graphics sync ()V 0 0 1 0 -1
ciMethod com/sun/prism/Graphics getResourceFactory ()Lcom/sun/prism/ResourceFactory; 0 0 1 0 -1
ciMethod com/sun/prism/Graphics setPixelScaleFactors (FF)V 0 0 1 0 -1
ciMethod com/sun/prism/impl/BaseGraphics getTransformNoClone ()Lcom/sun/javafx/geom/transform/BaseTransform; 270 0 135 0 0
ciMethod com/sun/prism/impl/BaseGraphics scale (FF)V 78 0 6183 0 1984
ciMethod com/sun/prism/impl/BaseGraphics validateTransformAndPaint ()V 512 0 17845 0 1512
ciMethod com/sun/prism/impl/BaseGraphics setCompositeMode (Lcom/sun/prism/CompositeMode;)V 272 0 136 0 0
ciMethod com/sun/prism/impl/BaseGraphics drawTexture (Lcom/sun/prism/Texture;FFFFFFFF)V 4096 0 7176 0 1104
ciMethod com/sun/prism/impl/ps/BaseShaderGraphics drawTexture (Lcom/sun/prism/Texture;FFFFFFFF)V 4104 0 8204 0 1176
ciMethod com/sun/prism/impl/ps/BaseShaderGraphics drawMultiTexture (Lcom/sun/prism/MultiTexture;FFFFFFFF)V 0 0 1 0 -1
ciMethod com/sun/prism/impl/ps/BaseShaderGraphics blit (Lcom/sun/prism/RTTexture;Lcom/sun/prism/RTTexture;IIIIIIII)V 0 0 1 0 -1
ciMethod com/sun/javafx/geom/transform/BaseTransform almostZero (D)Z 610 0 53200 0 0
ciMethod com/sun/javafx/geom/transform/Affine3D updateState ()V 776 0 10640 0 1256
ciMethod com/sun/javafx/geom/transform/Affine3D scale (DD)V 528 0 5387 0 584
ciMethod com/sun/javafx/geom/transform/Affine3D scale (DDD)V 0 0 1 0 -1
ciMethod com/sun/javafx/geom/transform/Affine3D almostOne (D)Z 776 0 10640 0 0
ciMethod com/sun/javafx/geom/transform/AffineBase stateError ()V 0 0 1 0 0
ciMethod com/sun/javafx/geom/transform/AffineBase updateState ()V 792 0 11660 0 480
ciMethod com/sun/javafx/geom/transform/AffineBase updateState2D ()V 554 0 11543 0 480
ciMethod com/sun/javafx/geom/transform/AffineBase getType ()I 512 0 14713 0 1856
ciMethod com/sun/javafx/geom/transform/AffineBase calculateType ()I 4146 0 7220 0 -1
ciMethod com/sun/javafx/geom/transform/AffineBase getMxt ()D 264 0 132 0 0
ciMethod com/sun/javafx/geom/transform/AffineBase getMyt ()D 266 0 133 0 0
ciMethod com/sun/javafx/geom/transform/AffineBase isTranslateOrIdentity ()Z 4106 0 26871 0 1896
ciMethod com/sun/javafx/geom/transform/AffineBase setToIdentity ()V 4106 0 2187 0 -1
ciMethod com/sun/javafx/geom/transform/AffineBase scale (DD)V 4100 0 12311 0 536
ciMethod com/sun/javafx/geom/transform/GeneralTransform3D setIdentity ()Lcom/sun/javafx/geom/transform/GeneralTransform3D; 50 0 1049 0 -1
ciMethod com/sun/javafx/geom/RectBounds getWidth ()F 4116 0 36068 0 -1
ciMethod com/sun/javafx/geom/RectBounds getHeight ()F 4098 0 36855 0 -1
ciMethod com/sun/javafx/geom/RectBounds getMinX ()F 336 0 168 0 -1
ciMethod com/sun/javafx/geom/RectBounds getMinY ()F 280 0 140 0 -1
ciMethod com/sun/javafx/geom/RectBounds getMaxX ()F 322 0 161 0 -1
ciMethod com/sun/javafx/geom/RectBounds getMaxY ()F 308 0 154 0 -1
ciMethod com/sun/javafx/geom/RectBounds setBounds (FFFF)V 768 0 18026 0 -1
ciMethod com/sun/javafx/geom/RectBounds makeEmpty ()Lcom/sun/javafx/geom/RectBounds; 628 0 13279 0 -1
ciMethod com/sun/prism/impl/VertexBuffer addSuperQuad (FFFFFFFFZ)V 0 0 1 0 -1
ciMethod com/sun/prism/impl/VertexBuffer flush ()V 4252 0 14793 0 624
ciMethod com/sun/prism/impl/VertexBuffer addQuad (FFFFFFFF)V 4100 0 7170 0 -1
ciMethod com/sun/javafx/sg/prism/NGNode clearPainted ()V 0 0 1 0 -1
ciMethod com/sun/javafx/sg/prism/NGNode accumulateDirtyRegions (Lcom/sun/javafx/geom/RectBounds;Lcom/sun/javafx/geom/RectBounds;Lcom/sun/javafx/geom/DirtyRegionPool;Lcom/sun/javafx/geom/DirtyRegionContainer;Lcom/sun/javafx/geom/transform/BaseTransform;Lcom/sun/javafx/geom/transform/GeneralTransform3D;)I 772 0 5508 0 -1
ciMethod com/sun/javafx/sg/prism/NGNode doPreCulling (Lcom/sun/javafx/geom/DirtyRegionContainer;Lcom/sun/javafx/geom/transform/BaseTransform;Lcom/sun/javafx/geom/transform/GeneralTransform3D;)V 46 0 39 0 -1
ciMethod com/sun/javafx/sg/prism/NGNode getRenderRoot (Lcom/sun/javafx/sg/prism/NodePath;Lcom/sun/javafx/geom/RectBounds;ILcom/sun/javafx/geom/transform/BaseTransform;Lcom/sun/javafx/geom/transform/GeneralTransform3D;)V 80 0 49 0 -1
ciMethod com/sun/javafx/sg/prism/NGNode render (Lcom/sun/prism/Graphics;)V 4112 0 7187 0 -1
ciMethod com/sun/javafx/sg/prism/NGNode renderForcedContent (Lcom/sun/prism/Graphics;)V 4096 0 2048 0 -1
ciMethod com/sun/javafx/tk/quantum/ViewPainter adjustPerspective (Lcom/sun/javafx/sg/prism/NGCamera;)V 768 0 5504 0 -1
ciMethod com/sun/javafx/tk/quantum/ViewPainter paintImpl (Lcom/sun/prism/Graphics;)V 786 160 10630 0 -1
ciMethod com/sun/javafx/tk/quantum/ViewPainter paintOverdraw (Lcom/sun/prism/Graphics;Lcom/sun/javafx/geom/Rectangle;)V 0 0 1 0 -1
ciMethod com/sun/javafx/tk/quantum/ViewPainter getRootPath (I)Lcom/sun/javafx/sg/prism/NodePath; 320 0 196 0 -1
ciMethod com/sun/javafx/tk/quantum/ViewPainter disposePresentable ()V 0 0 1 0 -1
ciMethod com/sun/javafx/tk/quantum/ViewPainter validateStageGraphics ()Z 512 0 10489 0 0
ciMethod com/sun/javafx/tk/quantum/ViewPainter getPixelScaleFactorX ()F 770 0 5495 0 -1
ciMethod com/sun/javafx/tk/quantum/ViewPainter getPixelScaleFactorY ()F 770 0 5495 0 -1
ciMethod com/sun/javafx/tk/quantum/ViewPainter doPaint (Lcom/sun/prism/Graphics;Lcom/sun/javafx/sg/prism/NodePath;)V 512 0 5377 0 -1
ciMethod com/sun/javafx/tk/quantum/PresentingPainter run ()V 768 0 11648 0 -1
ciMethod com/sun/javafx/tk/quantum/SceneState getScene ()Lcom/sun/javafx/tk/quantum/GlassScene; 262 0 131 0 0
ciMethod com/sun/javafx/tk/quantum/SceneState isValid ()Z 512 0 5376 0 192
ciMethod com/sun/javafx/tk/quantum/SceneState getCamera ()Lcom/sun/javafx/sg/prism/NGCamera; 256 0 128 0 -1
ciMethod com/sun/prism/PresentableState getWidth ()I 256 0 128 0 0
ciMethod com/sun/prism/PresentableState getHeight ()I 256 0 128 0 0
ciMethod com/sun/prism/PresentableState getRenderWidth ()I 256 0 128 0 0
ciMethod com/sun/prism/PresentableState getRenderHeight ()I 256 0 128 0 0
ciMethod com/sun/prism/PresentableState getRenderScaleX ()F 256 0 128 0 0
ciMethod com/sun/prism/PresentableState getRenderScaleY ()F 256 0 128 0 0
ciMethod com/sun/prism/PresentableState isViewClosed ()Z 256 0 128 0 0
ciMethod com/sun/prism/PresentableState isWindowMinimized ()Z 256 0 128 0 0
ciMethod com/sun/prism/PresentableState isWindowVisible ()Z 256 0 128 0 0
ciMethod com/sun/prism/PresentableState getWindow ()Lcom/sun/glass/ui/Window; 256 0 128 0 0
ciMethod com/sun/prism/PresentableState getView ()Lcom/sun/glass/ui/View; 256 0 128 0 0
ciMethod com/sun/prism/PresentableState lock ()V 768 0 6540 0 0
ciMethod com/sun/prism/PresentableState unlock ()V 512 0 6540 0 0
ciMethod com/sun/prism/paint/Paint getType ()Lcom/sun/prism/paint/Paint$Type; 286 0 143 0 0
ciMethod com/sun/javafx/geom/Rectangle <init> (Lcom/sun/javafx/geom/BaseBounds;)V 1502 0 6770 0 -1
ciMethod com/sun/javafx/geom/Rectangle <init> (IIII)V 1024 0 10845 0 -1
ciMethod com/sun/javafx/sg/prism/NodePath clear ()V 160 0 98 0 -1
ciMethod com/sun/javafx/geom/DirtyRegionContainer getDirtyRegion (I)Lcom/sun/javafx/geom/RectBounds; 812 0 829 0 -1
ciMethod com/sun/javafx/geom/DirtyRegionContainer size ()I 292 0 146 0 -1
ciMethod com/sun/javafx/geom/DirtyRegionContainer reset ()V 768 0 5578 0 -1
ciMethod com/sun/javafx/geom/DirtyRegionContainer roundOut ()V 768 80 5514 0 -1
ciMethod com/sun/javafx/logging/PulseLogger newPhase (Ljava/lang/String;)V 0 0 1 0 -1
ciMethod com/sun/prism/impl/BaseResourcePool freeDisposalRequestedAndCheckResources (Z)V 2622 65668 2336 0 864
ciMethod com/sun/prism/impl/BaseResourcePool printSummary (Z)V 0 0 1 0 -1
ciMethod com/sun/prism/impl/BaseResourcePool recordFree (J)V 6 0 50 0 0
ciMethod com/sun/prism/impl/ManagedResource _isgone (Lcom/sun/prism/impl/ManagedResource;)Z 4104 0 13324 0 200
ciMethod com/sun/prism/impl/ManagedResource getResource ()Ljava/lang/Object; 518 0 57214 0 0
ciMethod com/sun/prism/impl/ManagedResource isValid ()Z 0 0 1 0 -1
ciMethod com/sun/prism/impl/ManagedResource isLocked ()Z 4112 0 17795 0 104
ciMethod com/sun/prism/impl/ManagedResource assertLocked ()V 512 0 80681 0 104
ciMethod com/sun/prism/impl/ManagedResource isPermanent ()Z 272 0 136 0 0
ciMethod com/sun/prism/impl/ManagedResource free ()V 0 0 1 0 -1
ciMethod com/sun/prism/impl/ManagedResource lock ()Ljava/lang/Object; 540 0 11806 0 96
ciMethod com/sun/prism/impl/ManagedResource unlockall ()V 0 0 1 0 -1
ciMethod com/sun/prism/impl/ManagedResource unlock ()V 516 0 12846 0 112
ciMethod com/sun/prism/impl/ManagedResource wasMismatched ()Z 0 0 1 0 -1
ciMethod com/sun/prism/impl/ManagedResource setMismatched ()V 0 0 1 0 -1
ciMethod com/sun/prism/impl/ManagedResource bumpAge (I)V 4108 0 17778 0 96
ciMethod com/sun/prism/impl/BaseResourcePool$WeakLinkedList getResource ()Lcom/sun/prism/impl/ManagedResource; 4096 0 20421 0 0
ciMethod com/sun/prism/d3d/D3DRTTexture isMSAA ()Z 4108 0 13619 0 192
ciMethod com/sun/prism/d3d/D3DRenderTarget getResourceHandle ()J 0 0 1 0 -1
ciMethod com/sun/prism/d3d/D3DTexture getContext ()Lcom/sun/prism/d3d/D3DContext; 1942 0 32366 0 -1
ciMethod com/sun/prism/d3d/D3DTexture update (Ljava/nio/Buffer;Lcom/sun/prism/PixelFormat;IIIIIIIZ)V 4098 0 12335 0 3304
ciMethod com/sun/prism/d3d/D3DTexture update (Ljava/nio/Buffer;Lcom/sun/prism/PixelFormat;IIIIIII)V 4102 0 8324 0 -1
ciMethod com/sun/prism/impl/BaseTexture getPixelFormat ()Lcom/sun/prism/PixelFormat; 266 0 133 0 0
ciMethod com/sun/prism/impl/BaseTexture getPhysicalWidth ()I 296 0 148 0 0
ciMethod com/sun/prism/impl/BaseTexture getPhysicalHeight ()I 322 0 161 0 0
ciMethod com/sun/prism/impl/BaseTexture getContentX ()I 272 0 136 0 0
ciMethod com/sun/prism/impl/BaseTexture getContentY ()I 272 0 136 0 0
ciMethod com/sun/prism/impl/BaseTexture getContentWidth ()I 256 0 128 0 0
ciMethod com/sun/prism/impl/BaseTexture getContentHeight ()I 258 0 129 0 0
ciMethod com/sun/prism/impl/BaseTexture getWrapMode ()Lcom/sun/prism/Texture$WrapMode; 262 0 131 0 -1
ciMethod com/sun/prism/impl/BaseTexture lock ()V 4096 0 13195 0 104
ciMethod com/sun/prism/impl/BaseTexture unlock ()V 4110 0 13267 0 128
ciMethod com/sun/prism/impl/BaseTexture isSurfaceLost ()Z 4096 0 25938 0 184
ciMethod com/sun/prism/impl/BaseTexture checkUpdateParams (Ljava/nio/Buffer;Lcom/sun/prism/PixelFormat;IIIIIII)V 4102 0 7177 0 -1
ciMethod com/sun/prism/d3d/D3DTextureResource isValid ()Z 4098 0 25158 0 176
ciMethod com/sun/prism/impl/Disposer$Record dispose ()V 0 0 1 0 -1
ciMethod com/sun/prism/d3d/D3DTextureData getSamples ()I 272 0 136 0 0
ciMethod com/sun/prism/d3d/D3DResource$D3DRecord getResource ()J 268 0 134 0 0
ciMethod com/sun/prism/d3d/D3DResource$D3DRecord getContext ()Lcom/sun/prism/d3d/D3DContext; 274 0 137 0 0
ciMethod com/sun/prism/impl/Disposer cleanUp ()V 512 0 6407 0 1176
ciMethod com/sun/prism/impl/Disposer disposeUnreachables ()V 512 0 6406 0 3848
ciMethod com/sun/prism/impl/Disposer processDisposalQueue ()V 512 0 6407 0 0
ciMethod com/sun/prism/d3d/D3DGraphics <init> (Lcom/sun/prism/d3d/D3DContext;Lcom/sun/prism/RenderTarget;)V 512 0 5434 0 -1
ciMethod com/sun/prism/d3d/D3DGraphics create (Lcom/sun/prism/RenderTarget;Lcom/sun/prism/d3d/D3DContext;)Lcom/sun/prism/Graphics; 4098 0 7227 0 6200
ciMethod com/sun/prism/d3d/D3DSwapChain prepare (Lcom/sun/javafx/geom/Rectangle;)Z 512 0 6540 0 0
ciMethod com/sun/prism/d3d/D3DSwapChain present ()Z 512 0 6540 0 0
ciMethod com/sun/prism/d3d/D3DSwapChain getPhysicalWidth ()I 4096 0 10321 0 120
ciMethod com/sun/prism/d3d/D3DSwapChain getPhysicalHeight ()I 4096 0 10844 0 120
ciMethod com/sun/prism/d3d/D3DSwapChain getContentWidth ()I 768 0 7061 0 0
ciMethod com/sun/prism/d3d/D3DSwapChain getContentHeight ()I 768 0 7061 0 0
ciMethod com/sun/prism/d3d/D3DSwapChain nPresent (JJ)I 256 0 128 0 -1
ciMethod com/sun/prism/d3d/D3DSwapChain getContext ()Lcom/sun/prism/d3d/D3DContext; 1794 0 19620 0 0
ciMethod com/sun/prism/d3d/D3DSwapChain lockResources (Lcom/sun/prism/PresentableState;)Z 766 0 6539 0 424
ciMethod com/sun/prism/d3d/D3DSwapChain createGraphics ()Lcom/sun/prism/Graphics; 768 0 6540 0 0
ciMethod com/sun/prism/d3d/D3DSwapChain isMSAA ()Z 768 0 6933 0 0
ciMethodData com/sun/javafx/geom/transform/BaseTransform almostZero (D)Z 2 52895 orig 80 0 0 0 0 0 0 0 0 0 0 0 0 24 2 0 0 0 0 0 0 0 0 0 0 0 0 0 0 0 0 0 0 0 0 0 0 0 0 0 0 0 0 0 0 0 0 0 0 0 0 0 0 0 0 0 0 0 0 0 0 0 0 0 0 0 0 0 0 0 0 0 0 0 0 0 0 0 0 0 0 data 18 0x50007 0x0 0x58 0xce9f 0xd0007 0x0 0x38 0xce9f 0x110003 0xce9f 0x18 0x0 0x0 0x0 0x9 0x2 0x0 0x0 oops 0 methods 0
ciMethodData com/sun/prism/impl/BaseContext checkDisposed ()Z 2 131702 orig 80 0 0 0 0 0 0 0 0 0 0 0 0 24 2 0 0 0 0 0 0 0 0 0 0 0 0 0 0 0 0 0 0 0 0 0 0 0 0 0 0 0 0 0 0 0 0 0 0 0 0 0 0 0 0 0 0 0 0 0 0 0 0 0 0 0 0 0 0 0 0 0 0 0 0 0 0 0 0 0 0 data 40 0x30007 0x20276 0xc0 0x0 0x70005 0x0 0x0 0x0 0x0 0x0 0x0 0xa0007 0x0 0x68 0x0 0x140002 0x0 0x1a0005 0x0 0x0 0x0 0x0 0x0 0x0 0x1e0005 0x20276 0x0 0x0 0x0 0x0 0x0 0x0 0x0 0x0 0x0 0x0 0x0 0x9 0x1 0xffffffffffffffff oops 0 methods 0
ciMethodData com/sun/prism/impl/ManagedResource assertLocked ()V 2 80425 orig 80 0 0 0 0 0 0 0 0 0 0 0 0 24 2 0 0 0 0 0 0 0 0 0 0 0 0 0 0 0 0 0 0 0 0 0 0 0 0 0 0 0 0 0 0 0 0 0 0 0 0 0 0 0 0 0 0 0 0 0 0 0 0 0 0 0 0 0 0 0 0 0 0 0 0 0 0 0 0 0 0 data 13 0x40007 0x13a29 0x30 0x0 0xd0002 0x0 0x0 0x0 0x0 0x0 0x9 0x1 0x0 oops 0 methods 0
ciMethodData com/sun/prism/impl/ManagedResource getResource ()Ljava/lang/Object; 2 56955 orig 80 0 0 0 0 0 0 0 0 0 0 0 0 24 2 0 0 0 0 0 0 0 0 0 0 0 0 0 0 0 0 0 0 0 0 0 0 0 0 0 0 0 0 0 0 0 0 0 0 0 0 0 0 0 0 0 0 0 0 0 0 0 0 0 0 0 0 0 0 0 0 0 0 0 0 0 0 0 0 0 0 data 16 0x10005 0xde7b 0x0 0x0 0x0 0x0 0x0 0x0 0x0 0x0 0x0 0x0 0x0 0x9 0x1 0x0 oops 0 methods 0
ciMethodData com/sun/prism/d3d/D3DContext validate (I)V 2 20595 orig 80 0 0 0 0 0 0 0 0 0 0 0 0 24 2 0 0 0 0 0 0 0 0 0 0 0 0 0 0 0 0 0 0 0 0 0 0 0 0 0 0 0 0 0 0 0 0 0 0 0 0 0 0 0 0 0 0 0 0 0 0 0 0 0 0 0 0 0 0 0 0 0 0 0 0 0 0 0 0 0 0 data 43 0x30007 0x5073 0x110 0x0 0x70002 0x0 0xa0007 0x0 0xe0 0x0 0x120002 0x0 0x15000a 0x0 0x3 0x0 0x0 0x0 0x1a0005 0x0 0x0 0x0 0x0 0x0 0x0 0x230002 0x0 0x290005 0x0 0x0 0x0 0x0 0x0 0x0 0x0 0x0 0x0 0x0 0x0 0x0 0x9 0x1 0x0 oops 0 methods 0
ciMethodData com/sun/javafx/geom/transform/AffineBase getType ()I 2 14457 orig 80 0 0 0 0 0 0 0 0 0 0 0 0 24 2 0 0 0 0 0 0 0 0 0 0 0 0 0 0 0 0 0 0 0 0 0 0 0 0 0 0 0 0 0 0 0 0 0 0 0 0 0 0 0 0 0 0 0 0 0 0 0 0 0 0 0 0 0 0 0 0 0 0 0 0 0 0 0 0 0 0 data 31 0x50007 0x27fe 0xb0 0x107b 0x90005 0x0 0x0 0x21861138950 0xe83 0x21867b79e50 0x1f8 0x110007 0x0 0x58 0x107b 0x160005 0x0 0x0 0x21861138950 0xe83 0x21867b79e50 0x1f8 0x0 0x0 0x0 0x0 0x0 0x0 0x9 0x1 0xffffffffffffffff oops 4 7 com/sun/javafx/geom/transform/Affine3D 9 com/sun/javafx/geom/transform/Affine2D 18 com/sun/javafx/geom/transform/Affine3D 20 com/sun/javafx/geom/transform/Affine2D methods 0
ciMethodData com/sun/javafx/geom/transform/AffineBase calculateType ()I 2 5147 orig 80 0 0 0 0 0 0 0 0 0 0 0 0 24 2 0 0 0 0 0 0 0 0 0 0 0 0 0 0 0 0 0 0 0 0 0 0 0 0 0 0 0 0 0 0 0 0 0 0 0 0 0 0 0 0 0 0 0 0 0 0 0 0 0 0 0 0 0 0 0 0 0 0 0 0 0 0 0 0 0 0 data 248 0x70007 0x0 0x38 0x141b 0xb0003 0x141b 0x18 0x190008 0x12 0x0 0xa0 0x0 0x698 0x0 0x680 0x5b8 0x450 0xe63 0x450 0x0 0x2c8 0x0 0x2c8 0x0 0xb0 0x0 0xb0 0x480002 0x0 0x640007 0x0 0x38 0x0 0x6c0003 0x0 0x5c8 0x750007 0x0 0x38 0x0 0x790003 0x0 0x18 0x840007 0x0 0x38 0x0 0x880003 0x0 0x18 0x8f0007 0x0 0xc8 0x0 0x9b0007 0x0 0x40 0x0 0xa80007 0x0 0x38 0x0 0xb00003 0x0 0x4e0 0xc80007 0x0 0x38 0x0 0xd00003 0x0 0x4a8 0xd80003 0x0 0x490 0xe50007 0x0 0x40 0x0 0xf10007 0x0 0x38 0x0 0xf90003 0x0 0x438 0x1110007 0x0 0x38 0x0 0x1190003 0x0 0x400 0x1210003 0x0 0x3e8 0x12e0007 0x0 0x38 0x0 0x1320003 0x0 0x18 0x13d0007 0x0 0x38 0x0 0x1410003 0x0 0x18 0x1480007 0x0 0xc8 0x0 0x1550007 0x0 0x38 0x0 0x15d0003 0x0 0x320 0x1660007 0x0 0x58 0x0 0x1710007 0x0 0x38 0x0 0x1790003 0x0 0x2c8 0x1810003 0x0 0x2b0 0x18d0007 0x0 0x38 0x0 0x1950003 0x0 0x278 0x19d0003 0x0 0x260 0x1aa0007 0x0 0x38 0x141b 0x1ae0003 0x141b 0x18 0x1b90007 0x0 0x38 0x141b 0x1bd0003 0x141b 0x18 0x1c40007 0x0 0x118 0x141b 0x1c80007 0x0 0x70 0x141b 0x1d40007 0x151 0x38 0x12ca 0x1db0003 0x12ca 0x178 0x1e20003 0x151 0x160 0x1ee0007 0x0 0x38 0x0 0x1f60003 0x0 0x128 0x2010007 0x0 0x38 0x0 0x2090003 0x0 0xf0 0x2110003 0x0 0xd8 0x21e0007 0x0 0x90 0x0 0x2270007 0x0 0x40 0x0 0x2320007 0x0 0x38 0x0 0x23a0003 0x0 0x60 0x2420003 0x0 0x48 0x24a0003 0x0 0x30 0x2510003 0x0 0x18 0x0 0x0 0x0 0x0 0x0 0x0 0x0 0x0 0x0 0x0 0x0 0x0 0x0 0x0 0x0 0x0 0x0 0x0 0x0 0x0 0x0 0x0 0x0 0x0 0x0 0x0 0x0 0x9 0x1 0x0 oops 0 methods 0
ciMethodData com/sun/javafx/geom/transform/AffineBase updateState2D ()V 2 11266 orig 80 0 0 0 0 0 0 0 0 0 0 0 0 24 2 0 0 0 0 0 0 0 0 0 0 0 0 0 0 0 0 0 0 0 0 0 0 0 0 0 0 0 0 0 0 0 0 0 0 0 0 0 0 0 0 0 0 0 0 0 0 0 0 0 0 0 0 0 0 0 0 0 0 0 0 0 0 0 0 0 0 data 95 0x60007 0x0 0x160 0x2c02 0xf0007 0x0 0x140 0x2c02 0x180007 0x1db0 0xb0 0xe52 0x210007 0x0 0x90 0xe52 0x2a0007 0x138 0x58 0xd1a 0x330007 0x0 0x38 0xd1a 0x400003 0xd1a 0x1a8 0x4d0003 0x138 0x190 0x560007 0xfd3 0x58 0xddd 0x5f0007 0x6f7 0x38 0x6e6 0x670003 0x6e6 0x18 0x740003 0x1db0 0x120 0x7d0007 0x0 0xb0 0x0 0x860007 0x0 0x90 0x0 0x8f0007 0x0 0x58 0x0 0x980007 0x0 0x38 0x0 0xa00003 0x0 0x88 0xa80003 0x0 0x70 0xb10007 0x0 0x58 0x0 0xba0007 0x0 0x38 0x0 0xc30003 0x0 0x18 0x0 0x0 0x0 0x0 0x0 0x0 0x0 0x0 0x0 0x0 0x0 0x0 0x0 0x0 0x0 0x9 0x1 0x0 oops 0 methods 0
ciMethodData com/sun/prism/impl/BaseContext flushVertexBuffer ()V 2 46230 orig 80 0 0 0 0 0 0 0 0 0 0 0 0 24 2 0 0 0 0 0 0 0 0 0 0 0 0 0 0 0 0 0 0 0 0 0 0 0 0 0 0 0 0 0 0 0 0 0 0 0 0 0 0 0 0 0 0 0 0 0 0 0 0 0 0 0 0 0 0 0 0 0 0 0 0 0 0 0 0 0 0 data 27 0x10005 0x0 0x0 0x218610b0b58 0xb496 0x0 0x0 0x40007 0xb496 0x20 0x0 0xc0005 0xb496 0x0 0x0 0x0 0x0 0x0 0x0 0x0 0x0 0x0 0x0 0x0 0x9 0x1 0xffffffffffffffff oops 1 3 com/sun/prism/d3d/D3DContext methods 0
ciMethodData com/sun/prism/impl/VertexBuffer flush ()V 2 12667 orig 80 0 0 0 0 0 0 0 0 0 0 0 0 24 2 0 0 0 0 0 0 0 0 0 0 0 0 0 0 0 0 0 0 0 0 0 0 0 0 0 0 0 0 0 0 0 0 0 0 0 0 0 0 0 0 0 0 0 0 0 0 0 0 0 0 0 0 0 0 0 0 0 0 0 0 0 0 0 0 0 0 data 20 0x40007 0x25c7 0x58 0xbb4 0x170005 0x0 0x0 0x218610b0b58 0xbb4 0x0 0x0 0x0 0x0 0x0 0x0 0x0 0x0 0x9 0x1 0x0 oops 1 7 com/sun/prism/d3d/D3DContext methods 0
ciMethodData com/sun/prism/impl/BaseContext drawQuads ([F[BI)V 2 2996 orig 80 0 0 0 0 0 0 0 0 0 0 0 0 24 2 0 0 0 0 0 0 0 0 0 0 0 0 0 0 0 0 0 0 0 0 0 0 0 0 0 0 0 0 0 0 0 0 0 0 0 0 0 0 0 0 0 0 0 0 0 0 0 0 0 0 0 0 0 0 0 0 0 0 0 0 0 0 0 0 0 0 data 26 0x10005 0xbb4 0x0 0x0 0x0 0x0 0x0 0x80005 0x0 0x0 0x218610b0b58 0xbb4 0x0 0x0 0x0 0x0 0x0 0x0 0x0 0x0 0x9 0x4 0x0 0x0 0x0 0x0 oops 1 10 com/sun/prism/d3d/D3DContext methods 0
ciMethodData com/sun/prism/impl/BaseContext flushMask ()V 2 1384 orig 80 0 0 0 0 0 0 0 0 0 0 0 0 24 2 0 0 0 0 0 0 0 0 0 0 0 0 0 0 0 0 0 0 0 0 0 0 0 0 0 0 0 0 0 0 0 0 0 0 0 0 0 0 0 0 0 0 0 0 0 0 0 0 0 0 0 0 0 0 0 0 0 0 0 0 0 0 0 0 0 0 data 54 0x40007 0x0 0x40 0x568 0xb0007 0x4e5 0x138 0x83 0x120005 0x0 0x0 0x21867657c10 0x83 0x0 0x0 0x230005 0x0 0x0 0x21867657c10 0x83 0x0 0x0 0x380005 0x0 0x0 0x21867657c10 0x83 0x0 0x0 0x3e0005 0x0 0x0 0x21867657c10 0x83 0x0 0x0 0x470005 0x0 0x0 0x21867657c10 0x83 0x0 0x0 0x0 0x0 0x0 0x0 0x0 0x0 0x0 0x0 0x9 0x1 0x0 oops 5 11 com/sun/prism/d3d/D3DTexture 18 com/sun/prism/d3d/D3DTexture 25 com/sun/prism/d3d/D3DTexture 32 com/sun/prism/d3d/D3DTexture 39 com/sun/prism/d3d/D3DTexture methods 0
ciMethodData com/sun/prism/d3d/D3DContext renderQuads ([F[BI)V 1 388 orig 80 0 0 0 0 0 0 0 0 0 0 0 0 24 2 0 0 0 0 0 0 0 0 0 0 0 0 0 0 0 0 0 0 0 0 0 0 0 0 0 0 0 0 0 0 0 0 0 0 0 0 0 0 0 0 0 0 0 0 0 0 0 0 0 0 0 0 0 0 0 0 0 0 0 0 0 0 0 0 0 0 data 16 0x70002 0x184 0xe0002 0x184 0x0 0x0 0x0 0x0 0x0 0x0 0x9 0x4 0x0 0x0 0x0 0x0 oops 0 methods 0
ciMethodData com/sun/prism/impl/BaseGraphics validateTransformAndPaint ()V 2 17589 orig 80 1 0 0 0 1 0 0 0 0 0 0 0 24 2 0 0 0 0 0 0 0 0 0 0 0 0 0 0 0 0 0 0 0 0 0 0 0 0 0 2 0 0 0 0 0 0 0 0 0 0 0 0 0 0 0 0 0 0 0 0 0 0 0 0 0 0 0 0 0 0 0 0 0 0 0 0 0 0 0 0 data 48 0x40005 0x0 0x0 0x21861138950 0x44b5 0x0 0x0 0x70007 0x3e57 0x100 0x65e 0xe0005 0x65e 0x0 0x0 0x0 0x0 0x0 0x8000000600140007 0x16e 0xa8 0x4f2 0x210005 0x0 0x0 0x21861138950 0x4f2 0x0 0x0 0x2d0005 0x0 0x0 0x21861138950 0x4f2 0x0 0x0 0x340003 0x4f2 0x18 0x0 0x0 0x0 0x0 0x0 0x0 0x9 0x1 0x0 oops 3 3 com/sun/javafx/geom/transform/Affine3D 25 com/sun/javafx/geom/transform/Affine3D 32 com/sun/javafx/geom/transform/Affine3D methods 0
ciMethodData com/sun/javafx/geom/transform/AffineBase isTranslateOrIdentity ()Z 2 24818 orig 80 0 0 0 0 0 0 0 0 0 0 0 0 24 2 0 0 0 0 0 0 0 0 0 0 0 0 0 0 0 0 0 0 0 0 0 0 0 0 0 0 0 0 0 0 0 0 0 0 0 0 0 0 0 0 0 0 0 0 0 0 0 0 0 0 0 0 0 0 0 0 0 0 0 0 0 0 0 0 0 0 data 27 0x50007 0x659 0x78 0x5a99 0x90005 0x0 0x0 0x21861138950 0x5a97 0x21867b79e50 0x2 0xd0007 0x5a99 0x38 0x0 0x110003 0x659 0x18 0x0 0x0 0x0 0x0 0x0 0x0 0x9 0x1 0x0 oops 2 7 com/sun/javafx/geom/transform/Affine3D 9 com/sun/javafx/geom/transform/Affine2D methods 0
ciMethodData com/sun/javafx/geom/transform/AffineBase updateState ()V 2 11264 orig 80 0 0 0 0 0 0 0 0 0 0 0 0 24 2 0 0 0 0 0 0 0 0 0 0 0 0 0 0 0 0 0 0 0 0 0 0 0 0 0 0 0 0 0 0 0 0 0 0 0 0 0 0 0 0 0 0 0 0 0 0 0 0 0 0 0 0 0 0 0 0 0 0 0 0 0 0 0 0 0 0 data 16 0x10005 0x0 0x0 0x21861138950 0x2813 0x21867b79e50 0x3ed 0x0 0x0 0x0 0x0 0x0 0x0 0x9 0x1 0x0 oops 2 3 com/sun/javafx/geom/transform/Affine3D 5 com/sun/javafx/geom/transform/Affine2D methods 0
ciMethodData com/sun/javafx/geom/transform/Affine3D updateState ()V 2 10252 orig 80 0 0 0 0 0 0 0 0 0 0 0 0 24 2 0 0 0 0 0 0 0 0 0 0 0 0 0 0 0 0 0 0 0 0 0 0 0 0 0 0 0 0 0 0 0 0 0 0 0 0 0 0 0 0 0 0 0 0 0 0 0 0 0 0 0 0 0 0 0 0 0 0 0 0 0 0 0 0 0 0 data 51 0x10002 0x280c 0x80002 0x280c 0xb0007 0x0 0x110 0x280c 0x120002 0x280c 0x150007 0x0 0xe0 0x280c 0x1c0002 0x280c 0x1f0007 0x0 0xb0 0x280c 0x260002 0x280c 0x290007 0x0 0x80 0x280c 0x300002 0x280c 0x330007 0x0 0x50 0x280c 0x3a0002 0x280c 0x3d0007 0x280c 0x40 0x0 0x500007 0x0 0x20 0x0 0x0 0x0 0x0 0x0 0x0 0x0 0x9 0x1 0x0 oops 0 methods 0
ciMethodData com/sun/javafx/geom/transform/Affine3D almostOne (D)Z 2 10252 orig 80 0 0 0 0 0 0 0 0 0 0 0 0 24 2 0 0 0 0 0 0 0 0 0 0 0 0 0 0 0 0 0 0 0 0 0 0 0 0 0 0 0 0 0 0 0 0 0 0 0 0 0 0 0 0 0 0 0 0 0 0 0 0 0 0 0 0 0 0 0 0 0 0 0 0 0 0 0 0 0 0 data 18 0x50007 0x0 0x58 0x280c 0xd0007 0x0 0x38 0x280c 0x110003 0x280c 0x18 0x0 0x0 0x0 0x9 0x2 0x0 0x0 oops 0 methods 0
ciMethodData com/sun/javafx/geom/transform/AffineBase stateError ()V 1 0 orig 80 0 0 0 0 0 0 0 0 0 0 0 0 24 2 0 0 0 0 0 0 0 0 0 0 0 0 0 0 0 0 0 0 0 0 0 0 0 0 0 0 0 0 0 0 0 0 0 0 0 0 0 0 0 0 0 0 0 0 0 0 0 0 0 0 0 0 0 0 0 0 0 0 0 0 0 0 0 0 0 0 data 7 0x60002 0x0 0x0 0x0 0x0 0x9 0x0 oops 0 methods 0
ciMethodData com/sun/prism/impl/ps/BaseShaderContext isSuperShaderEnabled ()Z 2 5127 orig 80 0 0 0 0 0 0 0 0 0 0 0 0 24 2 0 0 0 0 0 0 0 0 0 0 0 0 0 0 0 0 0 0 0 0 0 0 0 0 0 0 0 0 0 0 0 0 0 0 0 0 0 0 0 0 0 0 0 0 0 0 0 0 0 0 0 0 0 0 0 0 0 0 0 0 0 0 0 0 0 0 data 45 0x10005 0x0 0x0 0x218610b0b58 0x1407 0x0 0x0 0x40007 0x1407 0x20 0x0 0x170005 0x1407 0x0 0x0 0x0 0x0 0x0 0x1b0007 0x0 0x78 0x1407 0x2c0005 0x1407 0x0 0x0 0x0 0x0 0x0 0x300007 0x1407 0x38 0x0 0x340003 0x0 0x18 0x0 0x0 0x0 0x0 0x0 0x0 0x9 0x1 0x0 oops 1 3 com/sun/prism/d3d/D3DContext methods 0
ciMethodData com/sun/prism/impl/VertexBuffer addQuad (FFFFFFFF)V 2 5120 orig 80 0 0 0 0 0 0 0 0 0 0 0 0 24 2 0 0 0 0 0 0 0 0 0 0 0 0 0 0 0 0 0 0 0 0 0 0 0 0 0 0 0 0 0 0 0 0 0 0 0 0 0 0 0 0 0 0 0 0 0 0 0 0 0 0 0 0 0 0 0 0 0 0 0 0 0 0 0 0 0 0 data 40 0xe0007 0x1400 0x58 0x0 0x1f0005 0x0 0x0 0x0 0x0 0x0 0x0 0x0 0x0 0x0 0x0 0x0 0x0 0x0 0x0 0x0 0x0 0x0 0x0 0x0 0x0 0x0 0x0 0x0 0x0 0x9 0x9 0x0 0x0 0x0 0x0 0x0 0x0 0x0 0x0 0x0 oops 0 methods 0
ciMethodData com/sun/prism/d3d/D3DRTTexture isMSAA ()Z 2 11565 orig 80 0 0 0 0 0 0 0 0 0 0 0 0 24 2 0 0 0 0 0 0 0 0 0 0 0 0 0 0 0 0 0 0 0 0 0 0 0 0 0 0 0 0 0 0 0 0 0 0 0 0 0 0 0 0 0 0 0 0 0 0 0 0 0 0 0 0 0 0 0 0 0 0 0 0 0 0 0 0 0 0 data 44 0x40004 0x0 0x0 0x218678d0220 0x2d2d 0x0 0x0 0x70005 0x2d2d 0x0 0x0 0x0 0x0 0x0 0xa0004 0x0 0x0 0x2186762ba88 0x2d2d 0x0 0x0 0xd0005 0x0 0x0 0x2186762ba88 0x2d2d 0x0 0x0 0x100007 0x2d2d 0x38 0x0 0x140003 0x0 0x18 0x0 0x0 0x0 0x0 0x0 0x0 0x9 0x1 0x0 oops 3 3 com/sun/prism/d3d/D3DTextureResource 17 com/sun/prism/d3d/D3DTextureData 24 com/sun/prism/d3d/D3DTextureData methods 0
ciMethodData com/sun/prism/d3d/D3DGraphics create (Lcom/sun/prism/RenderTarget;Lcom/sun/prism/d3d/D3DContext;)Lcom/sun/prism/Graphics; 2 5178 orig 80 0 0 0 0 0 0 0 0 0 0 0 0 24 2 0 0 0 0 0 0 0 0 0 0 0 0 0 0 0 0 0 0 0 0 0 0 0 0 0 0 0 0 0 0 0 0 0 0 0 0 0 0 0 0 0 0 0 0 0 0 0 0 0 0 0 0 0 0 0 0 0 0 0 0 0 0 0 0 0 0 data 56 0x10007 0x143a 0x20 0x0 0x70004 0x0 0x0 0x21867652238 0x12b4 0x218613e8770 0x186 0xa0005 0x0 0x0 0x21867652238 0x12b4 0x218613e8770 0x186 0x130007 0x143a 0x20 0x0 0x1b0007 0x143a 0xb0 0x0 0x1f0005 0x0 0x0 0x0 0x0 0x0 0x0 0x220007 0x0 0x58 0x0 0x2a0005 0x0 0x0 0x0 0x0 0x0 0x0 0x330002 0x143a 0x0 0x0 0x0 0x0 0x0 0x0 0x9 0x2 0xffffffffffffffff 0xffffffffffffffff oops 4 7 com/sun/prism/d3d/D3DRTTexture 9 com/sun/prism/d3d/D3DSwapChain 14 com/sun/prism/d3d/D3DRTTexture 16 com/sun/prism/d3d/D3DSwapChain methods 0
ciMethodData com/sun/prism/d3d/D3DTextureResource isValid ()Z 2 23109 orig 80 0 0 0 0 0 0 0 0 0 0 0 0 24 2 0 0 0 0 0 0 0 0 0 0 0 0 0 0 0 0 0 0 0 0 0 0 0 0 0 0 0 0 0 0 0 0 0 0 0 0 0 0 0 0 0 0 0 0 0 0 0 0 0 0 0 0 0 0 0 0 0 0 0 0 0 0 0 0 0 0 data 34 0x40007 0x0 0xc8 0x5a45 0xb0004 0x0 0x0 0x2186762ba88 0x5a45 0x0 0x0 0xe0005 0x0 0x0 0x2186762ba88 0x5a45 0x0 0x0 0x130007 0x0 0x38 0x5a45 0x170003 0x5a45 0x18 0x0 0x0 0x0 0x0 0x0 0x0 0x9 0x1 0x0 oops 2 7 com/sun/prism/d3d/D3DTextureData 14 com/sun/prism/d3d/D3DTextureData methods 0
ciMethodData com/sun/prism/impl/BaseTexture unlock ()V 2 11212 orig 80 0 0 0 0 0 0 0 0 0 0 0 0 24 2 0 0 0 0 0 0 0 0 0 0 0 0 0 0 0 0 0 0 0 0 0 0 0 0 0 0 0 0 0 0 0 0 0 0 0 0 0 0 0 0 0 0 0 0 0 0 0 0 0 0 0 0 0 0 0 0 0 0 0 0 0 0 0 0 0 0 data 16 0x40005 0x2bcc 0x0 0x0 0x0 0x0 0x0 0x0 0x0 0x0 0x0 0x0 0x0 0x9 0x1 0x0 oops 0 methods 0
ciMethodData com/sun/prism/impl/ManagedResource unlock ()V 2 12588 orig 80 0 0 0 0 0 0 0 0 0 0 0 0 24 2 0 0 0 0 0 0 0 0 0 0 0 0 0 0 0 0 0 0 0 0 0 0 0 0 0 0 0 0 0 0 0 0 0 0 0 0 0 0 0 0 0 0 0 0 0 0 0 0 0 0 0 0 0 0 0 0 0 0 0 0 0 0 0 0 0 0 data 16 0x10005 0x312c 0x0 0x0 0x0 0x0 0x0 0x0 0x0 0x0 0x0 0x0 0x0 0x9 0x1 0x0 oops 0 methods 0
ciMethodData com/sun/prism/impl/BaseTexture lock ()V 2 11147 orig 80 0 0 0 0 0 0 0 0 0 0 0 0 24 2 0 0 0 0 0 0 0 0 0 0 0 0 0 0 0 0 0 0 0 0 0 0 0 0 0 0 0 0 0 0 0 0 0 0 0 0 0 0 0 0 0 0 0 0 0 0 0 0 0 0 0 0 0 0 0 0 0 0 0 0 0 0 0 0 0 0 data 16 0x40005 0x2b8b 0x0 0x0 0x0 0x0 0x0 0x0 0x0 0x0 0x0 0x0 0x0 0x9 0x1 0x0 oops 0 methods 0
ciMethodData com/sun/prism/impl/ManagedResource lock ()Ljava/lang/Object; 2 11536 orig 80 0 0 0 0 0 0 0 0 0 0 0 0 24 2 0 0 0 0 0 0 0 0 0 0 0 0 0 0 0 0 0 0 0 0 0 0 0 0 0 0 0 0 0 0 0 0 0 0 0 0 0 0 0 0 0 0 0 0 0 0 0 0 0 0 0 0 0 0 0 0 0 0 0 0 0 0 0 0 0 0 data 7 0x0 0x0 0x0 0x0 0x9 0x1 0x0 oops 0 methods 0
ciMethodData com/sun/prism/impl/BaseTexture isSurfaceLost ()Z 2 23890 orig 80 0 0 0 0 0 0 0 0 0 0 0 0 24 2 0 0 0 0 0 0 0 0 0 0 0 0 0 0 0 0 0 0 0 0 0 0 0 0 0 0 0 0 0 0 0 0 0 0 0 0 0 0 0 0 0 0 0 0 0 0 0 0 0 0 0 0 0 0 0 0 0 0 0 0 0 0 0 0 0 0 data 23 0x40005 0x0 0x0 0x218678d0220 0x5d52 0x0 0x0 0x70007 0x5d52 0x38 0x0 0xb0003 0x0 0x18 0x0 0x0 0x0 0x0 0x0 0x0 0x9 0x1 0x0 oops 1 3 com/sun/prism/d3d/D3DTextureResource methods 0
ciMethodData com/sun/prism/impl/BaseResourcePool$WeakLinkedList getResource ()Lcom/sun/prism/impl/ManagedResource; 2 18373 orig 80 0 0 0 0 0 0 0 0 0 0 0 0 24 2 0 0 0 1 0 0 0 0 0 0 0 0 0 0 0 0 0 0 0 0 0 0 0 0 0 0 0 0 0 0 0 0 0 0 0 0 0 0 0 0 0 0 0 0 0 0 0 0 0 0 0 0 0 0 0 0 0 0 0 0 0 0 0 0 0 0 data 23 0x40005 0x0 0x0 0x218610190f8 0x47c5 0x0 0x0 0x8000000100070104 0x0 0x0 0x218678d0220 0x47c4 0x0 0x0 0x0 0x0 0x0 0x0 0x0 0x0 0x9 0x1 0x0 oops 2 3 java/lang/ref/WeakReference 10 com/sun/prism/d3d/D3DTextureResource methods 0
ciMethodData com/sun/prism/impl/ManagedResource _isgone (Lcom/sun/prism/impl/ManagedResource;)Z 2 11272 orig 80 1 0 0 0 0 0 0 0 0 0 0 0 24 2 0 0 0 0 0 0 0 0 0 0 0 0 0 0 0 0 0 0 0 0 0 0 0 0 0 1 0 0 0 0 0 0 0 0 0 0 0 0 0 0 0 0 0 0 0 0 0 0 0 0 0 0 0 0 0 0 0 0 0 0 0 0 0 0 0 0 data 38 0x8000000600010007 0x2c07 0x20 0x2 0xa0007 0x2c07 0x58 0x0 0xe0005 0x0 0x0 0x0 0x0 0x0 0x0 0x1e0005 0x0 0x0 0x218678d0220 0x2c07 0x0 0x0 0x210007 0x2c07 0x38 0x0 0x250003 0x0 0x18 0x0 0x0 0x0 0x0 0x0 0x0 0x9 0x1 0x0 oops 1 18 com/sun/prism/d3d/D3DTextureResource methods 0
ciMethodData com/sun/prism/impl/ps/BaseShaderGraphics drawTexture (Lcom/sun/prism/Texture;FFFFFFFF)V 2 6152 orig 80 0 0 0 0 0 0 0 0 0 0 0 0 24 2 0 0 0 0 0 0 0 0 0 0 0 0 0 0 0 0 0 0 0 0 0 0 0 0 0 0 0 0 0 0 0 0 0 0 0 0 0 0 0 0 0 0 0 0 0 0 0 0 0 0 0 0 0 0 0 0 0 0 0 0 0 0 0 0 0 0 data 48 0x10004 0xffffffffffffe7f8 0x0 0x21867657c10 0xe 0x21867652238 0x72 0x40007 0x1808 0xa8 0x0 0x90004 0x0 0x0 0x0 0x0 0x0 0x0 0x1a0005 0x0 0x0 0x0 0x0 0x0 0x0 0x1d0003 0x0 0x28 0x300002 0x1808 0x0 0x0 0x0 0x0 0x0 0x0 0x9 0xa 0x0 0x0 0x0 0x0 0x0 0x0 0x0 0x0 0x0 0x0 oops 2 3 com/sun/prism/d3d/D3DTexture 5 com/sun/prism/d3d/D3DRTTexture methods 0
ciMethodData com/sun/prism/impl/ManagedResource isLocked ()Z 2 15739 orig 80 0 0 0 0 0 0 0 0 0 0 0 0 24 2 0 0 0 0 0 0 0 0 0 0 0 0 0 0 0 0 0 0 0 0 0 0 0 0 0 0 0 0 0 0 0 0 0 0 0 0 0 0 0 0 0 0 0 0 0 0 0 0 0 0 0 0 0 0 0 0 0 0 0 0 0 0 0 0 0 0 data 13 0x40007 0x3d7b 0x38 0x0 0x80003 0x0 0x18 0x0 0x0 0x0 0x9 0x1 0x0 oops 0 methods 0
ciMethodData com/sun/prism/impl/ManagedResource bumpAge (I)V 2 15724 orig 80 0 0 0 0 0 0 0 0 0 0 0 0 24 2 0 0 0 0 0 0 0 0 0 0 0 0 0 0 0 0 0 0 0 0 0 0 0 0 0 0 0 0 0 0 0 0 0 0 0 0 0 0 0 0 0 0 0 0 0 0 0 0 0 0 0 0 0 0 0 0 0 0 0 0 0 0 0 0 0 0 data 12 0x70007 0x1c1 0x20 0x3bab 0x0 0x0 0x0 0x0 0x9 0x2 0x0 0x0 oops 0 methods 0
ciMethodData com/sun/prism/impl/ps/BaseShaderContext validateTextureOp (Lcom/sun/prism/impl/BaseGraphics;Lcom/sun/javafx/geom/transform/BaseTransform;Lcom/sun/prism/Texture;Lcom/sun/prism/PixelFormat;)V 2 5136 orig 80 0 0 0 0 0 0 0 0 0 0 0 0 24 2 0 0 0 0 0 0 0 0 0 0 0 0 0 0 0 0 0 0 0 0 0 0 0 0 0 0 0 0 0 0 0 0 0 0 0 0 0 0 0 0 0 0 0 0 0 0 0 0 0 0 0 0 0 0 0 0 0 0 0 0 0 0 0 0 0 0 data 27 0x20004 0x0 0x0 0x218672a6a98 0x1410 0x0 0x0 0xa0005 0x0 0x0 0x218610b0b58 0x1410 0x0 0x0 0x0 0x0 0x0 0x0 0x0 0x0 0x9 0x5 0xffffffffffffffff 0xffffffffffffffff 0xffffffffffffffff 0xffffffffffffffff 0xffffffffffffffff oops 2 3 com/sun/prism/d3d/D3DGraphics 10 com/sun/prism/d3d/D3DContext methods 0
ciMethodData com/sun/prism/impl/BaseGraphics drawTexture (Lcom/sun/prism/Texture;FFFFFFFF)V 2 5128 orig 80 0 0 0 0 0 0 0 0 0 0 0 0 24 2 0 0 0 0 0 0 0 0 0 0 0 0 0 0 0 0 0 0 0 0 0 0 0 0 0 0 0 0 0 0 0 0 0 0 0 0 0 0 0 0 0 0 0 0 0 0 0 0 0 0 0 0 0 0 0 0 0 0 0 0 0 0 0 0 0 0 data 128 0x40007 0x356 0x38 0x10b2 0xa0003 0x10b2 0x50 0xe0005 0x0 0x0 0x218672a6a98 0x356 0x0 0x0 0x140005 0x0 0x0 0x21867657c10 0x356 0x21867652238 0x10b2 0x200007 0x1408 0x70 0x0 0x350005 0x0 0x0 0x0 0x0 0x0 0x0 0x380003 0x0 0x50 0x450005 0x0 0x0 0x218610b0b58 0x1408 0x0 0x0 0x4c0007 0x356 0x20 0x10b2 0x700005 0x0 0x0 0x21867657c10 0x356 0x21867652238 0x10b2 0x790005 0x0 0x0 0x21867657c10 0x356 0x21867652238 0x10b2 0x820005 0x0 0x0 0x21867657c10 0x356 0x21867652238 0x10b2 0x8b0005 0x0 0x0 0x21867657c10 0x356 0x21867652238 0x10b2 0xbf0005 0x0 0x0 0x218610b0b58 0x1408 0x0 0x0 0xc80005 0x0 0x0 0x218610b0b58 0x1408 0x0 0x0 0xcb0007 0x1408 0x70 0x0 0xdf0005 0x0 0x0 0x0 0x0 0x0 0x0 0xe20003 0x0 0x50 0xf50005 0x1408 0x0 0x0 0x0 0x0 0x0 0x0 0x0 0x0 0x0 0x0 0x0 0x0 0x9 0xa 0x0 0x0 0x0 0x0 0x0 0x0 0x0 0x0 0x0 0x0 oops 14 10 com/sun/prism/d3d/D3DGraphics 17 com/sun/prism/d3d/D3DTexture 19 com/sun/prism/d3d/D3DRTTexture 38 com/sun/prism/d3d/D3DContext 49 com/sun/prism/d3d/D3DTexture 51 com/sun/prism/d3d/D3DRTTexture 56 com/sun/prism/d3d/D3DTexture 58 com/sun/prism/d3d/D3DRTTexture 63 com/sun/prism/d3d/D3DTexture 65 com/sun/prism/d3d/D3DRTTexture 70 com/sun/prism/d3d/D3DTexture 72 com/sun/prism/d3d/D3DRTTexture 77 com/sun/prism/d3d/D3DContext 84 com/sun/prism/d3d/D3DContext methods 0
ciMethodData com/sun/prism/d3d/D3DTexture update (Ljava/nio/Buffer;Lcom/sun/prism/PixelFormat;IIIIIIIZ)V 2 10286 orig 80 1 0 0 0 0 0 0 0 0 0 0 0 24 2 0 0 0 0 0 0 0 0 0 0 0 0 0 0 0 0 0 0 0 0 0 0 0 0 0 1 0 0 0 0 0 0 0 0 0 0 0 0 0 0 0 0 0 0 0 0 0 0 0 0 0 0 0 0 0 0 0 0 0 0 0 0 0 0 0 0 data 241 0x100005 0x0 0x0 0x21867657c10 0x282e 0x0 0x0 0x150007 0x2819 0x90 0x15 0x190005 0x0 0x0 0x21867657c10 0x15 0x0 0x0 0x1c0005 0x0 0x0 0x218610b0b58 0x15 0x0 0x0 0x200005 0x282e 0x0 0x0 0x0 0x0 0x0 0x260005 0x282e 0x0 0x0 0x0 0x0 0x0 0x2c0005 0x282e 0x0 0x0 0x0 0x0 0x0 0x320005 0x282e 0x0 0x0 0x0 0x0 0x0 0x380005 0x282e 0x0 0x0 0x0 0x0 0x0 0x3e0005 0x282e 0x0 0x0 0x0 0x0 0x0 0x590005 0x0 0x0 0x21867657c10 0x282e 0x0 0x0 0x600005 0x282e 0x0 0x0 0x0 0x0 0x0 0x630005 0x282e 0x0 0x0 0x0 0x0 0x0 0x8000000600670008 0xa 0x2826 0x430 0x9 0x60 0x0 0x78 0x0 0x248 0x0 0x260 0x840003 0x9 0x3d0 0x8b0007 0x0 0x58 0x0 0x940007 0x0 0x38 0x0 0x980003 0x0 0x18 0xa20007 0x0 0x58 0x0 0xac0007 0x0 0x38 0x0 0xb00003 0x0 0x18 0xb80007 0x0 0x58 0x0 0xd60005 0x0 0x0 0x0 0x0 0x0 0x0 0xdb0007 0x0 0x2b0 0x0 0xf80005 0x0 0x0 0x0 0x0 0x0 0x0 0xfd0007 0x0 0x258 0x0 0x11f0005 0x0 0x0 0x0 0x0 0x0 0x0 0x1220003 0x0 0x200 0x1250003 0x0 0x1e8 0x12c0007 0x0 0x58 0x0 0x1300007 0x0 0x38 0x0 0x1340003 0x0 0x18 0x13e0007 0x0 0x58 0x0 0x1430007 0x0 0x38 0x0 0x1470003 0x0 0x18 0x14f0007 0x0 0x58 0x0 0x1680005 0x0 0x0 0x0 0x0 0x0 0x0 0x16d0007 0x0 0xc8 0x0 0x1850005 0x0 0x0 0x0 0x0 0x0 0x0 0x18a0007 0x0 0x70 0x0 0x1a20005 0x0 0x0 0x0 0x0 0x0 0x0 0x1a50003 0x0 0x18 0x0 0x0 0x0 0x0 0x0 0x0 0x9 0xb 0x0 0x0 0x0 0x0 0x0 0x0 0x0 0x0 0x0 0x0 0x0 oops 4 3 com/sun/prism/d3d/D3DTexture 14 com/sun/prism/d3d/D3DTexture 21 com/sun/prism/d3d/D3DContext 70 com/sun/prism/d3d/D3DTexture methods 0
ciMethodData com/sun/prism/impl/BaseGraphics scale (FF)V 2 6144 orig 80 0 0 0 0 0 0 0 0 0 0 0 0 24 2 0 0 0 0 0 0 0 0 0 0 0 0 0 0 0 0 0 0 0 0 0 0 0 0 0 0 0 0 0 0 0 0 0 0 0 0 0 0 0 0 0 0 0 0 0 0 0 0 0 0 0 0 0 0 0 0 0 0 0 0 0 0 0 0 0 0 data 33 0x30007 0x1800 0x40 0x0 0x90007 0x0 0x90 0x0 0x140005 0x0 0x0 0x21861138950 0x1800 0x0 0x0 0x180005 0x1800 0x0 0x0 0x0 0x0 0x0 0x0 0x0 0x0 0x0 0x0 0x0 0x9 0x3 0x0 0x0 0x0 oops 1 11 com/sun/javafx/geom/transform/Affine3D methods 0
ciMethodData com/sun/prism/d3d/D3DSwapChain getContext ()Lcom/sun/prism/d3d/D3DContext; 2 18723 orig 80 0 0 0 0 0 0 0 0 0 0 0 0 24 2 0 0 0 0 0 0 0 0 0 0 0 0 0 0 0 0 0 0 0 0 0 0 0 0 0 0 0 0 0 0 0 0 0 0 0 0 0 0 0 0 0 0 0 0 0 0 0 0 0 0 0 0 0 0 0 0 0 0 0 0 0 0 0 0 0 0 data 16 0x40005 0x0 0x0 0x218678d4310 0x4923 0x0 0x0 0x0 0x0 0x0 0x0 0x0 0x0 0x9 0x1 0x0 oops 1 3 com/sun/prism/d3d/D3DResource$D3DRecord methods 0
ciMethodData com/sun/javafx/geom/transform/AffineBase scale (DD)V 2 10261 orig 80 1 0 0 0 0 0 0 0 0 0 0 0 24 2 0 0 0 0 0 0 0 0 0 0 0 0 0 0 0 0 0 0 0 0 0 0 0 0 0 1 0 0 0 0 0 0 0 0 0 0 0 0 0 0 0 0 0 0 0 0 0 0 0 0 0 0 0 0 0 0 0 0 0 0 0 0 0 0 0 0 data 97 0x8000000600080008 0x12 0x0 0xa0 0x2064 0x210 0x512 0x210 0x0 0x180 0xc0 0x180 0x0 0xb0 0x1e0 0xb0 0x0 0xb0 0x0 0xb0 0x380002 0x0 0x690007 0x1e0 0xd0 0x0 0x720007 0x0 0xb0 0x0 0x810007 0x0 0x90 0x0 0x8a0007 0x0 0x70 0x0 0x900007 0x0 0x38 0x0 0x940003 0x0 0x18 0x9b0003 0x0 0x18 0xca0007 0xc0 0x90 0x0 0xd30007 0x0 0x70 0x0 0xe40007 0x0 0x38 0x0 0xe80003 0x0 0x18 0xef0003 0x0 0x18 0x1050007 0x2576 0x40 0x0 0x10b0007 0x0 0x20 0x0 0x0 0x0 0x0 0x0 0x0 0x0 0x0 0x0 0x0 0x0 0x0 0x0 0x0 0x0 0x0 0x0 0x9 0x5 0x0 0x0 0x0 0x0 0x0 oops 0 methods 0
ciMethodData com/sun/glass/ui/View checkNotClosed ()V 2 22588 orig 80 0 0 0 0 0 0 0 0 0 0 0 0 24 2 0 0 0 0 0 0 0 0 0 0 0 0 0 0 0 0 0 0 0 0 0 0 0 0 0 0 0 0 0 0 0 0 0 0 0 0 0 0 0 0 0 0 0 0 0 0 0 0 0 0 0 0 0 0 0 0 0 0 0 0 0 0 0 0 0 0 data 13 0x60007 0x583c 0x30 0x0 0xf0002 0x0 0x0 0x0 0x0 0x0 0x9 0x1 0x0 oops 0 methods 0
ciMethodData com/sun/prism/d3d/D3DSwapChain getPhysicalWidth ()I 2 8273 orig 80 0 0 0 0 0 0 0 0 0 0 0 0 24 2 0 0 0 0 0 0 0 0 0 0 0 0 0 0 0 0 0 0 0 0 0 0 0 0 0 0 0 0 0 0 0 0 0 0 0 0 0 0 0 0 0 0 0 0 0 0 0 0 0 0 0 0 0 0 0 0 0 0 0 0 0 0 0 0 0 0 data 18 0x40005 0x0 0x0 0x218678d4310 0x2051 0x0 0x0 0x70002 0x2051 0x0 0x0 0x0 0x0 0x0 0x0 0x9 0x1 0x0 oops 1 3 com/sun/prism/d3d/D3DResource$D3DRecord methods 0
ciMethodData com/sun/prism/d3d/D3DSwapChain getPhysicalHeight ()I 2 8796 orig 80 0 0 0 0 0 0 0 0 0 0 0 0 24 2 0 0 0 0 0 0 0 0 0 0 0 0 0 0 0 0 0 0 0 0 0 0 0 0 0 0 0 0 0 0 0 0 0 0 0 0 0 0 0 0 0 0 0 0 0 0 0 0 0 0 0 0 0 0 0 0 0 0 0 0 0 0 0 0 0 0 data 18 0x40005 0x0 0x0 0x218678d4310 0x225c 0x0 0x0 0x70002 0x225c 0x0 0x0 0x0 0x0 0x0 0x0 0x9 0x1 0x0 oops 1 3 com/sun/prism/d3d/D3DResource$D3DRecord methods 0
ciMethodData com/sun/prism/d3d/D3DContext FAILED (I)Z 2 12678 orig 80 0 0 0 0 0 0 0 0 0 0 0 0 24 2 0 0 0 0 0 0 0 0 0 0 0 0 0 0 0 0 0 0 0 0 0 0 0 0 0 0 0 0 0 0 0 0 0 0 0 0 0 0 0 0 0 0 0 0 0 0 0 0 0 0 0 0 0 0 0 0 0 0 0 0 0 0 0 0 0 0 data 11 0x10007 0x3186 0x38 0x0 0x50003 0x0 0x18 0x0 0x9 0x1 0x0 oops 0 methods 0
ciMethodData com/sun/javafx/tk/quantum/GlassScene setPainting (Z)Z 2 16983 orig 80 0 0 0 0 0 0 0 0 0 0 0 0 24 2 0 0 0 0 0 0 0 0 0 0 0 0 0 0 0 0 0 0 0 0 0 0 0 0 0 0 0 0 0 0 0 0 0 0 0 0 0 0 0 0 0 0 0 0 0 0 0 0 0 0 0 0 0 0 0 0 0 0 0 0 0 0 0 0 0 0 data 17 0x50005 0x4257 0x0 0x0 0x0 0x0 0x0 0x0 0x0 0x0 0x0 0x0 0x0 0x9 0x2 0x0 0x0 oops 0 methods 0
ciMethodData com/sun/prism/d3d/D3DSwapChain getContentWidth ()I 2 6677 orig 80 0 0 0 0 0 0 0 0 0 0 0 0 24 2 0 0 0 0 0 0 0 0 0 0 0 0 0 0 0 0 0 0 0 0 0 0 0 0 0 0 0 0 0 0 0 0 0 0 0 0 0 0 0 0 0 0 0 0 0 0 0 0 0 0 0 0 0 0 0 0 0 0 0 0 0 0 0 0 0 0 data 16 0x10005 0x0 0x0 0x218613e8770 0x1a15 0x0 0x0 0x0 0x0 0x0 0x0 0x0 0x0 0x9 0x1 0x0 oops 1 3 com/sun/prism/d3d/D3DSwapChain methods 0
ciMethodData com/sun/prism/d3d/D3DSwapChain getContentHeight ()I 2 6677 orig 80 0 0 0 0 0 0 0 0 0 0 0 0 24 2 0 0 0 0 0 0 0 0 0 0 0 0 0 0 0 0 0 0 0 0 0 0 0 0 0 0 0 0 0 0 0 0 0 0 0 0 0 0 0 0 0 0 0 0 0 0 0 0 0 0 0 0 0 0 0 0 0 0 0 0 0 0 0 0 0 0 data 16 0x10005 0x0 0x0 0x218613e8770 0x1a15 0x0 0x0 0x0 0x0 0x0 0x0 0x0 0x0 0x9 0x1 0x0 oops 1 3 com/sun/prism/d3d/D3DSwapChain methods 0
ciMethodData com/sun/prism/d3d/D3DSwapChain isMSAA ()Z 2 6549 orig 80 0 0 0 0 0 0 0 0 0 0 0 0 24 2 0 0 0 0 0 0 0 0 0 0 0 0 0 0 0 0 0 0 0 0 0 0 0 0 0 0 0 0 0 0 0 0 0 0 0 0 0 0 0 0 0 0 0 0 0 0 0 0 0 0 0 0 0 0 0 0 0 0 0 0 0 0 0 0 0 0 data 23 0x40007 0x0 0x70 0x1995 0xb0005 0x0 0x0 0x21867652238 0x1995 0x0 0x0 0xe0003 0x1995 0x18 0x0 0x0 0x0 0x0 0x0 0x0 0x9 0x1 0x0 oops 1 7 com/sun/prism/d3d/D3DRTTexture methods 0
ciMethodData com/sun/prism/impl/BaseResourcePool freeDisposalRequestedAndCheckResources (Z)V 2 1025 orig 80 1 0 0 0 0 0 0 0 0 0 0 0 24 2 0 0 0 0 0 0 0 0 0 0 0 0 0 0 0 0 0 0 0 0 0 0 0 0 0 0 0 0 0 0 0 0 0 0 0 0 0 0 0 0 0 0 0 0 0 0 0 0 0 0 0 0 0 0 0 0 0 0 0 0 0 0 0 0 0 0 data 134 0xf0007 0x403 0x2d8 0x434c 0x140005 0x0 0x0 0x218671a4900 0x434c 0x0 0x0 0x1b0002 0x434d 0x1e0007 0x434b 0x70 0x2 0x270005 0x2 0x0 0x0 0x0 0x0 0x0 0x370003 0x2 0x200 0x3c0005 0x434b 0x0 0x0 0x0 0x0 0x0 0x3f0007 0x804 0x1b0 0x3b47 0x440005 0x3b47 0x0 0x0 0x0 0x0 0x0 0x470007 0x3b47 0x120 0x0 0x4c0005 0x0 0x0 0x0 0x0 0x0 0x0 0x4f0007 0x0 0xc8 0x0 0x530007 0x0 0x70 0x0 0x580005 0x0 0x0 0x0 0x0 0x0 0x0 0x5b0003 0x0 0x50 0x600005 0x0 0x0 0x0 0x0 0x0 0x0 0x6a0005 0x3b47 0x0 0x0 0x0 0x0 0x0 0x770003 0x434e 0xfffffffffffffd40 0x7d0007 0x0 0x40 0x403 0x810007 0x403 0xe8 0x0 0x850007 0x0 0x58 0x0 0x8d0005 0x0 0x0 0x0 0x0 0x0 0x0 0x920005 0x0 0x0 0x0 0x0 0x0 0x0 0x980005 0x0 0x0 0x0 0x0 0x0 0x0 0x0 0x0 0x0 0x0 0x0 0x0 0x9 0x2 0x0 0x0 oops 1 7 com/sun/prism/impl/BaseResourcePool$WeakLinkedList methods 0
ciMethodData com/sun/prism/impl/BaseResourcePool recordFree (J)V 1 47 orig 80 0 0 0 0 0 0 0 0 0 0 0 0 24 2 0 0 0 0 0 0 0 0 0 0 0 0 0 0 0 0 0 0 0 0 0 0 0 0 0 0 0 0 0 0 0 0 0 0 0 0 0 0 0 0 0 0 0 0 0 0 0 0 0 0 0 0 0 0 0 0 0 0 0 0 0 0 0 0 0 0 data 15 0x100007 0x2f 0x30 0x0 0x1a0002 0x0 0x0 0x0 0x0 0x0 0x9 0x3 0xc 0x0 0x0 oops 0 methods 0
ciMethodData com/sun/prism/d3d/D3DResourceFactory getTextureResourcePool ()Lcom/sun/prism/impl/TextureResourcePool; 2 11480 orig 80 0 0 0 0 0 0 0 0 0 0 0 0 24 2 0 0 0 0 0 0 0 0 0 0 0 0 0 0 0 0 0 0 0 0 0 0 0 0 0 0 0 0 0 0 0 0 0 0 0 0 0 0 0 0 0 0 0 0 0 0 0 0 0 0 0 0 0 0 0 0 0 0 0 0 0 0 0 0 0 0 data 5 0x0 0x0 0x9 0x1 0x0 oops 0 methods 0
ciMethodData com/sun/javafx/tk/quantum/SceneState isValid ()Z 2 5120 orig 80 0 0 0 0 0 0 0 0 0 0 0 0 24 2 0 0 0 0 0 0 0 0 0 0 0 0 0 0 0 0 0 0 0 0 0 0 0 0 0 0 0 0 0 0 0 0 0 0 0 0 0 0 0 0 0 0 0 0 0 0 0 0 0 0 0 0 0 0 0 0 0 0 0 0 0 0 0 0 0 0 data 67 0x10005 0x0 0x0 0x218613e84b0 0x1400 0x0 0x0 0x40007 0x0 0x198 0x1400 0x80005 0x0 0x0 0x218613e84b0 0x1400 0x0 0x0 0xb0007 0x0 0x140 0x1400 0xf0005 0x0 0x0 0x218613e84b0 0x1400 0x0 0x0 0x120007 0x0 0xe8 0x1400 0x160005 0x0 0x0 0x218613e84b0 0x1400 0x0 0x0 0x190007 0x0 0x90 0x1400 0x1d0005 0x0 0x0 0x218613e84b0 0x1400 0x0 0x0 0x200007 0x0 0x38 0x1400 0x240003 0x1400 0x18 0x0 0x0 0x0 0x0 0x0 0x0 0x9 0x1 0x0 oops 5 3 com/sun/javafx/tk/quantum/SceneState 14 com/sun/javafx/tk/quantum/SceneState 25 com/sun/javafx/tk/quantum/SceneState 36 com/sun/javafx/tk/quantum/SceneState 47 com/sun/javafx/tk/quantum/SceneState methods 0
ciMethodData com/sun/javafx/tk/quantum/ViewPainter validateStageGraphics ()Z 2 10246 orig 80 1 0 0 0 0 0 0 0 0 0 0 0 24 2 0 0 0 0 0 0 0 0 0 0 0 0 0 0 0 0 0 0 0 0 0 0 0 0 0 2 0 0 0 0 0 0 0 0 0 0 0 0 0 0 0 0 0 0 0 0 0 0 0 0 0 0 0 0 0 0 0 0 0 0 0 0 0 0 0 0 data 59 0x40005 0x0 0x0 0x218613e84b0 0x2806 0x0 0x0 0x70007 0x2806 0x20 0x0 0x120005 0x0 0x0 0x218613e84b0 0x2806 0x0 0x0 0x220005 0x0 0x0 0x218613e84b0 0x2806 0x0 0x0 0x300005 0x0 0x0 0x218613e84b0 0x2806 0x0 0x0 0x330007 0x0 0x90 0x2806 0x3a0005 0x0 0x0 0x218613e84b0 0x2806 0x0 0x0 0x80000006003d0007 0x1403 0x38 0x1405 0x410003 0x1405 0x18 0x0 0x0 0x0 0x0 0x0 0x0 0x9 0x1 0x0 oops 5 3 com/sun/javafx/tk/quantum/SceneState 14 com/sun/javafx/tk/quantum/SceneState 21 com/sun/javafx/tk/quantum/SceneState 28 com/sun/javafx/tk/quantum/SceneState 39 com/sun/javafx/tk/quantum/SceneState methods 0
ciMethodData com/sun/prism/d3d/D3DContext validatePresent (I)Z 2 6150 orig 80 0 0 0 0 0 0 0 0 0 0 0 0 24 2 0 0 0 0 0 0 0 0 0 0 0 0 0 0 0 0 0 0 0 0 0 0 0 0 0 0 0 0 0 0 0 0 0 0 0 0 0 0 0 0 0 0 0 0 0 0 0 0 0 0 0 0 0 0 0 0 0 0 0 0 0 0 0 0 0 0 data 39 0x30007 0x0 0x40 0x1806 0x90007 0x1806 0x70 0x0 0xd0005 0x0 0x0 0x0 0x0 0x0 0x0 0x100003 0x0 0x28 0x140002 0x1806 0x180002 0x1806 0x1b0007 0x0 0x38 0x1806 0x1f0003 0x1806 0x18 0x0 0x0 0x0 0x0 0x0 0x0 0x9 0x2 0x0 0x0 oops 0 methods 0
ciMethodData com/sun/prism/impl/Disposer cleanUp ()V 2 6151 orig 80 0 0 0 0 0 0 0 0 0 0 0 0 24 2 0 0 0 0 0 0 0 0 0 0 0 0 0 0 0 0 0 0 0 0 0 0 0 0 0 0 0 0 0 0 0 0 0 0 0 0 0 0 0 0 0 0 0 0 0 0 0 0 0 0 0 0 0 0 0 0 0 0 0 0 0 0 0 0 0 0 data 48 0x2 0x1807 0x30005 0x1807 0x0 0x0 0x0 0x0 0x0 0x80005 0x1807 0x0 0x0 0x0 0x0 0x0 0xb0007 0x1807 0x50 0x0 0xe000a 0x0 0x1 0x0 0x130002 0x0 0x1a0005 0x1807 0x0 0x0 0x0 0x0 0x0 0x200005 0x1807 0x0 0x0 0x0 0x0 0x0 0x0 0x0 0x0 0x0 0x0 0x0 0x9 0x0 oops 0 methods 0
ciMethodData com/sun/prism/impl/Disposer disposeUnreachables ()V 2 6150 orig 80 0 0 0 0 0 0 0 0 0 0 0 0 24 2 0 0 0 0 0 0 0 0 0 0 0 0 0 0 0 0 0 0 0 0 0 0 0 0 0 0 0 0 0 0 0 0 0 0 0 0 0 0 0 0 0 0 0 0 0 0 0 0 0 0 0 0 0 0 0 0 0 0 0 0 0 0 0 0 0 0 data 83 0x40005 0x0 0x0 0x2186762a4d0 0x1827 0x0 0x0 0x90007 0x1806 0x218 0x21 0xd0004 0x0 0x0 0x0 0x0 0x0 0x0 0x100005 0x0 0x0 0x21861019218 0x21 0x0 0x0 0x180005 0x0 0x0 0x218610197b8 0x21 0x0 0x0 0x1b0004 0x0 0x0 0x2186762ba88 0x20 0x2186762bb38 0x1 0x200005 0x0 0x0 0x2186762ba88 0x20 0x2186762bb38 0x1 0x290003 0x21 0xfffffffffffffe90 0x310002 0x0 0x34000a 0x0 0x3 0x0 0x0 0x21861018088 0x390005 0x0 0x0 0x0 0x0 0x0 0x0 0x3d0005 0x0 0x0 0x0 0x0 0x0 0x0 0x400003 0x0 0xfffffffffffffdc8 0x0 0x0 0x0 0x0 0x0 0x0 0x9 0x1 0xffffffffffffffff oops 8 3 java/lang/ref/ReferenceQueue 21 java/lang/ref/PhantomReference 28 java/util/Hashtable 35 com/sun/prism/d3d/D3DTextureData 37 com/sun/prism/impl/ps/CachingShapeRepState$CSRDisposerRecord 42 com/sun/prism/d3d/D3DTextureData 44 com/sun/prism/impl/ps/CachingShapeRepState$CSRDisposerRecord 56 java/lang/String methods 0
ciMethodData com/sun/prism/impl/Disposer processDisposalQueue ()V 2 6151 orig 80 0 0 0 0 0 0 0 0 0 0 0 0 24 2 0 0 0 0 0 0 0 0 0 0 0 0 0 0 0 0 0 0 0 0 0 0 0 0 0 0 0 0 0 0 0 0 0 0 0 0 0 0 0 0 0 0 0 0 0 0 0 0 0 0 0 0 0 0 0 0 0 0 0 0 0 0 0 0 0 0 data 44 0x40005 0x0 0x0 0x2186762cb08 0x1807 0x0 0x0 0x70007 0x1807 0xe0 0x0 0xe0005 0x0 0x0 0x0 0x0 0x0 0x0 0x110004 0x0 0x0 0x0 0x0 0x0 0x0 0x140005 0x0 0x0 0x0 0x0 0x0 0x0 0x190003 0x0 0xffffffffffffff00 0x0 0x0 0x0 0x0 0x0 0x0 0x9 0x1 0x0 oops 1 3 java/util/LinkedList methods 0
ciMethodData com/sun/prism/d3d/D3DSwapChain prepare (Lcom/sun/javafx/geom/Rectangle;)Z 2 6284 orig 80 0 0 0 0 0 0 0 0 0 0 0 0 24 2 0 0 0 0 0 0 0 0 0 0 0 0 0 0 0 0 0 0 0 0 0 0 0 0 0 0 0 0 0 0 0 0 0 0 0 0 0 0 0 0 0 0 0 0 0 0 0 0 0 0 0 0 0 0 0 0 0 0 0 0 0 0 0 0 0 0 data 121 0x10005 0x0 0x0 0x218613e8770 0x188c 0x0 0x0 0x60005 0x0 0x0 0x218610b0b58 0x188c 0x0 0x0 0xb0002 0x188c 0xe0004 0x0 0x0 0x218672a6a98 0x188c 0x0 0x0 0x130007 0x188c 0x20 0x0 0x1c0005 0x188c 0x0 0x0 0x0 0x0 0x0 0x250005 0x188c 0x0 0x0 0x0 0x0 0x0 0x2b0005 0x0 0x0 0x218613e8770 0x188c 0x0 0x0 0x310005 0x0 0x0 0x218613e8770 0x188c 0x0 0x0 0x370005 0x0 0x0 0x218613e8770 0x188c 0x0 0x0 0x3a0007 0x188c 0xa8 0x0 0x3e0005 0x0 0x0 0x0 0x0 0x0 0x0 0x530005 0x0 0x0 0x0 0x0 0x0 0x0 0x560003 0x0 0x88 0x5d0005 0x0 0x0 0x218672a6a98 0x188c 0x0 0x0 0x750005 0x0 0x0 0x218672a6a98 0x188c 0x0 0x0 0x790005 0x0 0x0 0x218610b0b58 0x188c 0x0 0x0 0x800005 0x188c 0x0 0x0 0x0 0x0 0x0 0x0 0x0 0x0 0x0 0x0 0x0 0x9 0x2 0x0 0x0 oops 9 3 com/sun/prism/d3d/D3DSwapChain 10 com/sun/prism/d3d/D3DContext 19 com/sun/prism/d3d/D3DGraphics 44 com/sun/prism/d3d/D3DSwapChain 51 com/sun/prism/d3d/D3DSwapChain 58 com/sun/prism/d3d/D3DSwapChain 86 com/sun/prism/d3d/D3DGraphics 93 com/sun/prism/d3d/D3DGraphics 100 com/sun/prism/d3d/D3DContext methods 0
ciMethodData com/sun/prism/d3d/D3DSwapChain present ()Z 2 6284 orig 80 0 0 0 0 0 0 0 0 0 0 0 0 24 2 0 0 0 0 0 0 0 0 0 0 0 0 0 0 0 0 0 0 0 0 0 0 0 0 0 0 0 0 0 0 0 0 0 0 0 0 0 0 0 0 0 0 0 0 0 0 0 0 0 0 0 0 0 0 0 0 0 0 0 0 0 0 0 0 0 0 data 50 0x10005 0x0 0x0 0x218613e8770 0x188c 0x0 0x0 0x60005 0x188c 0x0 0x0 0x0 0x0 0x0 0x90007 0x188c 0x20 0x0 0xf0005 0x0 0x0 0x218610b0b58 0x188c 0x0 0x0 0x160005 0x0 0x0 0x218678d4310 0x188c 0x0 0x0 0x190002 0x188c 0x1f0005 0x0 0x0 0x218610b0b58 0x188c 0x0 0x0 0x0 0x0 0x0 0x0 0x0 0x0 0x9 0x1 0x0 oops 4 3 com/sun/prism/d3d/D3DSwapChain 21 com/sun/prism/d3d/D3DContext 28 com/sun/prism/d3d/D3DResource$D3DRecord 37 com/sun/prism/d3d/D3DContext methods 0
ciMethodData com/sun/prism/PresentableState unlock ()V 2 6284 orig 80 0 0 0 0 0 0 0 0 0 0 0 0 24 2 0 0 0 0 0 0 0 0 0 0 0 0 0 0 0 0 0 0 0 0 0 0 0 0 0 0 0 0 0 0 0 0 0 0 0 0 0 0 0 0 0 0 0 0 0 0 0 0 0 0 0 0 0 0 0 0 0 0 0 0 0 0 0 0 0 0 data 20 0x40007 0x0 0x58 0x188c 0xb0005 0x0 0x0 0x2186b82d250 0x188c 0x0 0x0 0x0 0x0 0x0 0x0 0x0 0x0 0x9 0x1 0x0 oops 1 7 com/sun/glass/ui/win/WinView methods 0
ciMethodData com/sun/glass/ui/View unlock ()V 2 6305 orig 80 0 0 0 0 0 0 0 0 0 0 0 0 24 2 0 0 0 0 0 0 0 0 0 0 0 0 0 0 0 0 0 0 0 0 0 0 0 0 0 0 0 0 0 0 0 0 0 0 0 0 0 0 0 0 0 0 0 0 0 0 0 0 0 0 0 0 0 0 0 0 0 0 0 0 0 0 0 0 0 0 data 23 0x10005 0x18a1 0x0 0x0 0x0 0x0 0x0 0x90005 0x0 0x0 0x2186b82d250 0x18a1 0x0 0x0 0x0 0x0 0x0 0x0 0x0 0x0 0x9 0x1 0x0 oops 1 10 com/sun/glass/ui/win/WinView methods 0
ciMethodData com/sun/javafx/geom/transform/Affine3D scale (DD)V 2 5123 orig 80 0 0 0 0 0 0 0 0 0 0 0 0 24 2 0 0 0 0 0 0 0 0 0 0 0 0 0 0 0 0 0 0 0 0 0 0 0 0 0 0 0 0 0 0 0 0 0 0 0 0 0 0 0 0 0 0 0 0 0 0 0 0 0 0 0 0 0 0 0 0 0 0 0 0 0 0 0 0 0 0 data 29 0x70007 0x0 0x48 0x1403 0xd0002 0x1403 0x100003 0x1403 0x50 0x170005 0x0 0x0 0x0 0x0 0x0 0x0 0x0 0x0 0x0 0x0 0x0 0x0 0x9 0x5 0x0 0x0 0x0 0x0 0x0 oops 0 methods 0
ciMethodData com/sun/glass/ui/View lock ()V 2 6180 orig 80 0 0 0 0 0 0 0 0 0 0 0 0 24 2 0 0 0 0 0 0 0 0 0 0 0 0 0 0 0 0 0 0 0 0 0 0 0 0 0 0 0 0 0 0 0 0 0 0 0 0 0 0 0 0 0 0 0 0 0 0 0 0 0 0 0 0 0 0 0 0 0 0 0 0 0 0 0 0 0 0 data 23 0x10005 0x1824 0x0 0x0 0x0 0x0 0x0 0x90005 0x0 0x0 0x2186b82d250 0x1824 0x0 0x0 0x0 0x0 0x0 0x0 0x0 0x0 0x9 0x1 0x0 oops 1 10 com/sun/glass/ui/win/WinView methods 0
ciMethodData com/sun/prism/d3d/D3DResourceFactory isDeviceReady ()Z 2 6180 orig 80 0 0 0 0 0 0 0 0 0 0 0 0 24 2 0 0 0 0 0 0 0 0 0 0 0 0 0 0 0 0 0 0 0 0 0 0 0 0 0 0 0 0 0 0 0 0 0 0 0 0 0 0 0 0 0 0 0 0 0 0 0 0 0 0 0 0 0 0 0 0 0 0 0 0 0 0 0 0 0 0 data 34 0x10005 0x0 0x0 0x218613e8610 0x1824 0x0 0x0 0x40007 0x1824 0x20 0x0 0xa0005 0x1824 0x0 0x0 0x0 0x0 0x0 0x110005 0x0 0x0 0x218610b0b58 0x1824 0x0 0x0 0x0 0x0 0x0 0x0 0x0 0x0 0x9 0x1 0x0 oops 2 3 com/sun/prism/d3d/D3DResourceFactory 21 com/sun/prism/d3d/D3DContext methods 0
ciMethodData com/sun/prism/d3d/D3DResourceFactory displayPrismStatistics ()V 2 6144 orig 80 0 0 0 0 0 0 0 0 0 0 0 0 24 2 0 0 0 0 0 0 0 0 0 0 0 0 0 0 0 0 0 0 0 0 0 0 0 0 0 0 0 0 0 0 0 0 0 0 0 0 0 0 0 0 0 0 0 0 0 0 0 0 0 0 0 0 0 0 0 0 0 0 0 0 0 0 0 0 0 0 data 42 0x30007 0x1800 0x108 0x0 0x140007 0x0 0xe8 0x0 0x260005 0x0 0x0 0x0 0x0 0x0 0x0 0x300007 0x0 0x90 0x0 0x3d0005 0x0 0x0 0x0 0x0 0x0 0x0 0x400005 0x0 0x0 0x0 0x0 0x0 0x0 0x0 0x0 0x0 0x0 0x0 0x0 0x9 0x1 0x0 oops 0 methods 0
ciMethodData com/sun/prism/d3d/D3DContext testLostStateAndReset ()Z 2 6144 orig 80 0 0 0 0 0 0 0 0 0 0 0 0 24 2 0 0 0 0 0 0 0 0 0 0 0 0 0 0 0 0 0 0 0 0 0 0 0 0 0 0 0 0 0 0 0 0 0 0 0 0 0 0 0 0 0 0 0 0 0 0 0 0 0 0 0 0 0 0 0 0 0 0 0 0 0 0 0 0 0 0 data 232 0x10005 0x1800 0x0 0x0 0x0 0x0 0x0 0x40007 0x1800 0x20 0x0 0xd0002 0x1800 0x140007 0x1800 0x378 0x0 0x180002 0x0 0x1b0007 0x0 0x348 0x0 0x230005 0x0 0x0 0x0 0x0 0x0 0x0 0x270008 0xe 0x0 0x260 0x0 0x210 0x0 0xd0 0x0 0x170 0x0 0x120 0x0 0x1c0 0x0 0x80 0x650005 0x0 0x0 0x0 0x0 0x0 0x0 0x680003 0x0 0x238 0x700005 0x0 0x0 0x0 0x0 0x0 0x0 0x730003 0x0 0x1e8 0x7b0005 0x0 0x0 0x0 0x0 0x0 0x0 0x7e0003 0x0 0x198 0x860005 0x0 0x0 0x0 0x0 0x0 0x0 0x890003 0x0 0x148 0x910005 0x0 0x0 0x0 0x0 0x0 0x0 0x940003 0x0 0xf8 0x9c0005 0x0 0x0 0x0 0x0 0x0 0x0 0x9f0003 0x0 0xa8 0xae0002 0x0 0xb10004 0x0 0x0 0x0 0x0 0x0 0x0 0xb20002 0x0 0xb50005 0x0 0x0 0x0 0x0 0x0 0x0 0xbb0007 0x1800 0x58 0x0 0xbf0005 0x0 0x0 0x0 0x0 0x0 0x0 0xc50007 0x1800 0x188 0x0 0xc90005 0x0 0x0 0x0 0x0 0x0 0x0 0xce0005 0x0 0x0 0x0 0x0 0x0 0x0 0xd20005 0x0 0x0 0x0 0x0 0x0 0x0 0xd90005 0x0 0x0 0x0 0x0 0x0 0x0 0xe00002 0x0 0xe50007 0x0 0x78 0x0 0xee0005 0x0 0x0 0x0 0x0 0x0 0x0 0xf20007 0x0 0x20 0x0 0xfa0007 0x0 0x40 0x1800 0x1000007 0x1800 0xa0 0x0 0x1040005 0x0 0x0 0x0 0x0 0x0 0x0 0x1070002 0x0 0x10a0005 0x0 0x0 0x0 0x0 0x0 0x0 0x10e0002 0x1800 0x1110007 0x0 0x38 0x1800 0x1150003 0x1800 0x18 0x0 0x0 0x0 0x0 0x0 0x0 0x0 0x0 0x0 0x0 0x0 0x0 0x9 0x1 0x0 oops 0 methods 0
ciMethodData com/sun/javafx/tk/quantum/PresentingPainter run ()V 2 11264 orig 80 1 0 0 0 0 0 0 0 0 0 0 0 24 2 0 0 0 0 0 0 0 0 0 0 0 0 0 0 0 0 0 0 0 0 0 0 0 0 0 0 0 0 0 0 0 0 0 0 0 0 0 0 0 0 0 0 0 0 0 0 0 0 0 0 0 0 0 0 0 0 0 0 0 0 0 0 0 0 0 0 data 635 0x30005 0x0 0x0 0x218613e8400 0x2c00 0x0 0x0 0xd0005 0x0 0x0 0x218613e6db0 0x2c00 0x0 0x0 0x120007 0x180c 0x288 0x13f5 0x180007 0x13f5 0x58 0x0 0x200005 0x0 0x0 0x0 0x0 0x0 0x0 0x250005 0x0 0x0 0x218613e6db0 0x13f5 0x0 0x0 0x280002 0x13f5 0x2c0007 0x13f5 0x58 0x0 0x330005 0x0 0x0 0x0 0x0 0x0 0x0 0x3a0005 0x0 0x0 0x218613e84b0 0x13f5 0x0 0x0 0x3d0004 0x0 0x0 0x218613e8560 0x13f5 0x0 0x0 0x450005 0x0 0x0 0x218613e8560 0x13f5 0x0 0x0 0x4d0007 0x0 0x90 0x13f5 0x540005 0x0 0x0 0x218613e8610 0x13f5 0x0 0x0 0x5a0005 0x0 0x0 0x218613e86c0 0x13f5 0x0 0x0 0x620005 0x0 0x0 0x218613e8400 0x13f5 0x0 0x0 0x6a0005 0x0 0x0 0x218613e84b0 0x180c 0x0 0x0 0x730007 0x180c 0x30 0x0 0x770002 0x0 0x810007 0x0 0x78 0x180c 0x880005 0x0 0x0 0x218613e8610 0x180c 0x0 0x0 0x8d0007 0x180c 0x268 0x0 0x940005 0x0 0x0 0x0 0x0 0x0 0x0 0x970005 0x0 0x0 0x0 0x0 0x0 0x0 0x9f0002 0x0 0xa30007 0x0 0x58 0x0 0xaa0005 0x0 0x0 0x0 0x0 0x0 0x0 0xb10005 0x0 0x0 0x0 0x0 0x0 0x0 0xb40004 0x0 0x0 0x0 0x0 0x0 0x0 0xbc0005 0x0 0x0 0x0 0x0 0x0 0x0 0xc40007 0x0 0x90 0x0 0xcb0005 0x0 0x0 0x0 0x0 0x0 0x0 0xd10005 0x0 0x0 0x0 0x0 0x0 0x0 0xd90005 0x0 0x0 0x0 0x0 0x0 0x0 0xe10007 0x0 0xb0 0x180c 0xec0005 0x0 0x0 0x218613e8770 0x180c 0x0 0x0 0xf10007 0x180c 0x58 0x0 0xf50005 0x0 0x0 0x0 0x0 0x0 0x0 0xfc0007 0x180c 0x58 0x0 0x1080005 0x0 0x0 0x0 0x0 0x0 0x0 0x1290007 0x0 0x580 0x180c 0x1300005 0x0 0x0 0x218613e8770 0x180c 0x0 0x0 0x13b0005 0x0 0x0 0x218613e84b0 0x180c 0x0 0x0 0x13e0004 0x0 0x0 0x218613e8560 0x180c 0x0 0x0 0x1450007 0x0 0x58 0x180c 0x14b0005 0x0 0x0 0x218613e6db0 0x180c 0x0 0x0 0x1560007 0x180c 0x30 0x0 0x15b0002 0x0 0x1630005 0x0 0x0 0x218613e8770 0x180c 0x0 0x0 0x1680007 0x180c 0x2a0 0x0 0x16c0005 0x0 0x0 0x0 0x0 0x0 0x0 0x1730005 0x0 0x0 0x0 0x0 0x0 0x0 0x1760005 0x0 0x0 0x0 0x0 0x0 0x0 0x1790002 0x0 0x17d0007 0x0 0x58 0x0 0x1840005 0x0 0x0 0x0 0x0 0x0 0x0 0x18b0005 0x0 0x0 0x0 0x0 0x0 0x0 0x18e0004 0x0 0x0 0x0 0x0 0x0 0x0 0x1960005 0x0 0x0 0x0 0x0 0x0 0x0 0x19e0007 0x0 0x90 0x0 0x1a50005 0x0 0x0 0x0 0x0 0x0 0x0 0x1ab0005 0x0 0x0 0x0 0x0 0x0 0x0 0x1b30005 0x0 0x0 0x0 0x0 0x0 0x0 0x1b90005 0x180c 0x0 0x0 0x0 0x0 0x0 0x1bc0007 0x0 0x120 0x180c 0x1c30005 0x0 0x0 0x218613e8770 0x180c 0x0 0x0 0x1c80007 0x180c 0xc8 0x0 0x1cc0005 0x0 0x0 0x0 0x0 0x0 0x0 0x1d30005 0x0 0x0 0x0 0x0 0x0 0x0 0x1d60005 0x0 0x0 0x0 0x0 0x0 0x0 0x1d90002 0x180c 0x1dd0007 0x0 0x58 0x180c 0x1e40005 0x0 0x0 0x218613e84b0 0x180c 0x0 0x0 0x1eb0005 0x0 0x0 0x218613e84b0 0x180c 0x0 0x0 0x1ee0004 0x0 0x0 0x218613e8560 0x180c 0x0 0x0 0x1f60005 0x0 0x0 0x218613e8560 0x180c 0x0 0x0 0x1fe0007 0x0 0x90 0x180c 0x2050005 0x0 0x0 0x218613e8610 0x180c 0x0 0x0 0x20b0005 0x0 0x0 0x218613e86c0 0x180c 0x0 0x0 0x2130005 0x0 0x0 0x218613e8400 0x180c 0x0 0x0 0x2160003 0x180c 0x418 0x2220005 0x0 0x0 0x0 0x0 0x0 0x0 0x2250002 0x0 0x2290007 0x0 0x58 0x0 0x2300005 0x0 0x0 0x0 0x0 0x0 0x0 0x2370005 0x0 0x0 0x0 0x0 0x0 0x0 0x23a0004 0x0 0x0 0x0 0x0 0x0 0x0 0x2420005 0x0 0x0 0x0 0x0 0x0 0x0 0x24a0007 0x0 0x90 0x0 0x2510005 0x0 0x0 0x0 0x0 0x0 0x0 0x2570005 0x0 0x0 0x0 0x0 0x0 0x0 0x25f0005 0x0 0x0 0x0 0x0 0x0 0x0 0x2620003 0x0 0x1f0 0x2670002 0x0 0x26b0007 0x0 0x58 0x0 0x2720005 0x0 0x0 0x0 0x0 0x0 0x0 0x2790005 0x0 0x0 0x0 0x0 0x0 0x0 0x27c0004 0x0 0x0 0x0 0x0 0x0 0x0 0x2840005 0x0 0x0 0x0 0x0 0x0 0x0 0x28c0007 0x0 0x90 0x0 0x2930005 0x0 0x0 0x0 0x0 0x0 0x0 0x2990005 0x0 0x0 0x0 0x0 0x0 0x0 0x2a10005 0x0 0x0 0x0 0x0 0x0 0x0 0x0 0x0 0x0 0x0 0x0 0x0 0x0 0x0 0x0 0x0 0x0 0x0 0x0 0x0 0x0 0x0 0x0 0x0 0x0 0x0 0x0 0x0 0x0 0x0 0x0 0x0 0x0 0x0 0x0 0x0 0x0 0x0 0x0 0x0 0x0 0x0 0x0 0x9 0x1 0x0 oops 25 3 java/util/concurrent/locks/ReentrantLock 10 com/sun/javafx/tk/quantum/PresentingPainter 32 com/sun/javafx/tk/quantum/PresentingPainter 52 com/sun/javafx/tk/quantum/SceneState 59 com/sun/javafx/tk/quantum/ViewScene 66 com/sun/javafx/tk/quantum/ViewScene 77 com/sun/prism/d3d/D3DResourceFactory 84 com/sun/prism/d3d/D3DVramPool 91 java/util/concurrent/locks/ReentrantLock 98 com/sun/javafx/tk/quantum/SceneState 115 com/sun/prism/d3d/D3DResourceFactory 203 com/sun/prism/d3d/D3DSwapChain 236 com/sun/prism/d3d/D3DSwapChain 243 com/sun/javafx/tk/quantum/SceneState 250 com/sun/javafx/tk/quantum/ViewScene 261 com/sun/javafx/tk/quantum/PresentingPainter 274 com/sun/prism/d3d/D3DSwapChain 376 com/sun/prism/d3d/D3DSwapChain 414 com/sun/javafx/tk/quantum/SceneState 421 com/sun/javafx/tk/quantum/SceneState 428 com/sun/javafx/tk/quantum/ViewScene 435 com/sun/javafx/tk/quantum/ViewScene 446 com/sun/prism/d3d/D3DResourceFactory 453 com/sun/prism/d3d/D3DVramPool 460 java/util/concurrent/locks/ReentrantLock methods 0
ciMethodData com/sun/javafx/tk/quantum/ViewPainter paintImpl (Lcom/sun/prism/Graphics;)V 2 10263 orig 80 1 0 0 0 0 0 0 0 0 0 0 0 24 2 0 0 0 0 0 0 0 0 0 0 0 0 0 0 0 0 0 0 0 0 0 0 0 0 0 1 0 0 0 0 0 0 0 0 0 0 0 0 0 0 0 0 0 0 0 0 0 0 0 0 0 0 0 0 0 0 0 0 0 0 0 0 0 0 0 0 data 1010 0x40007 0x0 0x60 0x2817 0xb0007 0x0 0x40 0x2817 0x80000006000f0007 0x1406 0x58 0x1412 0x170005 0x0 0x0 0x218672a6938 0x1412 0x0 0x0 0x1e0005 0x0 0x0 0x218613e6db0 0x13f7 0x218672a69e8 0xf 0x230005 0x0 0x0 0x218613e6db0 0x13f7 0x218672a69e8 0xf 0x2c0005 0x0 0x0 0x218672a6a98 0x1406 0x0 0x0 0x350007 0x0 0x180 0x1406 0x3c0007 0x3 0x160 0x1403 0x430005 0x0 0x0 0x218613e84b0 0x1403 0x0 0x0 0x460005 0x0 0x0 0x218613e8560 0x1403 0x0 0x0 0x490007 0x0 0xd0 0x1403 0x500005 0x0 0x0 0x218613e84b0 0x1403 0x0 0x0 0x530005 0x0 0x0 0x218613e8560 0x1403 0x0 0x0 0x560007 0x0 0x40 0x1403 0x5c0007 0x1403 0x38 0x0 0x600003 0x3 0x18 0x690007 0x0 0x40 0x1406 0x6f0007 0x1406 0x38 0x0 0x730003 0x0 0x18 0x7b0007 0x1406 0x428 0x0 0x820005 0x0 0x0 0x0 0x0 0x0 0x0 0x850005 0x0 0x0 0x0 0x0 0x0 0x0 0x880007 0x0 0x398 0x0 0x930002 0x0 0xa20002 0x0 0xac0007 0x0 0x1d0 0x0 0xb30005 0x0 0x0 0x0 0x0 0x0 0x0 0xbc0005 0x0 0x0 0x0 0x0 0x0 0x0 0xc10007 0x0 0xd0 0x0 0xca0005 0x0 0x0 0x0 0x0 0x0 0x0 0xcf0007 0x0 0x78 0x0 0xd80005 0x0 0x0 0x0 0x0 0x0 0x0 0xdd0007 0x0 0x90 0x0 0xe40005 0x0 0x0 0x0 0x0 0x0 0x0 0xed0005 0x0 0x0 0x0 0x0 0x0 0x0 0xfb0007 0x0 0x90 0x0 0x1000005 0x0 0x0 0x0 0x0 0x0 0x0 0x10d0005 0x0 0x0 0x0 0x0 0x0 0x0 0x11c0005 0x0 0x0 0x0 0x0 0x0 0x0 0x1250005 0x0 0x0 0x0 0x0 0x0 0x0 0x12f0005 0x0 0x0 0x0 0x0 0x0 0x0 0x1380005 0x0 0x0 0x0 0x0 0x0 0x0 0x13d0003 0x0 0x70 0x1440007 0x1406 0x58 0x0 0x14b0005 0x0 0x0 0x0 0x0 0x0 0x0 0x15a0007 0x3 0x2a0 0x1403 0x1600007 0x1403 0x30 0x0 0x1650002 0x0 0x1780005 0x1403 0x0 0x0 0x0 0x0 0x0 0x17f0005 0x1403 0x0 0x0 0x0 0x0 0x0 0x1870005 0x1403 0x0 0x0 0x0 0x0 0x0 0x18e0005 0x0 0x0 0x21861138950 0x1403 0x0 0x0 0x1950005 0x1403 0x0 0x0 0x0 0x0 0x0 0x19e0005 0x0 0x0 0x218613e84b0 0x1403 0x0 0x0 0x1a10005 0x1403 0x0 0x0 0x0 0x0 0x0 0x1c00005 0x0 0x0 0x218672a6938 0x1403 0x0 0x0 0x1c90005 0x1403 0x0 0x0 0x0 0x0 0x0 0x1cf0007 0x13f7 0x58 0xc 0x1e20005 0xc 0x0 0x0 0x0 0x0 0x0 0x1e80007 0x13fa 0x70 0xc 0x1ef0005 0xc 0x0 0x0 0x0 0x0 0x0 0x1f20003 0xc 0x18 0x1fa0007 0x13fd 0x928 0x9 0x1ff0005 0x0 0x0 0x218672a6a98 0x9 0x0 0x0 0x2070007 0x9 0x30 0x0 0x20d0002 0x0 0x2170007 0x9 0x100 0x9 0x21c0002 0x9 0x2230005 0x0 0x0 0x2186730e298 0x9 0x0 0x0 0x22c0002 0x9 0x2350005 0x9 0x0 0x0 0x0 0x0 0x0 0x2420005 0x9 0x0 0x0 0x0 0x0 0x0 0x2480003 0x9 0xffffffffffffff18 0x24e0007 0x9 0x170 0x0 0x253000a 0x0 0x1 0x0 0x2580002 0x0 0x2620007 0x0 0x120 0x0 0x26d0005 0x0 0x0 0x0 0x0 0x0 0x0 0x2700002 0x0 0x273000a 0x0 0x3 0x1 0x0 0x0 0x2780002 0x0 0x27f0002 0x0 0x2820002 0x0 0x285000a 0x0 0x3 0x1 0x0 0x0 0x28a0002 0x0 0x2900003 0x0 0xfffffffffffffef8 0x2960007 0x9 0x2d8 0x0 0x29c0007 0x0 0x2b8 0x0 0x2a30002 0x0 0x2ac0002 0x0 0x2b80007 0x0 0x1f8 0x0 0x2c10005 0x0 0x0 0x0 0x0 0x0 0x0 0x2c80005 0x0 0x0 0x0 0x0 0x0 0x0 0x2cd0007 0x0 0x150 0x0 0x2d20005 0x0 0x0 0x0 0x0 0x0 0x0 0x2d70007 0x0 0xf8 0x0 0x2dc0002 0x0 0x2e30005 0x0 0x0 0x0 0x0 0x0 0x0 0x2e60007 0x0 0x90 0x0 0x2ed0005 0x0 0x0 0x0 0x0 0x0 0x0 0x2f00005 0x0 0x0 0x0 0x0 0x0 0x0 0x2f90003 0x0 0xfffffffffffffe20 0x3040005 0x0 0x0 0x0 0x0 0x0 0x0 0x3090005 0x0 0x0 0x0 0x0 0x0 0x0 0x30c0002 0x0 0x3160007 0x9 0x340 0x9 0x31f0005 0x9 0x0 0x0 0x0 0x0 0x0 0x3260005 0x9 0x0 0x0 0x0 0x0 0x0 0x32b0007 0x0 0x298 0x9 0x3300005 0x9 0x0 0x0 0x0 0x0 0x0 0x3350007 0x0 0x240 0x9 0x33e0005 0x9 0x0 0x0 0x0 0x0 0x0 0x3440002 0x9 0x3540005 0x9 0x0 0x0 0x0 0x0 0x0 0x35b0002 0x9 0x36b0005 0x9 0x0 0x0 0x0 0x0 0x0 0x3710002 0x9 0x3810005 0x9 0x0 0x0 0x0 0x0 0x0 0x3880002 0x9 0x3970005 0x0 0x0 0x218672a6a98 0x9 0x0 0x0 0x39f0005 0x0 0x0 0x218672a6a98 0x9 0x0 0x0 0x3a80002 0x9 0x3ab0005 0x9 0x0 0x0 0x0 0x0 0x0 0x3b00002 0x9 0x3b30005 0x0 0x0 0x2186730e298 0x9 0x0 0x0 0x3b90003 0x9 0xfffffffffffffcd8 0x3bc0003 0x9 0xc0 0x3c10005 0x0 0x0 0x218672a6a98 0x13fd 0x0 0x0 0x3c80005 0x0 0x0 0x218672a6a98 0x13fd 0x0 0x0 0x3d00005 0x13fd 0x0 0x0 0x0 0x0 0x0 0x3d80005 0x0 0x0 0x218672a6938 0x1406 0x0 0x0 0x3df0007 0x1406 0x58 0x0 0x3e70005 0x0 0x0 0x0 0x0 0x0 0x0 0x3ec0007 0x1406 0x860 0x0 0x3f30007 0x0 0x250 0x0 0x3f70005 0x0 0x0 0x0 0x0 0x0 0x0 0x3fd0005 0x0 0x0 0x0 0x0 0x0 0x0 0x4170005 0x0 0x0 0x0 0x0 0x0 0x0 0x4210005 0x0 0x0 0x0 0x0 0x0 0x0 0x42b0005 0x0 0x0 0x0 0x0 0x0 0x0 0x4340005 0x0 0x0 0x0 0x0 0x0 0x0 0x43f0005 0x0 0x0 0x0 0x0 0x0 0x0 0x4480005 0x0 0x0 0x0 0x0 0x0 0x0 0x44f0005 0x0 0x0 0x0 0x0 0x0 0x0 0x4580005 0x0 0x0 0x0 0x0 0x0 0x0 0x4600007 0x0 0x330 0x0 0x4650007 0x0 0x1a8 0x0 0x46f0007 0x0 0x170 0x0 0x47c0005 0x0 0x0 0x0 0x0 0x0 0x0 0x47f0002 0x0 0x4870005 0x0 0x0 0x0 0x0 0x0 0x0 0x4900005 0x0 0x0 0x0 0x0 0x0 0x0 0x49e0002 0x0 0x4a10005 0x0 0x0 0x0 0x0 0x0 0x0 0x4bf0005 0x0 0x0 0x0 0x0 0x0 0x0 0x4c70003 0x0 0xfffffffffffffea8 0x4ca0003 0x0 0x408 0x4db0002 0x0 0x4e30007 0x0 0x88 0x0 0x4e70005 0x0 0x0 0x0 0x0 0x0 0x0 0x4ec0007 0x0 0x30 0x0 0x4f30002 0x0 0x4fb0005 0x0 0x0 0x0 0x0 0x0 0x0 0x5090002 0x0 0x50c0005 0x0 0x0 0x0 0x0 0x0 0x0 0x52a0005 0x0 0x0 0x0 0x0 0x0 0x0 0x52f0003 0x0 0x2a0 0x5340007 0x0 0x208 0x0 0x5420002 0x0 0x5450005 0x0 0x0 0x0 0x0 0x0 0x0 0x5510007 0x0 0x188 0x0 0x55a0005 0x0 0x0 0x0 0x0 0x0 0x0 0x5620005 0x0 0x0 0x0 0x0 0x0 0x0 0x5670005 0x0 0x0 0x0 0x0 0x0 0x0 0x56c0005 0x0 0x0 0x0 0x0 0x0 0x0 0x5710005 0x0 0x0 0x0 0x0 0x0 0x0 0x5740005 0x0 0x0 0x0 0x0 0x0 0x0 0x57c0003 0x0 0xfffffffffffffe90 0x57f0003 0x0 0x98 0x58d0002 0x0 0x5900005 0x0 0x0 0x0 0x0 0x0 0x0 0x5a20005 0x0 0x0 0x0 0x0 0x0 0x0 0x5ab0005 0x0 0x0 0x0 0x0 0x0 0x0 0x0 0x0 0x0 0x0 0x0 0x0 0x0 0x0 0x0 0x0 0x0 0x0 0x0 0x0 0x0 0x0 0x0 0x0 0x0 0x0 0x0 0x0 0x0 0x0 0x0 0x0 0x0 0x0 0x0 0x0 0x0 0x0 0x0 0x0 0x0 0x0 0x0 0x0 0x0 0x0 0x0 0x0 0x0 0x0 0x0 0x0 0x0 0x0 0x0 0x0 0x0 0x0 0x0 0x0 0x0 0x0 0x0 0x0 0x0 0x0 0x0 0x0 0x9 0x2 0x0 0x0 oops 21 15 com/sun/javafx/sg/prism/NGRegion 22 com/sun/javafx/tk/quantum/PresentingPainter 24 com/sun/javafx/tk/quantum/UploadingPainter 29 com/sun/javafx/tk/quantum/PresentingPainter 31 com/sun/javafx/tk/quantum/UploadingPainter 36 com/sun/prism/d3d/D3DGraphics 51 com/sun/javafx/tk/quantum/SceneState 58 com/sun/javafx/tk/quantum/ViewScene 69 com/sun/javafx/tk/quantum/SceneState 76 com/sun/javafx/tk/quantum/ViewScene 280 com/sun/javafx/geom/transform/Affine3D 294 com/sun/javafx/tk/quantum/SceneState 308 com/sun/javafx/sg/prism/NGRegion 351 com/sun/prism/d3d/D3DGraphics 370 com/sun/javafx/sg/prism/NodePath 602 com/sun/prism/d3d/D3DGraphics 609 com/sun/prism/d3d/D3DGraphics 627 com/sun/javafx/sg/prism/NodePath 640 com/sun/prism/d3d/D3DGraphics 647 com/sun/prism/d3d/D3DGraphics 661 com/sun/javafx/sg/prism/NGRegion methods 0
ciMethodData com/sun/prism/PresentableState lock ()V 2 6156 orig 80 0 0 0 0 0 0 0 0 0 0 0 0 24 2 0 0 0 0 0 0 0 0 0 0 0 0 0 0 0 0 0 0 0 0 0 0 0 0 0 0 0 0 0 0 0 0 0 0 0 0 0 0 0 0 0 0 0 0 0 0 0 0 0 0 0 0 0 0 0 0 0 0 0 0 0 0 0 0 0 0 data 27 0x40007 0x0 0x90 0x180c 0xb0005 0x0 0x0 0x2186b82d250 0x180c 0x0 0x0 0x130005 0x0 0x0 0x2186b82d250 0x180c 0x0 0x0 0x0 0x0 0x0 0x0 0x0 0x0 0x9 0x1 0x0 oops 2 7 com/sun/glass/ui/win/WinView 14 com/sun/glass/ui/win/WinView methods 0
ciMethodData com/sun/glass/ui/View getNativeFrameBuffer ()I 2 6156 orig 80 0 0 0 0 0 0 0 0 0 0 0 0 24 2 0 0 0 0 0 0 0 0 0 0 0 0 0 0 0 0 0 0 0 0 0 0 0 0 0 0 0 0 0 0 0 0 0 0 0 0 0 0 0 0 0 0 0 0 0 0 0 0 0 0 0 0 0 0 0 0 0 0 0 0 0 0 0 0 0 0 data 16 0x50005 0x180b 0x0 0x2186b82d250 0x1 0x0 0x0 0x0 0x0 0x0 0x0 0x0 0x0 0x9 0x1 0x0 oops 1 3 com/sun/glass/ui/win/WinView methods 0
ciMethodData com/sun/glass/ui/win/WinView _getNativeFrameBuffer (J)I 2 6155 orig 80 0 0 0 0 0 0 0 0 0 0 0 0 24 2 0 0 0 0 0 0 0 0 0 0 0 0 0 0 0 0 0 0 0 0 0 0 0 0 0 0 0 0 0 0 0 0 0 0 0 0 0 0 0 0 0 0 0 0 0 0 0 0 0 0 0 0 0 0 0 0 0 0 0 0 0 0 0 0 0 0 data 6 0x0 0x9 0x3 0x0 0x0 0x0 oops 0 methods 0
ciMethodData com/sun/prism/d3d/D3DSwapChain lockResources (Lcom/sun/prism/PresentableState;)Z 2 6156 orig 80 0 0 0 0 0 0 0 0 0 0 0 0 24 2 0 0 0 0 0 0 0 0 0 0 0 0 0 0 0 0 0 0 0 0 0 0 0 0 0 0 0 0 0 0 0 0 0 0 0 0 0 0 0 0 0 0 0 0 0 0 0 0 0 0 0 0 0 0 0 0 0 0 0 0 0 0 0 0 0 0 data 82 0x10005 0x0 0x0 0x218613e84b0 0x180c 0x0 0x0 0x80005 0x180c 0x0 0x0 0x0 0x0 0x0 0xb0007 0x0 0x160 0x180c 0xf0005 0x0 0x0 0x218613e84b0 0x180c 0x0 0x0 0x160005 0x180c 0x0 0x0 0x0 0x0 0x0 0x190007 0x0 0xd0 0x180c 0x1d0005 0x0 0x0 0x218613e84b0 0x180c 0x0 0x0 0x250007 0x0 0x78 0x180c 0x290005 0x0 0x0 0x218613e84b0 0x180c 0x0 0x0 0x310007 0x180c 0x20 0x0 0x3a0005 0x180c 0x0 0x0 0x0 0x0 0x0 0x410005 0x180c 0x0 0x0 0x0 0x0 0x0 0x0 0x0 0x0 0x0 0x0 0x0 0x9 0x2 0x0 0x0 oops 4 3 com/sun/javafx/tk/quantum/SceneState 21 com/sun/javafx/tk/quantum/SceneState 39 com/sun/javafx/tk/quantum/SceneState 50 com/sun/javafx/tk/quantum/SceneState methods 0
ciMethodData com/sun/prism/d3d/D3DSwapChain createGraphics ()Lcom/sun/prism/Graphics; 2 6156 orig 80 0 0 0 0 0 0 0 0 0 0 0 0 24 2 0 0 0 0 0 0 0 0 0 0 0 0 0 0 0 0 0 0 0 0 0 0 0 0 0 0 0 0 0 0 0 0 0 0 0 0 0 0 0 0 0 0 0 0 0 0 0 0 0 0 0 0 0 0 0 0 0 0 0 0 0 0 0 0 0 0 data 25 0x50005 0x0 0x0 0x218613e8770 0x180c 0x0 0x0 0x80002 0x180c 0x150005 0x0 0x0 0x218672a6a98 0x180c 0x0 0x0 0x0 0x0 0x0 0x0 0x0 0x0 0x9 0x1 0x0 oops 2 3 com/sun/prism/d3d/D3DSwapChain 12 com/sun/prism/d3d/D3DGraphics methods 0
compile com/sun/javafx/tk/quantum/PresentingPainter run ()V -1 4 inline 230 0 -1 0 com/sun/javafx/tk/quantum/PresentingPainter run ()V 1 3 0 java/util/concurrent/locks/ReentrantLock lock ()V 2 4 0 java/util/concurrent/locks/ReentrantLock$Sync lock ()V 3 1 0 java/util/concurrent/locks/ReentrantLock$NonfairSync initialTryLock ()Z 4 7 0 java/util/concurrent/locks/AbstractQueuedSynchronizer compareAndSetState (II)Z 4 15 0 java/util/concurrent/locks/AbstractOwnableSynchronizer setExclusiveOwnerThread (Ljava/lang/Thread;)V 4 21 0 java/util/concurrent/locks/AbstractOwnableSynchronizer getExclusiveOwnerThread ()Ljava/lang/Thread; 4 29 0 java/util/concurrent/locks/AbstractQueuedSynchronizer getState ()I 4 51 0 java/util/concurrent/locks/AbstractQueuedSynchronizer setState (I)V 1 13 0 com/sun/javafx/tk/quantum/ViewPainter validateStageGraphics ()Z 2 4 0 com/sun/javafx/tk/quantum/SceneState isValid ()Z 3 1 0 com/sun/prism/PresentableState getWindow ()Lcom/sun/glass/ui/Window; 3 8 0 com/sun/prism/PresentableState getView ()Lcom/sun/glass/ui/View; 3 15 0 com/sun/prism/PresentableState isViewClosed ()Z 3 22 0 com/sun/prism/PresentableState getWidth ()I 3 29 0 com/sun/prism/PresentableState getHeight ()I 2 18 0 com/sun/prism/PresentableState getWidth ()I 2 34 0 com/sun/prism/PresentableState getHeight ()I 2 48 0 com/sun/prism/PresentableState isWindowVisible ()Z 2 58 0 com/sun/prism/PresentableState isWindowMinimized ()Z 1 40 0 com/sun/prism/impl/Disposer cleanUp ()V 2 3 0 java/lang/Thread getName ()Ljava/lang/String; 2 8 0 java/lang/String startsWith (Ljava/lang/String;)Z 3 3 0 java/lang/String startsWith (Ljava/lang/String;I)Z 4 6 0 java/lang/String length ()I 5 6 0 java/lang/String coder ()B 4 10 0 java/lang/String length ()I 5 6 0 java/lang/String coder ()B 4 39 0 java/lang/String coder ()B 4 47 0 java/lang/String coder ()B 4 70 0 jdk/internal/util/ArraysSupport mismatch ([BI[BII)I 2 32 0 com/sun/prism/impl/Disposer processDisposalQueue ()V 3 4 0 java/util/AbstractCollection isEmpty ()Z 4 1 0 java/util/LinkedList size ()I 1 58 0 com/sun/javafx/tk/quantum/SceneState getScene ()Lcom/sun/javafx/tk/quantum/GlassScene; 1 69 0 com/sun/javafx/tk/quantum/GlassScene setPainting (Z)Z 2 5 0 java/util/concurrent/atomic/AtomicBoolean getAndSet (Z)Z 3 13 0 java/lang/invoke/VarHandleGuards guard_LI_I (Ljava/lang/invoke/VarHandle;Ljava/lang/Object;ILjava/lang/invoke/VarHandle$AccessDescriptor;)I 4 2 0 java/lang/invoke/VarHandle checkAccessModeThenIsDirect (Ljava/lang/invoke/VarHandle$AccessDescriptor;)Z 4 42 0 java/lang/invoke/VarForm getMemberName (I)Ljava/lang/invoke/MemberName; 4 45 0 java/lang/invoke/VarHandleInts$FieldInstanceReadWrite getAndSet (Ljava/lang/invoke/VarHandle;Ljava/lang/Object;I)I 5 16 0 java/util/Objects requireNonNull (Ljava/lang/Object;)Ljava/lang/Object; 1 84 0 com/sun/prism/d3d/D3DResourceFactory getTextureResourcePool ()Lcom/sun/prism/impl/TextureResourcePool; 1 90 0 com/sun/prism/impl/BaseResourcePool freeDisposalRequestedAndCheckResources (Z)V 2 20 0 com/sun/prism/impl/BaseResourcePool$WeakLinkedList getResource ()Lcom/sun/prism/impl/ManagedResource; 2 27 0 com/sun/prism/impl/ManagedResource _isgone (Lcom/sun/prism/impl/ManagedResource;)Z 3 30 0 com/sun/prism/d3d/D3DTextureResource isValid ()Z 4 14 0 com/sun/prism/d3d/D3DResource$D3DRecord getResource ()J 2 60 0 com/sun/prism/impl/ManagedResource isPermanent ()Z 2 68 0 com/sun/prism/impl/ManagedResource isLocked ()Z 2 106 0 com/sun/prism/impl/ManagedResource bumpAge (I)V 1 98 0 java/util/concurrent/locks/ReentrantLock unlock ()V 2 5 0 java/util/concurrent/locks/AbstractQueuedSynchronizer release (I)Z 3 2 0 java/util/concurrent/locks/ReentrantLock$Sync tryRelease (I)Z 4 1 0 java/util/concurrent/locks/AbstractQueuedSynchronizer getState ()I 4 8 0 java/util/concurrent/locks/AbstractOwnableSynchronizer getExclusiveOwnerThread ()Ljava/lang/Thread; 4 41 0 java/util/concurrent/locks/AbstractOwnableSynchronizer setExclusiveOwnerThread (Ljava/lang/Thread;)V 4 46 0 java/util/concurrent/locks/AbstractQueuedSynchronizer setState (I)V 3 12 0 java/util/concurrent/locks/AbstractQueuedSynchronizer signalNext (Ljava/util/concurrent/locks/AbstractQueuedSynchronizer$Node;)V 4 22 0 java/util/concurrent/locks/AbstractQueuedSynchronizer$Node getAndUnsetStatus (I)I 5 10 0 jdk/internal/misc/Unsafe getAndBitwiseAndInt (Ljava/lang/Object;JI)I 4 30 0 java/util/concurrent/locks/LockSupport unpark (Ljava/lang/Thread;)V 5 5 0 java/lang/Thread isVirtual ()Z 1 106 0 com/sun/prism/PresentableState lock ()V 2 11 0 com/sun/glass/ui/View lock ()V 3 1 0 com/sun/glass/ui/View checkNotClosed ()V 2 19 0 com/sun/glass/ui/View getNativeFrameBuffer ()I 3 5 0 com/sun/glass/ui/win/WinView _getNativeFrameBuffer (J)I 1 136 0 com/sun/prism/d3d/D3DResourceFactory isDeviceReady ()Z 2 1 0 com/sun/prism/impl/BaseResourceFactory isDisposed ()Z 2 10 0 com/sun/prism/d3d/D3DResourceFactory displayPrismStatistics ()V 2 17 0 com/sun/prism/d3d/D3DContext testLostStateAndReset ()Z 3 1 0 com/sun/prism/impl/BaseContext isDisposed ()Z 3 270 0 com/sun/prism/d3d/D3DContext FAILED (I)Z 1 236 0 com/sun/prism/d3d/D3DSwapChain lockResources (Lcom/sun/prism/PresentableState;)Z 2 1 0 com/sun/prism/PresentableState getRenderWidth ()I 2 8 0 com/sun/prism/impl/BaseTexture getContentWidth ()I 2 15 0 com/sun/prism/PresentableState getRenderHeight ()I 2 22 0 com/sun/prism/impl/BaseTexture getContentHeight ()I 2 29 0 com/sun/prism/PresentableState getRenderScaleX ()F 2 41 0 com/sun/prism/PresentableState getRenderScaleY ()F 2 58 0 com/sun/prism/impl/BaseTexture lock ()V 3 4 0 com/sun/prism/impl/ManagedResource lock ()Ljava/lang/Object; 2 65 0 com/sun/prism/impl/BaseTexture isSurfaceLost ()Z 3 4 0 com/sun/prism/d3d/D3DTextureResource isValid ()Z 4 14 0 com/sun/prism/d3d/D3DResource$D3DRecord getResource ()J 1 304 0 com/sun/prism/d3d/D3DSwapChain createGraphics ()Lcom/sun/prism/Graphics; 2 5 0 com/sun/prism/d3d/D3DSwapChain getContext ()Lcom/sun/prism/d3d/D3DContext; 3 4 0 com/sun/prism/d3d/D3DResource$D3DRecord getContext ()Lcom/sun/prism/d3d/D3DContext; 2 21 0 com/sun/prism/impl/BaseGraphics scale (FF)V 3 20 0 com/sun/javafx/geom/transform/Affine3D scale (DD)V 4 13 0 com/sun/javafx/geom/transform/AffineBase scale (DD)V 3 24 0 com/sun/prism/impl/BaseGraphics validateTransformAndPaint ()V 4 4 0 com/sun/javafx/geom/transform/AffineBase isTranslateOrIdentity ()Z 5 9 0 com/sun/javafx/geom/transform/AffineBase getType ()I 6 9 0 com/sun/javafx/geom/transform/Affine3D updateState ()V 7 1 0 com/sun/javafx/geom/transform/AffineBase updateState ()V 8 1 0 com/sun/javafx/geom/transform/AffineBase updateState2D ()V 7 8 0 com/sun/javafx/geom/transform/BaseTransform almostZero (D)Z 7 18 0 com/sun/javafx/geom/transform/BaseTransform almostZero (D)Z 7 28 0 com/sun/javafx/geom/transform/BaseTransform almostZero (D)Z 7 38 0 com/sun/javafx/geom/transform/BaseTransform almostZero (D)Z 7 48 0 com/sun/javafx/geom/transform/Affine3D almostOne (D)Z 7 58 0 com/sun/javafx/geom/transform/BaseTransform almostZero (D)Z 4 14 0 com/sun/prism/paint/Paint getType ()Lcom/sun/prism/paint/Paint$Type; 4 33 0 com/sun/javafx/geom/transform/AffineBase getMxt ()D 4 45 0 com/sun/javafx/geom/transform/AffineBase getMyt ()D 1 315 0 com/sun/javafx/tk/quantum/SceneState getScene ()Lcom/sun/javafx/tk/quantum/GlassScene; 1 355 0 com/sun/prism/d3d/D3DSwapChain prepare (Lcom/sun/javafx/geom/Rectangle;)Z 2 1 0 com/sun/prism/d3d/D3DSwapChain getContext ()Lcom/sun/prism/d3d/D3DContext; 3 4 0 com/sun/prism/d3d/D3DResource$D3DRecord getContext ()Lcom/sun/prism/d3d/D3DContext; 2 6 0 com/sun/prism/impl/BaseContext flushVertexBuffer ()V 3 1 0 com/sun/prism/impl/BaseContext checkDisposed ()Z 4 30 0 com/sun/prism/impl/BaseContext isDisposed ()Z 3 12 0 com/sun/prism/impl/VertexBuffer flush ()V 4 23 0 com/sun/prism/impl/BaseContext drawQuads ([F[BI)V 5 1 0 com/sun/prism/impl/BaseContext flushMask ()V 6 18 0 com/sun/prism/impl/BaseTexture lock ()V 7 4 0 com/sun/prism/impl/ManagedResource lock ()Ljava/lang/Object; 6 35 0 com/sun/prism/impl/BaseTexture getPixelFormat ()Lcom/sun/prism/PixelFormat; 6 56 0 com/sun/prism/impl/BaseTexture getContentWidth ()I 6 71 0 com/sun/prism/impl/BaseTexture unlock ()V 7 4 0 com/sun/prism/impl/ManagedResource unlock ()V 8 1 0 com/sun/prism/impl/ManagedResource assertLocked ()V 5 8 0 com/sun/prism/d3d/D3DContext renderQuads ([F[BI)V 2 28 0 com/sun/prism/impl/BaseTexture getContentWidth ()I 2 37 0 com/sun/prism/impl/BaseTexture getContentHeight ()I 2 43 0 com/sun/prism/d3d/D3DSwapChain getContentWidth ()I 3 1 0 com/sun/prism/d3d/D3DSwapChain getPhysicalWidth ()I 4 4 0 com/sun/prism/d3d/D3DResource$D3DRecord getResource ()J 2 49 0 com/sun/prism/d3d/D3DSwapChain getContentHeight ()I 3 1 0 com/sun/prism/d3d/D3DSwapChain getPhysicalHeight ()I 4 4 0 com/sun/prism/d3d/D3DResource$D3DRecord getResource ()J 2 55 0 com/sun/prism/d3d/D3DSwapChain isMSAA ()Z 3 11 0 com/sun/prism/d3d/D3DRTTexture isMSAA ()Z 4 7 0 com/sun/prism/impl/ManagedResource getResource ()Ljava/lang/Object; 5 1 0 com/sun/prism/impl/ManagedResource assertLocked ()V 4 13 0 com/sun/prism/d3d/D3DTextureData getSamples ()I 2 93 0 com/sun/prism/impl/BaseGraphics setCompositeMode (Lcom/sun/prism/CompositeMode;)V 2 117 0 com/sun/prism/impl/ps/BaseShaderGraphics drawTexture (Lcom/sun/prism/Texture;FFFFFFFF)V 3 48 0 com/sun/prism/impl/BaseGraphics drawTexture (Lcom/sun/prism/Texture;FFFFFFFF)V 4 14 0 com/sun/prism/impl/BaseGraphics getTransformNoClone ()Lcom/sun/javafx/geom/transform/BaseTransform; 4 20 0 com/sun/prism/impl/BaseTexture getPixelFormat ()Lcom/sun/prism/PixelFormat; 4 112 0 com/sun/prism/impl/BaseTexture getPhysicalWidth ()I 4 121 0 com/sun/prism/impl/BaseTexture getPhysicalHeight ()I 4 130 0 com/sun/prism/impl/BaseTexture getContentX ()I 4 139 0 com/sun/prism/impl/BaseTexture getContentY ()I 4 191 0 com/sun/prism/impl/BaseContext getVertexBuffer ()Lcom/sun/prism/impl/VertexBuffer; 4 200 0 com/sun/prism/impl/ps/BaseShaderContext isSuperShaderEnabled ()Z 5 1 0 com/sun/prism/impl/BaseContext checkDisposed ()Z 6 30 0 com/sun/prism/impl/BaseContext isDisposed ()Z 5 23 0 java/lang/Enum ordinal ()I 5 44 0 java/lang/Enum ordinal ()I 2 121 0 com/sun/prism/impl/BaseContext flushVertexBuffer ()V 3 1 0 com/sun/prism/impl/BaseContext checkDisposed ()Z 4 30 0 com/sun/prism/impl/BaseContext isDisposed ()Z 3 12 0 com/sun/prism/impl/VertexBuffer flush ()V 4 23 0 com/sun/prism/impl/BaseContext drawQuads ([F[BI)V 5 1 0 com/sun/prism/impl/BaseContext flushMask ()V 6 18 0 com/sun/prism/impl/BaseTexture lock ()V 7 4 0 com/sun/prism/impl/ManagedResource lock ()Ljava/lang/Object; 6 35 0 com/sun/prism/impl/BaseTexture getPixelFormat ()Lcom/sun/prism/PixelFormat; 6 56 0 com/sun/prism/impl/BaseTexture getContentWidth ()I 6 71 0 com/sun/prism/impl/BaseTexture unlock ()V 7 4 0 com/sun/prism/impl/ManagedResource unlock ()V 8 1 0 com/sun/prism/impl/ManagedResource assertLocked ()V 5 8 0 com/sun/prism/d3d/D3DContext renderQuads ([F[BI)V 2 128 0 com/sun/prism/impl/BaseTexture unlock ()V 3 4 0 com/sun/prism/impl/ManagedResource unlock ()V 4 1 0 com/sun/prism/impl/ManagedResource assertLocked ()V 1 441 0 com/sun/javafx/tk/quantum/GlassScene getDoPresent ()Z 1 451 0 com/sun/prism/d3d/D3DSwapChain present ()Z 2 1 0 com/sun/prism/d3d/D3DSwapChain getContext ()Lcom/sun/prism/d3d/D3DContext; 3 4 0 com/sun/prism/d3d/D3DResource$D3DRecord getContext ()Lcom/sun/prism/d3d/D3DContext; 2 6 0 com/sun/prism/impl/BaseContext isDisposed ()Z 2 15 0 com/sun/prism/d3d/D3DContext getContextHandle ()J 2 22 0 com/sun/prism/d3d/D3DResource$D3DRecord getResource ()J 2 31 0 com/sun/prism/d3d/D3DContext validatePresent (I)Z 3 20 0 com/sun/prism/d3d/D3DContext validate (I)V 3 24 0 com/sun/prism/d3d/D3DContext FAILED (I)Z 1 473 0 com/sun/prism/impl/Disposer cleanUp ()V 2 3 0 java/lang/Thread getName ()Ljava/lang/String; 2 8 0 java/lang/String startsWith (Ljava/lang/String;)Z 3 3 0 java/lang/String startsWith (Ljava/lang/String;I)Z 4 6 0 java/lang/String length ()I 5 6 0 java/lang/String coder ()B 4 10 0 java/lang/String length ()I 5 6 0 java/lang/String coder ()B 4 39 0 java/lang/String coder ()B 4 47 0 java/lang/String coder ()B 4 70 0 jdk/internal/util/ArraysSupport mismatch ([BI[BII)I 2 32 0 com/sun/prism/impl/Disposer processDisposalQueue ()V 3 4 0 java/util/AbstractCollection isEmpty ()Z 4 1 0 java/util/LinkedList size ()I 1 484 0 com/sun/prism/PresentableState unlock ()V 2 11 0 com/sun/glass/ui/View unlock ()V 3 1 0 com/sun/glass/ui/View checkNotClosed ()V 1 491 0 com/sun/javafx/tk/quantum/SceneState getScene ()Lcom/sun/javafx/tk/quantum/GlassScene; 1 502 0 com/sun/javafx/tk/quantum/GlassScene setPainting (Z)Z 2 5 0 java/util/concurrent/atomic/AtomicBoolean getAndSet (Z)Z 3 13 0 java/lang/invoke/VarHandleGuards guard_LI_I (Ljava/lang/invoke/VarHandle;Ljava/lang/Object;ILjava/lang/invoke/VarHandle$AccessDescriptor;)I 4 2 0 java/lang/invoke/VarHandle checkAccessModeThenIsDirect (Ljava/lang/invoke/VarHandle$AccessDescriptor;)Z 4 42 0 java/lang/invoke/VarForm getMemberName (I)Ljava/lang/invoke/MemberName; 4 45 0 java/lang/invoke/VarHandleInts$FieldInstanceReadWrite getAndSet (Ljava/lang/invoke/VarHandle;Ljava/lang/Object;I)I 5 16 0 java/util/Objects requireNonNull (Ljava/lang/Object;)Ljava/lang/Object; 1 517 0 com/sun/prism/d3d/D3DResourceFactory getTextureResourcePool ()Lcom/sun/prism/impl/TextureResourcePool; 1 523 0 com/sun/prism/impl/BaseResourcePool freeDisposalRequestedAndCheckResources (Z)V 2 20 0 com/sun/prism/impl/BaseResourcePool$WeakLinkedList getResource ()Lcom/sun/prism/impl/ManagedResource; 2 27 0 com/sun/prism/impl/ManagedResource _isgone (Lcom/sun/prism/impl/ManagedResource;)Z 3 30 0 com/sun/prism/d3d/D3DTextureResource isValid ()Z 4 14 0 com/sun/prism/d3d/D3DResource$D3DRecord getResource ()J 2 60 0 com/sun/prism/impl/ManagedResource isPermanent ()Z 2 68 0 com/sun/prism/impl/ManagedResource isLocked ()Z 2 106 0 com/sun/prism/impl/ManagedResource bumpAge (I)V 1 531 0 java/util/concurrent/locks/ReentrantLock unlock ()V 2 5 0 java/util/concurrent/locks/AbstractQueuedSynchronizer release (I)Z 3 2 0 java/util/concurrent/locks/ReentrantLock$Sync tryRelease (I)Z 4 1 0 java/util/concurrent/locks/AbstractQueuedSynchronizer getState ()I 4 8 0 java/util/concurrent/locks/AbstractOwnableSynchronizer getExclusiveOwnerThread ()Ljava/lang/Thread; 4 41 0 java/util/concurrent/locks/AbstractOwnableSynchronizer setExclusiveOwnerThread (Ljava/lang/Thread;)V 4 46 0 java/util/concurrent/locks/AbstractQueuedSynchronizer setState (I)V 3 12 0 java/util/concurrent/locks/AbstractQueuedSynchronizer signalNext (Ljava/util/concurrent/locks/AbstractQueuedSynchronizer$Node;)V 4 22 0 java/util/concurrent/locks/AbstractQueuedSynchronizer$Node getAndUnsetStatus (I)I 5 10 0 jdk/internal/misc/Unsafe getAndBitwiseAndInt (Ljava/lang/Object;JI)I 4 30 0 java/util/concurrent/locks/LockSupport unpark (Ljava/lang/Thread;)V 5 5 0 java/lang/Thread isVirtual ()Z 1 567 0 com/sun/javafx/tk/quantum/SceneState getScene ()Lcom/sun/javafx/tk/quantum/GlassScene; 1 593 0 com/sun/prism/d3d/D3DResourceFactory getTextureResourcePool ()Lcom/sun/prism/impl/TextureResourcePool; 1 633 0 com/sun/javafx/tk/quantum/SceneState getScene ()Lcom/sun/javafx/tk/quantum/GlassScene; 1 659 0 com/sun/prism/d3d/D3DResourceFactory getTextureResourcePool ()Lcom/sun/prism/impl/TextureResourcePool;
